{"type": "FeatureCollection", "source": {"publisher": "RIVM (Rijksinstituut voor Volksgezondheid en Milieu)", "dataset": "GDN, Grootschalige Depositiekaarten Nederland", "year": 2025, "url": "https://www.rivm.nl/gcn-gdn-kaarten/depositiekaarten/downloaden", "files": ["depo_NTOT_2025.asc", "depo_NHx_2025.asc", "depo_NOy_2025.asc"], "description_nl": "Jaargemiddelde depositie totaal stikstof in Nederland (droog + nat)", "scenario_nl": "Feitelijke omstandigheden", "unit": "mol N per ha per year", "resolution": "1x1 km", "model": "OPS-pro 5.3.1.0, calibrated on measurements", "accuracy": "sigma = 30-35% per grid cell", "release": "1.0, 10-08-2026 (productie 2602)", "report": "Mijnen-Visser et al., Grootschalige concentratie- en depositiekaarten Nederland, Rapportage juni 2026", "licence": "See RIVM disclaimer and copyright page (not checked yet)", "fetched_on": "2026-10-05"}, "notes": ["Values are shown as published by RIVM. No own deposition modelling.", "The uncertainty per grid cell is large; differences between neighbouring cells are often not meaningful.", "The metadata in this file is the metadata RIVM gives for the total-nitrogen map.", "For deposition on nature areas RIVM refers to its report 'Monitor stikstofdepositie in Natura 2000-gebieden'.", "Grid cells cover Nijkerk plus about 15 km around it.", "share_in_municipality is the fraction of the cell that lies inside the municipal boundary."], "municipality_summary": {"ntot": {"label_nl": "Totaal stikstof (N)", "mean_mol_per_ha": 1158, "mean_kg_n_per_ha": 16.2, "lowest_cell_mol_per_ha": 726, "highest_cell_mol_per_ha": 2048, "cells": 104}, "nhx": {"label_nl": "Gereduceerd stikstof (NHx)", "mean_mol_per_ha": 812, "mean_kg_n_per_ha": 11.4, "lowest_cell_mol_per_ha": 478, "highest_cell_mol_per_ha": 1734, "cells": 104}, "noy": {"label_nl": "Geoxideerd stikstof (NOy)", "mean_mol_per_ha": 347, "mean_kg_n_per_ha": 4.9, "lowest_cell_mol_per_ha": 248, "highest_cell_mol_per_ha": 498, "cells": 104}}, "features": [{"type": "Feature", "properties": {"ntot": 1722, "nhx": 1280, "noy": 442, "share_in_municipality": 0.0}, "geometry": {"type": "Polygon", "coordinates": [[[5.16863, 52.02914], [5.1832, 52.02916], [5.18316, 52.03815], [5.16859, 52.03813], [5.16863, 52.02914]]]}}, {"type": "Feature", "properties": {"ntot": 1040, "nhx": 681, "noy": 359, "share_in_municipality": 0.0}, "geometry": {"type": "Polygon", "coordinates": [[[5.1832, 52.02916], [5.19777, 52.02919], [5.19774, 52.03818], [5.18316, 52.03815], [5.1832, 52.02916]]]}}, {"type": "Feature", "properties": {"ntot": 931, "nhx": 590, "noy": 341, "share_in_municipality": 0.0}, "geometry": {"type": "Polygon", "coordinates": [[[5.19777, 52.02919], [5.21235, 52.02921], [5.21231, 52.0382], [5.19774, 52.03818], [5.19777, 52.02919]]]}}, {"type": "Feature", "properties": {"ntot": 1035, "nhx": 693, "noy": 342, "share_in_municipality": 0.0}, "geometry": {"type": "Polygon", "coordinates": [[[5.21235, 52.02921], [5.22692, 52.02923], [5.22688, 52.03822], [5.21231, 52.0382], [5.21235, 52.02921]]]}}, {"type": "Feature", "properties": {"ntot": 1078, "nhx": 725, "noy": 353, "share_in_municipality": 0.0}, "geometry": {"type": "Polygon", "coordinates": [[[5.22692, 52.02923], [5.24149, 52.02925], [5.24146, 52.03824], [5.22688, 52.03822], [5.22692, 52.02923]]]}}, {"type": "Feature", "properties": {"ntot": 1131, "nhx": 768, "noy": 363, "share_in_municipality": 0.0}, "geometry": {"type": "Polygon", "coordinates": [[[5.24149, 52.02925], [5.25606, 52.02927], [5.25603, 52.03826], [5.24146, 52.03824], [5.24149, 52.02925]]]}}, {"type": "Feature", "properties": {"ntot": 1018, "nhx": 670, "noy": 347, "share_in_municipality": 0.0}, "geometry": {"type": "Polygon", "coordinates": [[[5.25606, 52.02927], [5.27063, 52.02928], [5.27061, 52.03827], [5.25603, 52.03826], [5.25606, 52.02927]]]}}, {"type": "Feature", "properties": {"ntot": 881, "nhx": 557, "noy": 324, "share_in_municipality": 0.0}, "geometry": {"type": "Polygon", "coordinates": [[[5.27063, 52.02928], [5.2852, 52.0293], [5.28518, 52.03828], [5.27061, 52.03827], [5.27063, 52.02928]]]}}, {"type": "Feature", "properties": {"ntot": 1120, "nhx": 783, "noy": 337, "share_in_municipality": 0.0}, "geometry": {"type": "Polygon", "coordinates": [[[5.2852, 52.0293], [5.29977, 52.02931], [5.29976, 52.0383], [5.28518, 52.03828], [5.2852, 52.0293]]]}}, {"type": "Feature", "properties": {"ntot": 1242, "nhx": 864, "noy": 378, "share_in_municipality": 0.0}, "geometry": {"type": "Polygon", "coordinates": [[[5.29977, 52.02931], [5.31435, 52.02932], [5.31433, 52.03831], [5.29976, 52.0383], [5.29977, 52.02931]]]}}, {"type": "Feature", "properties": {"ntot": 1313, "nhx": 910, "noy": 403, "share_in_municipality": 0.0}, "geometry": {"type": "Polygon", "coordinates": [[[5.31435, 52.02932], [5.32892, 52.02933], [5.32891, 52.03831], [5.31433, 52.03831], [5.31435, 52.02932]]]}}, {"type": "Feature", "properties": {"ntot": 1299, "nhx": 921, "noy": 378, "share_in_municipality": 0.0}, "geometry": {"type": "Polygon", "coordinates": [[[5.32892, 52.02933], [5.34349, 52.02933], [5.34348, 52.03832], [5.32891, 52.03831], [5.32892, 52.02933]]]}}, {"type": "Feature", "properties": {"ntot": 1592, "nhx": 1132, "noy": 460, "share_in_municipality": 0.0}, "geometry": {"type": "Polygon", "coordinates": [[[5.34349, 52.02933], [5.35806, 52.02934], [5.35805, 52.03832], [5.34348, 52.03832], [5.34349, 52.02933]]]}}, {"type": "Feature", "properties": {"ntot": 1524, "nhx": 1049, "noy": 475, "share_in_municipality": 0.0}, "geometry": {"type": "Polygon", "coordinates": [[[5.35806, 52.02934], [5.37263, 52.02934], [5.37263, 52.03833], [5.35805, 52.03832], [5.35806, 52.02934]]]}}, {"type": "Feature", "properties": {"ntot": 1547, "nhx": 1067, "noy": 480, "share_in_municipality": 0.0}, "geometry": {"type": "Polygon", "coordinates": [[[5.37263, 52.02934], [5.3872, 52.02934], [5.3872, 52.03833], [5.37263, 52.03833], [5.37263, 52.02934]]]}}, {"type": "Feature", "properties": {"ntot": 1629, "nhx": 1132, "noy": 497, "share_in_municipality": 0.0}, "geometry": {"type": "Polygon", "coordinates": [[[5.3872, 52.02934], [5.40177, 52.02934], [5.40178, 52.03833], [5.3872, 52.03833], [5.3872, 52.02934]]]}}, {"type": "Feature", "properties": {"ntot": 1517, "nhx": 1037, "noy": 480, "share_in_municipality": 0.0}, "geometry": {"type": "Polygon", "coordinates": [[[5.40177, 52.02934], [5.41635, 52.02934], [5.41635, 52.03832], [5.40178, 52.03833], [5.40177, 52.02934]]]}}, {"type": "Feature", "properties": {"ntot": 1108, "nhx": 747, "noy": 361, "share_in_municipality": 0.0}, "geometry": {"type": "Polygon", "coordinates": [[[5.41635, 52.02934], [5.43092, 52.02933], [5.43093, 52.03832], [5.41635, 52.03832], [5.41635, 52.02934]]]}}, {"type": "Feature", "properties": {"ntot": 1160, "nhx": 782, "noy": 378, "share_in_municipality": 0.0}, "geometry": {"type": "Polygon", "coordinates": [[[5.43092, 52.02933], [5.44549, 52.02933], [5.4455, 52.03831], [5.43093, 52.03832], [5.43092, 52.02933]]]}}, {"type": "Feature", "properties": {"ntot": 1463, "nhx": 1015, "noy": 448, "share_in_municipality": 0.0}, "geometry": {"type": "Polygon", "coordinates": [[[5.44549, 52.02933], [5.46006, 52.02932], [5.46008, 52.03831], [5.4455, 52.03831], [5.44549, 52.02933]]]}}, {"type": "Feature", "properties": {"ntot": 1313, "nhx": 923, "noy": 390, "share_in_municipality": 0.0}, "geometry": {"type": "Polygon", "coordinates": [[[5.46006, 52.02932], [5.47463, 52.02931], [5.47465, 52.0383], [5.46008, 52.03831], [5.46006, 52.02932]]]}}, {"type": "Feature", "properties": {"ntot": 1640, "nhx": 1156, "noy": 484, "share_in_municipality": 0.0}, "geometry": {"type": "Polygon", "coordinates": [[[5.47463, 52.02931], [5.4892, 52.0293], [5.48922, 52.03828], [5.47465, 52.0383], [5.47463, 52.02931]]]}}, {"type": "Feature", "properties": {"ntot": 1091, "nhx": 752, "noy": 340, "share_in_municipality": 0.0}, "geometry": {"type": "Polygon", "coordinates": [[[5.4892, 52.0293], [5.50378, 52.02928], [5.5038, 52.03827], [5.48922, 52.03828], [5.4892, 52.0293]]]}}, {"type": "Feature", "properties": {"ntot": 1397, "nhx": 1046, "noy": 351, "share_in_municipality": 0.0}, "geometry": {"type": "Polygon", "coordinates": [[[5.50378, 52.02928], [5.51835, 52.02927], [5.51837, 52.03825], [5.5038, 52.03827], [5.50378, 52.02928]]]}}, {"type": "Feature", "properties": {"ntot": 1182, "nhx": 850, "noy": 333, "share_in_municipality": 0.0}, "geometry": {"type": "Polygon", "coordinates": [[[5.51835, 52.02927], [5.53292, 52.02925], [5.53295, 52.03824], [5.51837, 52.03825], [5.51835, 52.02927]]]}}, {"type": "Feature", "properties": {"ntot": 1817, "nhx": 1388, "noy": 429, "share_in_municipality": 0.0}, "geometry": {"type": "Polygon", "coordinates": [[[5.53292, 52.02925], [5.54749, 52.02923], [5.54752, 52.03822], [5.53295, 52.03824], [5.53292, 52.02925]]]}}, {"type": "Feature", "properties": {"ntot": 2051, "nhx": 1582, "noy": 469, "share_in_municipality": 0.0}, "geometry": {"type": "Polygon", "coordinates": [[[5.54749, 52.02923], [5.56206, 52.02921], [5.5621, 52.0382], [5.54752, 52.03822], [5.54749, 52.02923]]]}}, {"type": "Feature", "properties": {"ntot": 1826, "nhx": 1404, "noy": 422, "share_in_municipality": 0.0}, "geometry": {"type": "Polygon", "coordinates": [[[5.56206, 52.02921], [5.57663, 52.02919], [5.57667, 52.03818], [5.5621, 52.0382], [5.56206, 52.02921]]]}}, {"type": "Feature", "properties": {"ntot": 1179, "nhx": 748, "noy": 430, "share_in_municipality": 0.0}, "geometry": {"type": "Polygon", "coordinates": [[[5.57663, 52.02919], [5.5912, 52.02916], [5.59124, 52.03815], [5.57667, 52.03818], [5.57663, 52.02919]]]}}, {"type": "Feature", "properties": {"ntot": 1613, "nhx": 1178, "noy": 435, "share_in_municipality": 0.0}, "geometry": {"type": "Polygon", "coordinates": [[[5.5912, 52.02916], [5.60577, 52.02914], [5.60582, 52.03812], [5.59124, 52.03815], [5.5912, 52.02916]]]}}, {"type": "Feature", "properties": {"ntot": 2192, "nhx": 1712, "noy": 480, "share_in_municipality": 0.0}, "geometry": {"type": "Polygon", "coordinates": [[[5.60577, 52.02914], [5.62035, 52.02911], [5.62039, 52.0381], [5.60582, 52.03812], [5.60577, 52.02914]]]}}, {"type": "Feature", "properties": {"ntot": 2149, "nhx": 1671, "noy": 478, "share_in_municipality": 0.0}, "geometry": {"type": "Polygon", "coordinates": [[[5.62035, 52.02911], [5.63492, 52.02908], [5.63497, 52.03807], [5.62039, 52.0381], [5.62035, 52.02911]]]}}, {"type": "Feature", "properties": {"ntot": 1933, "nhx": 1486, "noy": 447, "share_in_municipality": 0.0}, "geometry": {"type": "Polygon", "coordinates": [[[5.63492, 52.02908], [5.64949, 52.02905], [5.64954, 52.03804], [5.63497, 52.03807], [5.63492, 52.02908]]]}}, {"type": "Feature", "properties": {"ntot": 1748, "nhx": 1343, "noy": 405, "share_in_municipality": 0.0}, "geometry": {"type": "Polygon", "coordinates": [[[5.64949, 52.02905], [5.66406, 52.02901], [5.66412, 52.038], [5.64954, 52.03804], [5.64949, 52.02905]]]}}, {"type": "Feature", "properties": {"ntot": 1505, "nhx": 1114, "noy": 391, "share_in_municipality": 0.0}, "geometry": {"type": "Polygon", "coordinates": [[[5.66406, 52.02901], [5.67863, 52.02898], [5.67869, 52.03797], [5.66412, 52.038], [5.66406, 52.02901]]]}}, {"type": "Feature", "properties": {"ntot": 1488, "nhx": 1042, "noy": 446, "share_in_municipality": 0.0}, "geometry": {"type": "Polygon", "coordinates": [[[5.67863, 52.02898], [5.6932, 52.02894], [5.69326, 52.03793], [5.67869, 52.03797], [5.67863, 52.02898]]]}}, {"type": "Feature", "properties": {"ntot": 1551, "nhx": 1076, "noy": 475, "share_in_municipality": 0.0}, "geometry": {"type": "Polygon", "coordinates": [[[5.6932, 52.02894], [5.70777, 52.0289], [5.70784, 52.03789], [5.69326, 52.03793], [5.6932, 52.02894]]]}}, {"type": "Feature", "properties": {"ntot": 1040, "nhx": 688, "noy": 351, "share_in_municipality": 0.0}, "geometry": {"type": "Polygon", "coordinates": [[[5.70777, 52.0289], [5.72235, 52.02886], [5.72241, 52.03785], [5.70784, 52.03789], [5.70777, 52.0289]]]}}, {"type": "Feature", "properties": {"ntot": 796, "nhx": 492, "noy": 303, "share_in_municipality": 0.0}, "geometry": {"type": "Polygon", "coordinates": [[[5.72235, 52.02886], [5.73692, 52.02882], [5.73699, 52.03781], [5.72241, 52.03785], [5.72235, 52.02886]]]}}, {"type": "Feature", "properties": {"ntot": 1107, "nhx": 719, "noy": 388, "share_in_municipality": 0.0}, "geometry": {"type": "Polygon", "coordinates": [[[5.73692, 52.02882], [5.75149, 52.02878], [5.75156, 52.03776], [5.73699, 52.03781], [5.73692, 52.02882]]]}}, {"type": "Feature", "properties": {"ntot": 1534, "nhx": 1028, "noy": 506, "share_in_municipality": 0.0}, "geometry": {"type": "Polygon", "coordinates": [[[5.75149, 52.02878], [5.76606, 52.02873], [5.76613, 52.03772], [5.75156, 52.03776], [5.75149, 52.02878]]]}}, {"type": "Feature", "properties": {"ntot": 1534, "nhx": 1026, "noy": 508, "share_in_municipality": 0.0}, "geometry": {"type": "Polygon", "coordinates": [[[5.76606, 52.02873], [5.78063, 52.02868], [5.78071, 52.03767], [5.76613, 52.03772], [5.76606, 52.02873]]]}}, {"type": "Feature", "properties": {"ntot": 1424, "nhx": 944, "noy": 480, "share_in_municipality": 0.0}, "geometry": {"type": "Polygon", "coordinates": [[[5.78063, 52.02868], [5.7952, 52.02863], [5.79528, 52.03762], [5.78071, 52.03767], [5.78063, 52.02868]]]}}, {"type": "Feature", "properties": {"ntot": 1174, "nhx": 782, "noy": 392, "share_in_municipality": 0.0}, "geometry": {"type": "Polygon", "coordinates": [[[5.7952, 52.02863], [5.80977, 52.02858], [5.80986, 52.03757], [5.79528, 52.03762], [5.7952, 52.02863]]]}}, {"type": "Feature", "properties": {"ntot": 1200, "nhx": 788, "noy": 412, "share_in_municipality": 0.0}, "geometry": {"type": "Polygon", "coordinates": [[[5.80977, 52.02858], [5.82434, 52.02853], [5.82443, 52.03752], [5.80986, 52.03757], [5.80977, 52.02858]]]}}, {"type": "Feature", "properties": {"ntot": 1274, "nhx": 841, "noy": 433, "share_in_municipality": 0.0}, "geometry": {"type": "Polygon", "coordinates": [[[5.82434, 52.02853], [5.83891, 52.02847], [5.839, 52.03746], [5.82443, 52.03752], [5.82434, 52.02853]]]}}, {"type": "Feature", "properties": {"ntot": 1575, "nhx": 969, "noy": 606, "share_in_municipality": 0.0}, "geometry": {"type": "Polygon", "coordinates": [[[5.83891, 52.02847], [5.85348, 52.02842], [5.85358, 52.0374], [5.839, 52.03746], [5.83891, 52.02847]]]}}, {"type": "Feature", "properties": {"ntot": 1614, "nhx": 1157, "noy": 458, "share_in_municipality": 0.0}, "geometry": {"type": "Polygon", "coordinates": [[[5.16859, 52.03813], [5.18316, 52.03815], [5.18312, 52.04714], [5.16854, 52.04711], [5.16859, 52.03813]]]}}, {"type": "Feature", "properties": {"ntot": 1065, "nhx": 694, "noy": 371, "share_in_municipality": 0.0}, "geometry": {"type": "Polygon", "coordinates": [[[5.18316, 52.03815], [5.19774, 52.03818], [5.1977, 52.04716], [5.18312, 52.04714], [5.18316, 52.03815]]]}}, {"type": "Feature", "properties": {"ntot": 1040, "nhx": 692, "noy": 348, "share_in_municipality": 0.0}, "geometry": {"type": "Polygon", "coordinates": [[[5.19774, 52.03818], [5.21231, 52.0382], [5.21228, 52.04719], [5.1977, 52.04716], [5.19774, 52.03818]]]}}, {"type": "Feature", "properties": {"ntot": 974, "nhx": 627, "noy": 346, "share_in_municipality": 0.0}, "geometry": {"type": "Polygon", "coordinates": [[[5.21231, 52.0382], [5.22688, 52.03822], [5.22685, 52.04721], [5.21228, 52.04719], [5.21231, 52.0382]]]}}, {"type": "Feature", "properties": {"ntot": 1093, "nhx": 733, "noy": 360, "share_in_municipality": 0.0}, "geometry": {"type": "Polygon", "coordinates": [[[5.22688, 52.03822], [5.24146, 52.03824], [5.24143, 52.04723], [5.22685, 52.04721], [5.22688, 52.03822]]]}}, {"type": "Feature", "properties": {"ntot": 1025, "nhx": 687, "noy": 338, "share_in_municipality": 0.0}, "geometry": {"type": "Polygon", "coordinates": [[[5.24146, 52.03824], [5.25603, 52.03826], [5.25601, 52.04724], [5.24143, 52.04723], [5.24146, 52.03824]]]}}, {"type": "Feature", "properties": {"ntot": 1019, "nhx": 675, "noy": 344, "share_in_municipality": 0.0}, "geometry": {"type": "Polygon", "coordinates": [[[5.25603, 52.03826], [5.27061, 52.03827], [5.27058, 52.04726], [5.25601, 52.04724], [5.25603, 52.03826]]]}}, {"type": "Feature", "properties": {"ntot": 1170, "nhx": 827, "noy": 342, "share_in_municipality": 0.0}, "geometry": {"type": "Polygon", "coordinates": [[[5.27061, 52.03827], [5.28518, 52.03828], [5.28516, 52.04727], [5.27058, 52.04726], [5.27061, 52.03827]]]}}, {"type": "Feature", "properties": {"ntot": 1000, "nhx": 675, "noy": 325, "share_in_municipality": 0.0}, "geometry": {"type": "Polygon", "coordinates": [[[5.28518, 52.03828], [5.29976, 52.0383], [5.29974, 52.04728], [5.28516, 52.04727], [5.28518, 52.03828]]]}}, {"type": "Feature", "properties": {"ntot": 1253, "nhx": 868, "noy": 385, "share_in_municipality": 0.0}, "geometry": {"type": "Polygon", "coordinates": [[[5.29976, 52.0383], [5.31433, 52.03831], [5.31432, 52.04729], [5.29974, 52.04728], [5.29976, 52.0383]]]}}, {"type": "Feature", "properties": {"ntot": 1494, "nhx": 1029, "noy": 465, "share_in_municipality": 0.0}, "geometry": {"type": "Polygon", "coordinates": [[[5.31433, 52.03831], [5.32891, 52.03831], [5.32889, 52.0473], [5.31432, 52.04729], [5.31433, 52.03831]]]}}, {"type": "Feature", "properties": {"ntot": 1140, "nhx": 788, "noy": 352, "share_in_municipality": 0.0}, "geometry": {"type": "Polygon", "coordinates": [[[5.32891, 52.03831], [5.34348, 52.03832], [5.34347, 52.04731], [5.32889, 52.0473], [5.32891, 52.03831]]]}}, {"type": "Feature", "properties": {"ntot": 1486, "nhx": 1014, "noy": 472, "share_in_municipality": 0.0}, "geometry": {"type": "Polygon", "coordinates": [[[5.34348, 52.03832], [5.35805, 52.03832], [5.35805, 52.04731], [5.34347, 52.04731], [5.34348, 52.03832]]]}}, {"type": "Feature", "properties": {"ntot": 1594, "nhx": 1090, "noy": 504, "share_in_municipality": 0.0}, "geometry": {"type": "Polygon", "coordinates": [[[5.35805, 52.03832], [5.37263, 52.03833], [5.37263, 52.04732], [5.35805, 52.04731], [5.35805, 52.03832]]]}}, {"type": "Feature", "properties": {"ntot": 1545, "nhx": 1057, "noy": 488, "share_in_municipality": 0.0}, "geometry": {"type": "Polygon", "coordinates": [[[5.37263, 52.03833], [5.3872, 52.03833], [5.3872, 52.04732], [5.37263, 52.04732], [5.37263, 52.03833]]]}}, {"type": "Feature", "properties": {"ntot": 1530, "nhx": 1044, "noy": 486, "share_in_municipality": 0.0}, "geometry": {"type": "Polygon", "coordinates": [[[5.3872, 52.03833], [5.40178, 52.03833], [5.40178, 52.04732], [5.3872, 52.04732], [5.3872, 52.03833]]]}}, {"type": "Feature", "properties": {"ntot": 1272, "nhx": 862, "noy": 410, "share_in_municipality": 0.0}, "geometry": {"type": "Polygon", "coordinates": [[[5.40178, 52.03833], [5.41635, 52.03832], [5.41636, 52.04731], [5.40178, 52.04732], [5.40178, 52.03833]]]}}, {"type": "Feature", "properties": {"ntot": 1102, "nhx": 735, "noy": 367, "share_in_municipality": 0.0}, "geometry": {"type": "Polygon", "coordinates": [[[5.41635, 52.03832], [5.43093, 52.03832], [5.43094, 52.04731], [5.41636, 52.04731], [5.41635, 52.03832]]]}}, {"type": "Feature", "properties": {"ntot": 1201, "nhx": 834, "noy": 367, "share_in_municipality": 0.0}, "geometry": {"type": "Polygon", "coordinates": [[[5.43093, 52.03832], [5.4455, 52.03831], [5.44551, 52.0473], [5.43094, 52.04731], [5.43093, 52.03832]]]}}, {"type": "Feature", "properties": {"ntot": 1027, "nhx": 692, "noy": 335, "share_in_municipality": 0.0}, "geometry": {"type": "Polygon", "coordinates": [[[5.4455, 52.03831], [5.46008, 52.03831], [5.46009, 52.04729], [5.44551, 52.0473], [5.4455, 52.03831]]]}}, {"type": "Feature", "properties": {"ntot": 1060, "nhx": 717, "noy": 343, "share_in_municipality": 0.0}, "geometry": {"type": "Polygon", "coordinates": [[[5.46008, 52.03831], [5.47465, 52.0383], [5.47467, 52.04728], [5.46009, 52.04729], [5.46008, 52.03831]]]}}, {"type": "Feature", "properties": {"ntot": 1134, "nhx": 798, "noy": 336, "share_in_municipality": 0.0}, "geometry": {"type": "Polygon", "coordinates": [[[5.47465, 52.0383], [5.48922, 52.03828], [5.48924, 52.04727], [5.47467, 52.04728], [5.47465, 52.0383]]]}}, {"type": "Feature", "properties": {"ntot": 1219, "nhx": 884, "noy": 335, "share_in_municipality": 0.0}, "geometry": {"type": "Polygon", "coordinates": [[[5.48922, 52.03828], [5.5038, 52.03827], [5.50382, 52.04726], [5.48924, 52.04727], [5.48922, 52.03828]]]}}, {"type": "Feature", "properties": {"ntot": 1215, "nhx": 832, "noy": 383, "share_in_municipality": 0.0}, "geometry": {"type": "Polygon", "coordinates": [[[5.5038, 52.03827], [5.51837, 52.03825], [5.5184, 52.04724], [5.50382, 52.04726], [5.5038, 52.03827]]]}}, {"type": "Feature", "properties": {"ntot": 1396, "nhx": 985, "noy": 411, "share_in_municipality": 0.0}, "geometry": {"type": "Polygon", "coordinates": [[[5.51837, 52.03825], [5.53295, 52.03824], [5.53298, 52.04723], [5.5184, 52.04724], [5.51837, 52.03825]]]}}, {"type": "Feature", "properties": {"ntot": 1727, "nhx": 1255, "noy": 472, "share_in_municipality": 0.0}, "geometry": {"type": "Polygon", "coordinates": [[[5.53295, 52.03824], [5.54752, 52.03822], [5.54755, 52.04721], [5.53298, 52.04723], [5.53295, 52.03824]]]}}, {"type": "Feature", "properties": {"ntot": 1941, "nhx": 1444, "noy": 497, "share_in_municipality": 0.0}, "geometry": {"type": "Polygon", "coordinates": [[[5.54752, 52.03822], [5.5621, 52.0382], [5.56213, 52.04719], [5.54755, 52.04721], [5.54752, 52.03822]]]}}, {"type": "Feature", "properties": {"ntot": 1911, "nhx": 1433, "noy": 478, "share_in_municipality": 0.0}, "geometry": {"type": "Polygon", "coordinates": [[[5.5621, 52.0382], [5.57667, 52.03818], [5.57671, 52.04716], [5.56213, 52.04719], [5.5621, 52.0382]]]}}, {"type": "Feature", "properties": {"ntot": 1214, "nhx": 857, "noy": 357, "share_in_municipality": 0.0}, "geometry": {"type": "Polygon", "coordinates": [[[5.57667, 52.03818], [5.59124, 52.03815], [5.59129, 52.04714], [5.57671, 52.04716], [5.57667, 52.03818]]]}}, {"type": "Feature", "properties": {"ntot": 1880, "nhx": 1531, "noy": 349, "share_in_municipality": 0.0}, "geometry": {"type": "Polygon", "coordinates": [[[5.59124, 52.03815], [5.60582, 52.03812], [5.60586, 52.04711], [5.59129, 52.04714], [5.59124, 52.03815]]]}}, {"type": "Feature", "properties": {"ntot": 2129, "nhx": 1678, "noy": 451, "share_in_municipality": 0.0}, "geometry": {"type": "Polygon", "coordinates": [[[5.60582, 52.03812], [5.62039, 52.0381], [5.62044, 52.04708], [5.60586, 52.04711], [5.60582, 52.03812]]]}}, {"type": "Feature", "properties": {"ntot": 1519, "nhx": 1150, "noy": 369, "share_in_municipality": 0.0}, "geometry": {"type": "Polygon", "coordinates": [[[5.62039, 52.0381], [5.63497, 52.03807], [5.63502, 52.04706], [5.62044, 52.04708], [5.62039, 52.0381]]]}}, {"type": "Feature", "properties": {"ntot": 1859, "nhx": 1445, "noy": 414, "share_in_municipality": 0.0}, "geometry": {"type": "Polygon", "coordinates": [[[5.63497, 52.03807], [5.64954, 52.03804], [5.64959, 52.04702], [5.63502, 52.04706], [5.63497, 52.03807]]]}}, {"type": "Feature", "properties": {"ntot": 1463, "nhx": 1120, "noy": 343, "share_in_municipality": 0.0}, "geometry": {"type": "Polygon", "coordinates": [[[5.64954, 52.03804], [5.66412, 52.038], [5.66417, 52.04699], [5.64959, 52.04702], [5.64954, 52.03804]]]}}, {"type": "Feature", "properties": {"ntot": 1763, "nhx": 1348, "noy": 415, "share_in_municipality": 0.0}, "geometry": {"type": "Polygon", "coordinates": [[[5.66412, 52.038], [5.67869, 52.03797], [5.67875, 52.04695], [5.66417, 52.04699], [5.66412, 52.038]]]}}, {"type": "Feature", "properties": {"ntot": 1493, "nhx": 1073, "noy": 420, "share_in_municipality": 0.0}, "geometry": {"type": "Polygon", "coordinates": [[[5.67869, 52.03797], [5.69326, 52.03793], [5.69333, 52.04692], [5.67875, 52.04695], [5.67869, 52.03797]]]}}, {"type": "Feature", "properties": {"ntot": 1033, "nhx": 682, "noy": 350, "share_in_municipality": 0.0}, "geometry": {"type": "Polygon", "coordinates": [[[5.69326, 52.03793], [5.70784, 52.03789], [5.7079, 52.04688], [5.69333, 52.04692], [5.69326, 52.03793]]]}}, {"type": "Feature", "properties": {"ntot": 805, "nhx": 502, "noy": 303, "share_in_municipality": 0.0}, "geometry": {"type": "Polygon", "coordinates": [[[5.70784, 52.03789], [5.72241, 52.03785], [5.72248, 52.04684], [5.7079, 52.04688], [5.70784, 52.03789]]]}}, {"type": "Feature", "properties": {"ntot": 1049, "nhx": 697, "noy": 352, "share_in_municipality": 0.0}, "geometry": {"type": "Polygon", "coordinates": [[[5.72241, 52.03785], [5.73699, 52.03781], [5.73706, 52.0468], [5.72248, 52.04684], [5.72241, 52.03785]]]}}, {"type": "Feature", "properties": {"ntot": 1452, "nhx": 993, "noy": 458, "share_in_municipality": 0.0}, "geometry": {"type": "Polygon", "coordinates": [[[5.73699, 52.03781], [5.75156, 52.03776], [5.75163, 52.04675], [5.73706, 52.0468], [5.73699, 52.03781]]]}}, {"type": "Feature", "properties": {"ntot": 1528, "nhx": 1045, "noy": 483, "share_in_municipality": 0.0}, "geometry": {"type": "Polygon", "coordinates": [[[5.75156, 52.03776], [5.76613, 52.03772], [5.76621, 52.04671], [5.75163, 52.04675], [5.75156, 52.03776]]]}}, {"type": "Feature", "properties": {"ntot": 1226, "nhx": 836, "noy": 390, "share_in_municipality": 0.0}, "geometry": {"type": "Polygon", "coordinates": [[[5.76613, 52.03772], [5.78071, 52.03767], [5.78079, 52.04666], [5.76621, 52.04671], [5.76613, 52.03772]]]}}, {"type": "Feature", "properties": {"ntot": 1047, "nhx": 692, "noy": 355, "share_in_municipality": 0.0}, "geometry": {"type": "Polygon", "coordinates": [[[5.78071, 52.03767], [5.79528, 52.03762], [5.79536, 52.04661], [5.78079, 52.04666], [5.78071, 52.03767]]]}}, {"type": "Feature", "properties": {"ntot": 890, "nhx": 567, "noy": 323, "share_in_municipality": 0.0}, "geometry": {"type": "Polygon", "coordinates": [[[5.79528, 52.03762], [5.80986, 52.03757], [5.80994, 52.04656], [5.79536, 52.04661], [5.79528, 52.03762]]]}}, {"type": "Feature", "properties": {"ntot": 804, "nhx": 499, "noy": 304, "share_in_municipality": 0.0}, "geometry": {"type": "Polygon", "coordinates": [[[5.80986, 52.03757], [5.82443, 52.03752], [5.82452, 52.0465], [5.80994, 52.04656], [5.80986, 52.03757]]]}}, {"type": "Feature", "properties": {"ntot": 933, "nhx": 600, "noy": 333, "share_in_municipality": 0.0}, "geometry": {"type": "Polygon", "coordinates": [[[5.82443, 52.03752], [5.839, 52.03746], [5.83909, 52.04645], [5.82452, 52.0465], [5.82443, 52.03752]]]}}, {"type": "Feature", "properties": {"ntot": 1412, "nhx": 941, "noy": 470, "share_in_municipality": 0.0}, "geometry": {"type": "Polygon", "coordinates": [[[5.839, 52.03746], [5.85358, 52.0374], [5.85367, 52.04639], [5.83909, 52.04645], [5.839, 52.03746]]]}}, {"type": "Feature", "properties": {"ntot": 1126, "nhx": 732, "noy": 394, "share_in_municipality": 0.0}, "geometry": {"type": "Polygon", "coordinates": [[[5.16854, 52.04711], [5.18312, 52.04714], [5.18308, 52.05613], [5.1685, 52.0561], [5.16854, 52.04711]]]}}, {"type": "Feature", "properties": {"ntot": 1049, "nhx": 678, "noy": 372, "share_in_municipality": 0.0}, "geometry": {"type": "Polygon", "coordinates": [[[5.18312, 52.04714], [5.1977, 52.04716], [5.19766, 52.05615], [5.18308, 52.05613], [5.18312, 52.04714]]]}}, {"type": "Feature", "properties": {"ntot": 1019, "nhx": 653, "noy": 366, "share_in_municipality": 0.0}, "geometry": {"type": "Polygon", "coordinates": [[[5.1977, 52.04716], [5.21228, 52.04719], [5.21224, 52.05617], [5.19766, 52.05615], [5.1977, 52.04716]]]}}, {"type": "Feature", "properties": {"ntot": 1100, "nhx": 729, "noy": 370, "share_in_municipality": 0.0}, "geometry": {"type": "Polygon", "coordinates": [[[5.21228, 52.04719], [5.22685, 52.04721], [5.22682, 52.0562], [5.21224, 52.05617], [5.21228, 52.04719]]]}}, {"type": "Feature", "properties": {"ntot": 1638, "nhx": 1209, "noy": 429, "share_in_municipality": 0.0}, "geometry": {"type": "Polygon", "coordinates": [[[5.22685, 52.04721], [5.24143, 52.04723], [5.2414, 52.05621], [5.22682, 52.0562], [5.22685, 52.04721]]]}}, {"type": "Feature", "properties": {"ntot": 1100, "nhx": 733, "noy": 367, "share_in_municipality": 0.0}, "geometry": {"type": "Polygon", "coordinates": [[[5.24143, 52.04723], [5.25601, 52.04724], [5.25598, 52.05623], [5.2414, 52.05621], [5.24143, 52.04723]]]}}, {"type": "Feature", "properties": {"ntot": 1169, "nhx": 811, "noy": 358, "share_in_municipality": 0.0}, "geometry": {"type": "Polygon", "coordinates": [[[5.25601, 52.04724], [5.27058, 52.04726], [5.27056, 52.05625], [5.25598, 52.05623], [5.25601, 52.04724]]]}}, {"type": "Feature", "properties": {"ntot": 1669, "nhx": 1230, "noy": 439, "share_in_municipality": 0.0}, "geometry": {"type": "Polygon", "coordinates": [[[5.27058, 52.04726], [5.28516, 52.04727], [5.28514, 52.05626], [5.27056, 52.05625], [5.27058, 52.04726]]]}}, {"type": "Feature", "properties": {"ntot": 1182, "nhx": 842, "noy": 340, "share_in_municipality": 0.0}, "geometry": {"type": "Polygon", "coordinates": [[[5.28516, 52.04727], [5.29974, 52.04728], [5.29972, 52.05627], [5.28514, 52.05626], [5.28516, 52.04727]]]}}, {"type": "Feature", "properties": {"ntot": 1471, "nhx": 1003, "noy": 468, "share_in_municipality": 0.0}, "geometry": {"type": "Polygon", "coordinates": [[[5.29974, 52.04728], [5.31432, 52.04729], [5.3143, 52.05628], [5.29972, 52.05627], [5.29974, 52.04728]]]}}, {"type": "Feature", "properties": {"ntot": 1581, "nhx": 1083, "noy": 498, "share_in_municipality": 0.0}, "geometry": {"type": "Polygon", "coordinates": [[[5.31432, 52.04729], [5.32889, 52.0473], [5.32888, 52.05629], [5.3143, 52.05628], [5.31432, 52.04729]]]}}, {"type": "Feature", "properties": {"ntot": 1568, "nhx": 1068, "noy": 500, "share_in_municipality": 0.0}, "geometry": {"type": "Polygon", "coordinates": [[[5.32889, 52.0473], [5.34347, 52.04731], [5.34346, 52.0563], [5.32888, 52.05629], [5.32889, 52.0473]]]}}, {"type": "Feature", "properties": {"ntot": 1567, "nhx": 1053, "noy": 514, "share_in_municipality": 0.0}, "geometry": {"type": "Polygon", "coordinates": [[[5.34347, 52.04731], [5.35805, 52.04731], [5.35804, 52.0563], [5.34346, 52.0563], [5.34347, 52.04731]]]}}, {"type": "Feature", "properties": {"ntot": 1502, "nhx": 1013, "noy": 489, "share_in_municipality": 0.0}, "geometry": {"type": "Polygon", "coordinates": [[[5.35805, 52.04731], [5.37263, 52.04732], [5.37262, 52.0563], [5.35804, 52.0563], [5.35805, 52.04731]]]}}, {"type": "Feature", "properties": {"ntot": 1522, "nhx": 1029, "noy": 493, "share_in_municipality": 0.0}, "geometry": {"type": "Polygon", "coordinates": [[[5.37263, 52.04732], [5.3872, 52.04732], [5.3872, 52.0563], [5.37262, 52.0563], [5.37263, 52.04732]]]}}, {"type": "Feature", "properties": {"ntot": 1168, "nhx": 766, "noy": 402, "share_in_municipality": 0.0}, "geometry": {"type": "Polygon", "coordinates": [[[5.3872, 52.04732], [5.40178, 52.04732], [5.40178, 52.0563], [5.3872, 52.0563], [5.3872, 52.04732]]]}}, {"type": "Feature", "properties": {"ntot": 1283, "nhx": 837, "noy": 445, "share_in_municipality": 0.0}, "geometry": {"type": "Polygon", "coordinates": [[[5.40178, 52.04732], [5.41636, 52.04731], [5.41636, 52.0563], [5.40178, 52.0563], [5.40178, 52.04732]]]}}, {"type": "Feature", "properties": {"ntot": 1222, "nhx": 794, "noy": 429, "share_in_municipality": 0.0}, "geometry": {"type": "Polygon", "coordinates": [[[5.41636, 52.04731], [5.43094, 52.04731], [5.43094, 52.0563], [5.41636, 52.0563], [5.41636, 52.04731]]]}}, {"type": "Feature", "properties": {"ntot": 1346, "nhx": 886, "noy": 461, "share_in_municipality": 0.0}, "geometry": {"type": "Polygon", "coordinates": [[[5.43094, 52.04731], [5.44551, 52.0473], [5.44552, 52.05629], [5.43094, 52.0563], [5.43094, 52.04731]]]}}, {"type": "Feature", "properties": {"ntot": 1198, "nhx": 811, "noy": 388, "share_in_municipality": 0.0}, "geometry": {"type": "Polygon", "coordinates": [[[5.44551, 52.0473], [5.46009, 52.04729], [5.4601, 52.05628], [5.44552, 52.05629], [5.44551, 52.0473]]]}}, {"type": "Feature", "properties": {"ntot": 1137, "nhx": 740, "noy": 397, "share_in_municipality": 0.0}, "geometry": {"type": "Polygon", "coordinates": [[[5.46009, 52.04729], [5.47467, 52.04728], [5.47468, 52.05627], [5.4601, 52.05628], [5.46009, 52.04729]]]}}, {"type": "Feature", "properties": {"ntot": 1781, "nhx": 1409, "noy": 372, "share_in_municipality": 0.0}, "geometry": {"type": "Polygon", "coordinates": [[[5.47467, 52.04728], [5.48924, 52.04727], [5.48927, 52.05626], [5.47468, 52.05627], [5.47467, 52.04728]]]}}, {"type": "Feature", "properties": {"ntot": 1818, "nhx": 1458, "noy": 360, "share_in_municipality": 0.0}, "geometry": {"type": "Polygon", "coordinates": [[[5.48924, 52.04727], [5.50382, 52.04726], [5.50385, 52.05625], [5.48927, 52.05626], [5.48924, 52.04727]]]}}, {"type": "Feature", "properties": {"ntot": 1552, "nhx": 1225, "noy": 327, "share_in_municipality": 0.0}, "geometry": {"type": "Polygon", "coordinates": [[[5.50382, 52.04726], [5.5184, 52.04724], [5.51843, 52.05623], [5.50385, 52.05625], [5.50382, 52.04726]]]}}, {"type": "Feature", "properties": {"ntot": 1253, "nhx": 928, "noy": 325, "share_in_municipality": 0.0}, "geometry": {"type": "Polygon", "coordinates": [[[5.5184, 52.04724], [5.53298, 52.04723], [5.53301, 52.05621], [5.51843, 52.05623], [5.5184, 52.04724]]]}}, {"type": "Feature", "properties": {"ntot": 1089, "nhx": 760, "noy": 329, "share_in_municipality": 0.0}, "geometry": {"type": "Polygon", "coordinates": [[[5.53298, 52.04723], [5.54755, 52.04721], [5.54759, 52.05619], [5.53301, 52.05621], [5.53298, 52.04723]]]}}, {"type": "Feature", "properties": {"ntot": 1287, "nhx": 961, "noy": 326, "share_in_municipality": 0.0}, "geometry": {"type": "Polygon", "coordinates": [[[5.54755, 52.04721], [5.56213, 52.04719], [5.56217, 52.05617], [5.54759, 52.05619], [5.54755, 52.04721]]]}}, {"type": "Feature", "properties": {"ntot": 1242, "nhx": 884, "noy": 357, "share_in_municipality": 0.0}, "geometry": {"type": "Polygon", "coordinates": [[[5.56213, 52.04719], [5.57671, 52.04716], [5.57675, 52.05615], [5.56217, 52.05617], [5.56213, 52.04719]]]}}, {"type": "Feature", "properties": {"ntot": 1206, "nhx": 868, "noy": 338, "share_in_municipality": 0.0}, "geometry": {"type": "Polygon", "coordinates": [[[5.57671, 52.04716], [5.59129, 52.04714], [5.59133, 52.05613], [5.57675, 52.05615], [5.57671, 52.04716]]]}}, {"type": "Feature", "properties": {"ntot": 1370, "nhx": 1055, "noy": 315, "share_in_municipality": 0.0}, "geometry": {"type": "Polygon", "coordinates": [[[5.59129, 52.04714], [5.60586, 52.04711], [5.60591, 52.0561], [5.59133, 52.05613], [5.59129, 52.04714]]]}}, {"type": "Feature", "properties": {"ntot": 1466, "nhx": 1102, "noy": 364, "share_in_municipality": 0.0}, "geometry": {"type": "Polygon", "coordinates": [[[5.60586, 52.04711], [5.62044, 52.04708], [5.62049, 52.05607], [5.60591, 52.0561], [5.60586, 52.04711]]]}}, {"type": "Feature", "properties": {"ntot": 1518, "nhx": 1176, "noy": 342, "share_in_municipality": 0.0}, "geometry": {"type": "Polygon", "coordinates": [[[5.62044, 52.04708], [5.63502, 52.04706], [5.63507, 52.05604], [5.62049, 52.05607], [5.62044, 52.04708]]]}}, {"type": "Feature", "properties": {"ntot": 1384, "nhx": 1028, "noy": 356, "share_in_municipality": 0.0}, "geometry": {"type": "Polygon", "coordinates": [[[5.63502, 52.04706], [5.64959, 52.04702], [5.64965, 52.05601], [5.63507, 52.05604], [5.63502, 52.04706]]]}}, {"type": "Feature", "properties": {"ntot": 1282, "nhx": 919, "noy": 362, "share_in_municipality": 0.0}, "geometry": {"type": "Polygon", "coordinates": [[[5.64959, 52.04702], [5.66417, 52.04699], [5.66423, 52.05598], [5.64965, 52.05601], [5.64959, 52.04702]]]}}, {"type": "Feature", "properties": {"ntot": 1674, "nhx": 1229, "noy": 445, "share_in_municipality": 0.0}, "geometry": {"type": "Polygon", "coordinates": [[[5.66417, 52.04699], [5.67875, 52.04695], [5.67881, 52.05594], [5.66423, 52.05598], [5.66417, 52.04699]]]}}, {"type": "Feature", "properties": {"ntot": 1544, "nhx": 1069, "noy": 475, "share_in_municipality": 0.0}, "geometry": {"type": "Polygon", "coordinates": [[[5.67875, 52.04695], [5.69333, 52.04692], [5.69339, 52.05591], [5.67881, 52.05594], [5.67875, 52.04695]]]}}, {"type": "Feature", "properties": {"ntot": 1045, "nhx": 700, "noy": 345, "share_in_municipality": 0.0}, "geometry": {"type": "Polygon", "coordinates": [[[5.69333, 52.04692], [5.7079, 52.04688], [5.70797, 52.05587], [5.69339, 52.05591], [5.69333, 52.04692]]]}}, {"type": "Feature", "properties": {"ntot": 1238, "nhx": 863, "noy": 375, "share_in_municipality": 0.0}, "geometry": {"type": "Polygon", "coordinates": [[[5.7079, 52.04688], [5.72248, 52.04684], [5.72255, 52.05583], [5.70797, 52.05587], [5.7079, 52.04688]]]}}, {"type": "Feature", "properties": {"ntot": 1159, "nhx": 795, "noy": 364, "share_in_municipality": 0.0}, "geometry": {"type": "Polygon", "coordinates": [[[5.72248, 52.04684], [5.73706, 52.0468], [5.73713, 52.05578], [5.72255, 52.05583], [5.72248, 52.04684]]]}}, {"type": "Feature", "properties": {"ntot": 1509, "nhx": 1040, "noy": 469, "share_in_municipality": 0.0}, "geometry": {"type": "Polygon", "coordinates": [[[5.73706, 52.0468], [5.75163, 52.04675], [5.75171, 52.05574], [5.73713, 52.05578], [5.73706, 52.0468]]]}}, {"type": "Feature", "properties": {"ntot": 1344, "nhx": 912, "noy": 432, "share_in_municipality": 0.0}, "geometry": {"type": "Polygon", "coordinates": [[[5.75163, 52.04675], [5.76621, 52.04671], [5.76629, 52.05569], [5.75171, 52.05574], [5.75163, 52.04675]]]}}, {"type": "Feature", "properties": {"ntot": 1392, "nhx": 944, "noy": 448, "share_in_municipality": 0.0}, "geometry": {"type": "Polygon", "coordinates": [[[5.76621, 52.04671], [5.78079, 52.04666], [5.78087, 52.05565], [5.76629, 52.05569], [5.76621, 52.04671]]]}}, {"type": "Feature", "properties": {"ntot": 1358, "nhx": 915, "noy": 443, "share_in_municipality": 0.0}, "geometry": {"type": "Polygon", "coordinates": [[[5.78079, 52.04666], [5.79536, 52.04661], [5.79545, 52.0556], [5.78087, 52.05565], [5.78079, 52.04666]]]}}, {"type": "Feature", "properties": {"ntot": 991, "nhx": 640, "noy": 351, "share_in_municipality": 0.0}, "geometry": {"type": "Polygon", "coordinates": [[[5.79536, 52.04661], [5.80994, 52.04656], [5.81003, 52.05554], [5.79545, 52.0556], [5.79536, 52.04661]]]}}, {"type": "Feature", "properties": {"ntot": 741, "nhx": 462, "noy": 280, "share_in_municipality": 0.0}, "geometry": {"type": "Polygon", "coordinates": [[[5.80994, 52.04656], [5.82452, 52.0465], [5.82461, 52.05549], [5.81003, 52.05554], [5.80994, 52.04656]]]}}, {"type": "Feature", "properties": {"ntot": 896, "nhx": 576, "noy": 320, "share_in_municipality": 0.0}, "geometry": {"type": "Polygon", "coordinates": [[[5.82452, 52.0465], [5.83909, 52.04645], [5.83919, 52.05544], [5.82461, 52.05549], [5.82452, 52.0465]]]}}, {"type": "Feature", "properties": {"ntot": 1337, "nhx": 892, "noy": 445, "share_in_municipality": 0.0}, "geometry": {"type": "Polygon", "coordinates": [[[5.83909, 52.04645], [5.85367, 52.04639], [5.85377, 52.05538], [5.83919, 52.05544], [5.83909, 52.04645]]]}}, {"type": "Feature", "properties": {"ntot": 1143, "nhx": 682, "noy": 461, "share_in_municipality": 0.0}, "geometry": {"type": "Polygon", "coordinates": [[[5.1685, 52.0561], [5.18308, 52.05613], [5.18304, 52.06512], [5.16846, 52.06509], [5.1685, 52.0561]]]}}, {"type": "Feature", "properties": {"ntot": 1409, "nhx": 945, "noy": 464, "share_in_municipality": 0.0}, "geometry": {"type": "Polygon", "coordinates": [[[5.18308, 52.05613], [5.19766, 52.05615], [5.19762, 52.06514], [5.18304, 52.06512], [5.18308, 52.05613]]]}}, {"type": "Feature", "properties": {"ntot": 1722, "nhx": 1201, "noy": 521, "share_in_municipality": 0.0}, "geometry": {"type": "Polygon", "coordinates": [[[5.19766, 52.05615], [5.21224, 52.05617], [5.2122, 52.06516], [5.19762, 52.06514], [5.19766, 52.05615]]]}}, {"type": "Feature", "properties": {"ntot": 1394, "nhx": 934, "noy": 459, "share_in_municipality": 0.0}, "geometry": {"type": "Polygon", "coordinates": [[[5.21224, 52.05617], [5.22682, 52.0562], [5.22679, 52.06518], [5.2122, 52.06516], [5.21224, 52.05617]]]}}, {"type": "Feature", "properties": {"ntot": 1172, "nhx": 735, "noy": 436, "share_in_municipality": 0.0}, "geometry": {"type": "Polygon", "coordinates": [[[5.22682, 52.0562], [5.2414, 52.05621], [5.24137, 52.0652], [5.22679, 52.06518], [5.22682, 52.0562]]]}}, {"type": "Feature", "properties": {"ntot": 1171, "nhx": 722, "noy": 450, "share_in_municipality": 0.0}, "geometry": {"type": "Polygon", "coordinates": [[[5.2414, 52.05621], [5.25598, 52.05623], [5.25595, 52.06522], [5.24137, 52.0652], [5.2414, 52.05621]]]}}, {"type": "Feature", "properties": {"ntot": 1189, "nhx": 740, "noy": 449, "share_in_municipality": 0.0}, "geometry": {"type": "Polygon", "coordinates": [[[5.25598, 52.05623], [5.27056, 52.05625], [5.27054, 52.06523], [5.25595, 52.06522], [5.25598, 52.05623]]]}}, {"type": "Feature", "properties": {"ntot": 1380, "nhx": 913, "noy": 467, "share_in_municipality": 0.0}, "geometry": {"type": "Polygon", "coordinates": [[[5.27056, 52.05625], [5.28514, 52.05626], [5.28512, 52.06525], [5.27054, 52.06523], [5.27056, 52.05625]]]}}, {"type": "Feature", "properties": {"ntot": 1293, "nhx": 851, "noy": 442, "share_in_municipality": 0.0}, "geometry": {"type": "Polygon", "coordinates": [[[5.28514, 52.05626], [5.29972, 52.05627], [5.2997, 52.06526], [5.28512, 52.06525], [5.28514, 52.05626]]]}}, {"type": "Feature", "properties": {"ntot": 1582, "nhx": 1063, "noy": 519, "share_in_municipality": 0.0}, "geometry": {"type": "Polygon", "coordinates": [[[5.29972, 52.05627], [5.3143, 52.05628], [5.31429, 52.06527], [5.2997, 52.06526], [5.29972, 52.05627]]]}}, {"type": "Feature", "properties": {"ntot": 1540, "nhx": 1036, "noy": 504, "share_in_municipality": 0.0}, "geometry": {"type": "Polygon", "coordinates": [[[5.3143, 52.05628], [5.32888, 52.05629], [5.32887, 52.06528], [5.31429, 52.06527], [5.3143, 52.05628]]]}}, {"type": "Feature", "properties": {"ntot": 1212, "nhx": 816, "noy": 396, "share_in_municipality": 0.0}, "geometry": {"type": "Polygon", "coordinates": [[[5.32888, 52.05629], [5.34346, 52.0563], [5.34345, 52.06528], [5.32887, 52.06528], [5.32888, 52.05629]]]}}, {"type": "Feature", "properties": {"ntot": 1254, "nhx": 836, "noy": 418, "share_in_municipality": 0.0}, "geometry": {"type": "Polygon", "coordinates": [[[5.34346, 52.0563], [5.35804, 52.0563], [5.35804, 52.06529], [5.34345, 52.06528], [5.34346, 52.0563]]]}}, {"type": "Feature", "properties": {"ntot": 1359, "nhx": 919, "noy": 440, "share_in_municipality": 0.0}, "geometry": {"type": "Polygon", "coordinates": [[[5.35804, 52.0563], [5.37262, 52.0563], [5.37262, 52.06529], [5.35804, 52.06529], [5.35804, 52.0563]]]}}, {"type": "Feature", "properties": {"ntot": 1203, "nhx": 794, "noy": 409, "share_in_municipality": 0.0}, "geometry": {"type": "Polygon", "coordinates": [[[5.37262, 52.0563], [5.3872, 52.0563], [5.3872, 52.06529], [5.37262, 52.06529], [5.37262, 52.0563]]]}}, {"type": "Feature", "properties": {"ntot": 1123, "nhx": 726, "noy": 397, "share_in_municipality": 0.0}, "geometry": {"type": "Polygon", "coordinates": [[[5.3872, 52.0563], [5.40178, 52.0563], [5.40179, 52.06529], [5.3872, 52.06529], [5.3872, 52.0563]]]}}, {"type": "Feature", "properties": {"ntot": 1086, "nhx": 736, "noy": 350, "share_in_municipality": 0.0}, "geometry": {"type": "Polygon", "coordinates": [[[5.40178, 52.0563], [5.41636, 52.0563], [5.41637, 52.06529], [5.40179, 52.06529], [5.40178, 52.0563]]]}}, {"type": "Feature", "properties": {"ntot": 1114, "nhx": 789, "noy": 325, "share_in_municipality": 0.0}, "geometry": {"type": "Polygon", "coordinates": [[[5.41636, 52.0563], [5.43094, 52.0563], [5.43095, 52.06528], [5.41637, 52.06529], [5.41636, 52.0563]]]}}, {"type": "Feature", "properties": {"ntot": 1003, "nhx": 664, "noy": 339, "share_in_municipality": 0.0}, "geometry": {"type": "Polygon", "coordinates": [[[5.43094, 52.0563], [5.44552, 52.05629], [5.44554, 52.06528], [5.43095, 52.06528], [5.43094, 52.0563]]]}}, {"type": "Feature", "properties": {"ntot": 1181, "nhx": 851, "noy": 330, "share_in_municipality": 0.0}, "geometry": {"type": "Polygon", "coordinates": [[[5.44552, 52.05629], [5.4601, 52.05628], [5.46012, 52.06527], [5.44554, 52.06528], [5.44552, 52.05629]]]}}, {"type": "Feature", "properties": {"ntot": 1062, "nhx": 737, "noy": 325, "share_in_municipality": 0.0}, "geometry": {"type": "Polygon", "coordinates": [[[5.4601, 52.05628], [5.47468, 52.05627], [5.4747, 52.06526], [5.46012, 52.06527], [5.4601, 52.05628]]]}}, {"type": "Feature", "properties": {"ntot": 1296, "nhx": 947, "noy": 349, "share_in_municipality": 0.0}, "geometry": {"type": "Polygon", "coordinates": [[[5.47468, 52.05627], [5.48927, 52.05626], [5.48929, 52.06525], [5.4747, 52.06526], [5.47468, 52.05627]]]}}, {"type": "Feature", "properties": {"ntot": 1758, "nhx": 1428, "noy": 330, "share_in_municipality": 0.0}, "geometry": {"type": "Polygon", "coordinates": [[[5.48927, 52.05626], [5.50385, 52.05625], [5.50387, 52.06523], [5.48929, 52.06525], [5.48927, 52.05626]]]}}, {"type": "Feature", "properties": {"ntot": 2509, "nhx": 2188, "noy": 321, "share_in_municipality": 0.0}, "geometry": {"type": "Polygon", "coordinates": [[[5.50385, 52.05625], [5.51843, 52.05623], [5.51845, 52.06522], [5.50387, 52.06523], [5.50385, 52.05625]]]}}, {"type": "Feature", "properties": {"ntot": 1527, "nhx": 1207, "noy": 320, "share_in_municipality": 0.0}, "geometry": {"type": "Polygon", "coordinates": [[[5.51843, 52.05623], [5.53301, 52.05621], [5.53304, 52.0652], [5.51845, 52.06522], [5.51843, 52.05623]]]}}, {"type": "Feature", "properties": {"ntot": 1240, "nhx": 917, "noy": 323, "share_in_municipality": 0.0}, "geometry": {"type": "Polygon", "coordinates": [[[5.53301, 52.05621], [5.54759, 52.05619], [5.54762, 52.06518], [5.53304, 52.0652], [5.53301, 52.05621]]]}}, {"type": "Feature", "properties": {"ntot": 1269, "nhx": 931, "noy": 338, "share_in_municipality": 0.0}, "geometry": {"type": "Polygon", "coordinates": [[[5.54759, 52.05619], [5.56217, 52.05617], [5.5622, 52.06516], [5.54762, 52.06518], [5.54759, 52.05619]]]}}, {"type": "Feature", "properties": {"ntot": 1331, "nhx": 997, "noy": 334, "share_in_municipality": 0.0}, "geometry": {"type": "Polygon", "coordinates": [[[5.56217, 52.05617], [5.57675, 52.05615], [5.57678, 52.06514], [5.5622, 52.06516], [5.56217, 52.05617]]]}}, {"type": "Feature", "properties": {"ntot": 1612, "nhx": 1272, "noy": 340, "share_in_municipality": 0.0}, "geometry": {"type": "Polygon", "coordinates": [[[5.57675, 52.05615], [5.59133, 52.05613], [5.59137, 52.06512], [5.57678, 52.06514], [5.57675, 52.05615]]]}}, {"type": "Feature", "properties": {"ntot": 1622, "nhx": 1299, "noy": 323, "share_in_municipality": 0.0}, "geometry": {"type": "Polygon", "coordinates": [[[5.59133, 52.05613], [5.60591, 52.0561], [5.60595, 52.06509], [5.59137, 52.06512], [5.59133, 52.05613]]]}}, {"type": "Feature", "properties": {"ntot": 1818, "nhx": 1448, "noy": 370, "share_in_municipality": 0.0}, "geometry": {"type": "Polygon", "coordinates": [[[5.60591, 52.0561], [5.62049, 52.05607], [5.62053, 52.06506], [5.60595, 52.06509], [5.60591, 52.0561]]]}}, {"type": "Feature", "properties": {"ntot": 1594, "nhx": 1276, "noy": 318, "share_in_municipality": 0.0}, "geometry": {"type": "Polygon", "coordinates": [[[5.62049, 52.05607], [5.63507, 52.05604], [5.63512, 52.06503], [5.62053, 52.06506], [5.62049, 52.05607]]]}}, {"type": "Feature", "properties": {"ntot": 1273, "nhx": 950, "noy": 322, "share_in_municipality": 0.0}, "geometry": {"type": "Polygon", "coordinates": [[[5.63507, 52.05604], [5.64965, 52.05601], [5.6497, 52.065], [5.63512, 52.06503], [5.63507, 52.05604]]]}}, {"type": "Feature", "properties": {"ntot": 1382, "nhx": 994, "noy": 387, "share_in_municipality": 0.0}, "geometry": {"type": "Polygon", "coordinates": [[[5.64965, 52.05601], [5.66423, 52.05598], [5.66428, 52.06497], [5.6497, 52.065], [5.64965, 52.05601]]]}}, {"type": "Feature", "properties": {"ntot": 1681, "nhx": 1192, "noy": 489, "share_in_municipality": 0.0}, "geometry": {"type": "Polygon", "coordinates": [[[5.66423, 52.05598], [5.67881, 52.05594], [5.67887, 52.06493], [5.66428, 52.06497], [5.66423, 52.05598]]]}}, {"type": "Feature", "properties": {"ntot": 1652, "nhx": 1146, "noy": 506, "share_in_municipality": 0.0}, "geometry": {"type": "Polygon", "coordinates": [[[5.67881, 52.05594], [5.69339, 52.05591], [5.69345, 52.06489], [5.67887, 52.06493], [5.67881, 52.05594]]]}}, {"type": "Feature", "properties": {"ntot": 1068, "nhx": 722, "noy": 346, "share_in_municipality": 0.0}, "geometry": {"type": "Polygon", "coordinates": [[[5.69339, 52.05591], [5.70797, 52.05587], [5.70803, 52.06485], [5.69345, 52.06489], [5.69339, 52.05591]]]}}, {"type": "Feature", "properties": {"ntot": 1130, "nhx": 773, "noy": 357, "share_in_municipality": 0.0}, "geometry": {"type": "Polygon", "coordinates": [[[5.70797, 52.05587], [5.72255, 52.05583], [5.72261, 52.06481], [5.70803, 52.06485], [5.70797, 52.05587]]]}}, {"type": "Feature", "properties": {"ntot": 1210, "nhx": 837, "noy": 372, "share_in_municipality": 0.0}, "geometry": {"type": "Polygon", "coordinates": [[[5.72255, 52.05583], [5.73713, 52.05578], [5.7372, 52.06477], [5.72261, 52.06481], [5.72255, 52.05583]]]}}, {"type": "Feature", "properties": {"ntot": 1184, "nhx": 815, "noy": 369, "share_in_municipality": 0.0}, "geometry": {"type": "Polygon", "coordinates": [[[5.73713, 52.05578], [5.75171, 52.05574], [5.75178, 52.06473], [5.7372, 52.06477], [5.73713, 52.05578]]]}}, {"type": "Feature", "properties": {"ntot": 1035, "nhx": 691, "noy": 343, "share_in_municipality": 0.0}, "geometry": {"type": "Polygon", "coordinates": [[[5.75171, 52.05574], [5.76629, 52.05569], [5.76636, 52.06468], [5.75178, 52.06473], [5.75171, 52.05574]]]}}, {"type": "Feature", "properties": {"ntot": 1304, "nhx": 882, "noy": 422, "share_in_municipality": 0.0}, "geometry": {"type": "Polygon", "coordinates": [[[5.76629, 52.05569], [5.78087, 52.05565], [5.78095, 52.06463], [5.76636, 52.06468], [5.76629, 52.05569]]]}}, {"type": "Feature", "properties": {"ntot": 1457, "nhx": 990, "noy": 467, "share_in_municipality": 0.0}, "geometry": {"type": "Polygon", "coordinates": [[[5.78087, 52.05565], [5.79545, 52.0556], [5.79553, 52.06458], [5.78095, 52.06463], [5.78087, 52.05565]]]}}, {"type": "Feature", "properties": {"ntot": 939, "nhx": 603, "noy": 336, "share_in_municipality": 0.0}, "geometry": {"type": "Polygon", "coordinates": [[[5.79545, 52.0556], [5.81003, 52.05554], [5.81011, 52.06453], [5.79553, 52.06458], [5.79545, 52.0556]]]}}, {"type": "Feature", "properties": {"ntot": 866, "nhx": 557, "noy": 309, "share_in_municipality": 0.0}, "geometry": {"type": "Polygon", "coordinates": [[[5.81003, 52.05554], [5.82461, 52.05549], [5.82469, 52.06448], [5.81011, 52.06453], [5.81003, 52.05554]]]}}, {"type": "Feature", "properties": {"ntot": 1012, "nhx": 667, "noy": 344, "share_in_municipality": 0.0}, "geometry": {"type": "Polygon", "coordinates": [[[5.82461, 52.05549], [5.83919, 52.05544], [5.83928, 52.06442], [5.82469, 52.06448], [5.82461, 52.05549]]]}}, {"type": "Feature", "properties": {"ntot": 904, "nhx": 584, "noy": 320, "share_in_municipality": 0.0}, "geometry": {"type": "Polygon", "coordinates": [[[5.83919, 52.05544], [5.85377, 52.05538], [5.85386, 52.06437], [5.83928, 52.06442], [5.83919, 52.05544]]]}}, {"type": "Feature", "properties": {"ntot": 1091, "nhx": 692, "noy": 399, "share_in_municipality": 0.0}, "geometry": {"type": "Polygon", "coordinates": [[[5.16846, 52.06509], [5.18304, 52.06512], [5.183, 52.0741], [5.16841, 52.07408], [5.16846, 52.06509]]]}}, {"type": "Feature", "properties": {"ntot": 1273, "nhx": 896, "noy": 378, "share_in_municipality": 0.0}, "geometry": {"type": "Polygon", "coordinates": [[[5.18304, 52.06512], [5.19762, 52.06514], [5.19758, 52.07413], [5.183, 52.0741], [5.18304, 52.06512]]]}}, {"type": "Feature", "properties": {"ntot": 1345, "nhx": 942, "noy": 403, "share_in_municipality": 0.0}, "geometry": {"type": "Polygon", "coordinates": [[[5.19762, 52.06514], [5.2122, 52.06516], [5.21217, 52.07415], [5.19758, 52.07413], [5.19762, 52.06514]]]}}, {"type": "Feature", "properties": {"ntot": 1055, "nhx": 675, "noy": 381, "share_in_municipality": 0.0}, "geometry": {"type": "Polygon", "coordinates": [[[5.2122, 52.06516], [5.22679, 52.06518], [5.22676, 52.07417], [5.21217, 52.07415], [5.2122, 52.06516]]]}}, {"type": "Feature", "properties": {"ntot": 1052, "nhx": 682, "noy": 369, "share_in_municipality": 0.0}, "geometry": {"type": "Polygon", "coordinates": [[[5.22679, 52.06518], [5.24137, 52.0652], [5.24134, 52.07419], [5.22676, 52.07417], [5.22679, 52.06518]]]}}, {"type": "Feature", "properties": {"ntot": 1072, "nhx": 692, "noy": 380, "share_in_municipality": 0.0}, "geometry": {"type": "Polygon", "coordinates": [[[5.24137, 52.0652], [5.25595, 52.06522], [5.25593, 52.07421], [5.24134, 52.07419], [5.24137, 52.0652]]]}}, {"type": "Feature", "properties": {"ntot": 1369, "nhx": 920, "noy": 449, "share_in_municipality": 0.0}, "geometry": {"type": "Polygon", "coordinates": [[[5.25595, 52.06522], [5.27054, 52.06523], [5.27051, 52.07422], [5.25593, 52.07421], [5.25595, 52.06522]]]}}, {"type": "Feature", "properties": {"ntot": 1447, "nhx": 966, "noy": 481, "share_in_municipality": 0.0}, "geometry": {"type": "Polygon", "coordinates": [[[5.27054, 52.06523], [5.28512, 52.06525], [5.2851, 52.07424], [5.27051, 52.07422], [5.27054, 52.06523]]]}}, {"type": "Feature", "properties": {"ntot": 1498, "nhx": 987, "noy": 511, "share_in_municipality": 0.0}, "geometry": {"type": "Polygon", "coordinates": [[[5.28512, 52.06525], [5.2997, 52.06526], [5.29969, 52.07425], [5.2851, 52.07424], [5.28512, 52.06525]]]}}, {"type": "Feature", "properties": {"ntot": 1543, "nhx": 1001, "noy": 542, "share_in_municipality": 0.0}, "geometry": {"type": "Polygon", "coordinates": [[[5.2997, 52.06526], [5.31429, 52.06527], [5.31427, 52.07426], [5.29969, 52.07425], [5.2997, 52.06526]]]}}, {"type": "Feature", "properties": {"ntot": 1587, "nhx": 1005, "noy": 582, "share_in_municipality": 0.0}, "geometry": {"type": "Polygon", "coordinates": [[[5.31429, 52.06527], [5.32887, 52.06528], [5.32886, 52.07427], [5.31427, 52.07426], [5.31429, 52.06527]]]}}, {"type": "Feature", "properties": {"ntot": 1566, "nhx": 995, "noy": 571, "share_in_municipality": 0.0}, "geometry": {"type": "Polygon", "coordinates": [[[5.32887, 52.06528], [5.34345, 52.06528], [5.34344, 52.07427], [5.32886, 52.07427], [5.32887, 52.06528]]]}}, {"type": "Feature", "properties": {"ntot": 1493, "nhx": 939, "noy": 554, "share_in_municipality": 0.0}, "geometry": {"type": "Polygon", "coordinates": [[[5.34345, 52.06528], [5.35804, 52.06529], [5.35803, 52.07428], [5.34344, 52.07427], [5.34345, 52.06528]]]}}, {"type": "Feature", "properties": {"ntot": 1218, "nhx": 800, "noy": 419, "share_in_municipality": 0.0}, "geometry": {"type": "Polygon", "coordinates": [[[5.35804, 52.06529], [5.37262, 52.06529], [5.37262, 52.07428], [5.35803, 52.07428], [5.35804, 52.06529]]]}}, {"type": "Feature", "properties": {"ntot": 1065, "nhx": 716, "noy": 349, "share_in_municipality": 0.0}, "geometry": {"type": "Polygon", "coordinates": [[[5.37262, 52.06529], [5.3872, 52.06529], [5.3872, 52.07428], [5.37262, 52.07428], [5.37262, 52.06529]]]}}, {"type": "Feature", "properties": {"ntot": 961, "nhx": 620, "noy": 341, "share_in_municipality": 0.0}, "geometry": {"type": "Polygon", "coordinates": [[[5.3872, 52.06529], [5.40179, 52.06529], [5.40179, 52.07428], [5.3872, 52.07428], [5.3872, 52.06529]]]}}, {"type": "Feature", "properties": {"ntot": 1157, "nhx": 824, "noy": 332, "share_in_municipality": 0.0}, "geometry": {"type": "Polygon", "coordinates": [[[5.40179, 52.06529], [5.41637, 52.06529], [5.41638, 52.07428], [5.40179, 52.07428], [5.40179, 52.06529]]]}}, {"type": "Feature", "properties": {"ntot": 1039, "nhx": 718, "noy": 322, "share_in_municipality": 0.0}, "geometry": {"type": "Polygon", "coordinates": [[[5.41637, 52.06529], [5.43095, 52.06528], [5.43096, 52.07427], [5.41638, 52.07428], [5.41637, 52.06529]]]}}, {"type": "Feature", "properties": {"ntot": 1229, "nhx": 912, "noy": 316, "share_in_municipality": 0.0}, "geometry": {"type": "Polygon", "coordinates": [[[5.43095, 52.06528], [5.44554, 52.06528], [5.44555, 52.07427], [5.43096, 52.07427], [5.43095, 52.06528]]]}}, {"type": "Feature", "properties": {"ntot": 1442, "nhx": 1121, "noy": 321, "share_in_municipality": 0.0}, "geometry": {"type": "Polygon", "coordinates": [[[5.44554, 52.06528], [5.46012, 52.06527], [5.46013, 52.07426], [5.44555, 52.07427], [5.44554, 52.06528]]]}}, {"type": "Feature", "properties": {"ntot": 1065, "nhx": 744, "noy": 321, "share_in_municipality": 0.0}, "geometry": {"type": "Polygon", "coordinates": [[[5.46012, 52.06527], [5.4747, 52.06526], [5.47472, 52.07425], [5.46013, 52.07426], [5.46012, 52.06527]]]}}, {"type": "Feature", "properties": {"ntot": 1170, "nhx": 845, "noy": 325, "share_in_municipality": 0.0}, "geometry": {"type": "Polygon", "coordinates": [[[5.4747, 52.06526], [5.48929, 52.06525], [5.48931, 52.07424], [5.47472, 52.07425], [5.4747, 52.06526]]]}}, {"type": "Feature", "properties": {"ntot": 1218, "nhx": 904, "noy": 314, "share_in_municipality": 0.0}, "geometry": {"type": "Polygon", "coordinates": [[[5.48929, 52.06525], [5.50387, 52.06523], [5.50389, 52.07422], [5.48931, 52.07424], [5.48929, 52.06525]]]}}, {"type": "Feature", "properties": {"ntot": 2317, "nhx": 1993, "noy": 324, "share_in_municipality": 0.0}, "geometry": {"type": "Polygon", "coordinates": [[[5.50387, 52.06523], [5.51845, 52.06522], [5.51848, 52.07421], [5.50389, 52.07422], [5.50387, 52.06523]]]}}, {"type": "Feature", "properties": {"ntot": 1510, "nhx": 1182, "noy": 328, "share_in_municipality": 0.0}, "geometry": {"type": "Polygon", "coordinates": [[[5.51845, 52.06522], [5.53304, 52.0652], [5.53306, 52.07419], [5.51848, 52.07421], [5.51845, 52.06522]]]}}, {"type": "Feature", "properties": {"ntot": 1772, "nhx": 1413, "noy": 358, "share_in_municipality": 0.0}, "geometry": {"type": "Polygon", "coordinates": [[[5.53304, 52.0652], [5.54762, 52.06518], [5.54765, 52.07417], [5.53306, 52.07419], [5.53304, 52.0652]]]}}, {"type": "Feature", "properties": {"ntot": 1455, "nhx": 1104, "noy": 351, "share_in_municipality": 0.0}, "geometry": {"type": "Polygon", "coordinates": [[[5.54762, 52.06518], [5.5622, 52.06516], [5.56224, 52.07415], [5.54765, 52.07417], [5.54762, 52.06518]]]}}, {"type": "Feature", "properties": {"ntot": 1613, "nhx": 1290, "noy": 323, "share_in_municipality": 0.0}, "geometry": {"type": "Polygon", "coordinates": [[[5.5622, 52.06516], [5.57678, 52.06514], [5.57682, 52.07413], [5.56224, 52.07415], [5.5622, 52.06516]]]}}, {"type": "Feature", "properties": {"ntot": 1720, "nhx": 1385, "noy": 334, "share_in_municipality": 0.0}, "geometry": {"type": "Polygon", "coordinates": [[[5.57678, 52.06514], [5.59137, 52.06512], [5.59141, 52.0741], [5.57682, 52.07413], [5.57678, 52.06514]]]}}, {"type": "Feature", "properties": {"ntot": 1419, "nhx": 1074, "noy": 345, "share_in_municipality": 0.0}, "geometry": {"type": "Polygon", "coordinates": [[[5.59137, 52.06512], [5.60595, 52.06509], [5.60599, 52.07408], [5.59141, 52.0741], [5.59137, 52.06512]]]}}, {"type": "Feature", "properties": {"ntot": 1731, "nhx": 1380, "noy": 351, "share_in_municipality": 0.0}, "geometry": {"type": "Polygon", "coordinates": [[[5.60595, 52.06509], [5.62053, 52.06506], [5.62058, 52.07405], [5.60599, 52.07408], [5.60595, 52.06509]]]}}, {"type": "Feature", "properties": {"ntot": 1828, "nhx": 1508, "noy": 320, "share_in_municipality": 0.0}, "geometry": {"type": "Polygon", "coordinates": [[[5.62053, 52.06506], [5.63512, 52.06503], [5.63517, 52.07402], [5.62058, 52.07405], [5.62053, 52.06506]]]}}, {"type": "Feature", "properties": {"ntot": 1651, "nhx": 1326, "noy": 325, "share_in_municipality": 0.0}, "geometry": {"type": "Polygon", "coordinates": [[[5.63512, 52.06503], [5.6497, 52.065], [5.64975, 52.07399], [5.63517, 52.07402], [5.63512, 52.06503]]]}}, {"type": "Feature", "properties": {"ntot": 1312, "nhx": 945, "noy": 367, "share_in_municipality": 0.0}, "geometry": {"type": "Polygon", "coordinates": [[[5.6497, 52.065], [5.66428, 52.06497], [5.66434, 52.07395], [5.64975, 52.07399], [5.6497, 52.065]]]}}, {"type": "Feature", "properties": {"ntot": 1351, "nhx": 973, "noy": 378, "share_in_municipality": 0.0}, "geometry": {"type": "Polygon", "coordinates": [[[5.66428, 52.06497], [5.67887, 52.06493], [5.67892, 52.07392], [5.66434, 52.07395], [5.66428, 52.06497]]]}}, {"type": "Feature", "properties": {"ntot": 1164, "nhx": 796, "noy": 368, "share_in_municipality": 0.0}, "geometry": {"type": "Polygon", "coordinates": [[[5.67887, 52.06493], [5.69345, 52.06489], [5.69351, 52.07388], [5.67892, 52.07392], [5.67887, 52.06493]]]}}, {"type": "Feature", "properties": {"ntot": 1279, "nhx": 902, "noy": 377, "share_in_municipality": 0.0}, "geometry": {"type": "Polygon", "coordinates": [[[5.69345, 52.06489], [5.70803, 52.06485], [5.7081, 52.07384], [5.69351, 52.07388], [5.69345, 52.06489]]]}}, {"type": "Feature", "properties": {"ntot": 1409, "nhx": 977, "noy": 432, "share_in_municipality": 0.0}, "geometry": {"type": "Polygon", "coordinates": [[[5.70803, 52.06485], [5.72261, 52.06481], [5.72268, 52.0738], [5.7081, 52.07384], [5.70803, 52.06485]]]}}, {"type": "Feature", "properties": {"ntot": 1207, "nhx": 839, "noy": 369, "share_in_municipality": 0.0}, "geometry": {"type": "Polygon", "coordinates": [[[5.72261, 52.06481], [5.7372, 52.06477], [5.73727, 52.07376], [5.72268, 52.0738], [5.72261, 52.06481]]]}}, {"type": "Feature", "properties": {"ntot": 1022, "nhx": 685, "noy": 338, "share_in_municipality": 0.0}, "geometry": {"type": "Polygon", "coordinates": [[[5.7372, 52.06477], [5.75178, 52.06473], [5.75185, 52.07372], [5.73727, 52.07376], [5.7372, 52.06477]]]}}, {"type": "Feature", "properties": {"ntot": 1229, "nhx": 852, "noy": 377, "share_in_municipality": 0.0}, "geometry": {"type": "Polygon", "coordinates": [[[5.75178, 52.06473], [5.76636, 52.06468], [5.76644, 52.07367], [5.75185, 52.07372], [5.75178, 52.06473]]]}}, {"type": "Feature", "properties": {"ntot": 1286, "nhx": 871, "noy": 415, "share_in_municipality": 0.0}, "geometry": {"type": "Polygon", "coordinates": [[[5.76636, 52.06468], [5.78095, 52.06463], [5.78102, 52.07362], [5.76644, 52.07367], [5.76636, 52.06468]]]}}, {"type": "Feature", "properties": {"ntot": 1351, "nhx": 904, "noy": 447, "share_in_municipality": 0.0}, "geometry": {"type": "Polygon", "coordinates": [[[5.78095, 52.06463], [5.79553, 52.06458], [5.79561, 52.07357], [5.78102, 52.07362], [5.78095, 52.06463]]]}}, {"type": "Feature", "properties": {"ntot": 1004, "nhx": 663, "noy": 341, "share_in_municipality": 0.0}, "geometry": {"type": "Polygon", "coordinates": [[[5.79553, 52.06458], [5.81011, 52.06453], [5.8102, 52.07352], [5.79561, 52.07357], [5.79553, 52.06458]]]}}, {"type": "Feature", "properties": {"ntot": 769, "nhx": 487, "noy": 281, "share_in_municipality": 0.0}, "geometry": {"type": "Polygon", "coordinates": [[[5.81011, 52.06453], [5.82469, 52.06448], [5.82478, 52.07347], [5.8102, 52.07352], [5.81011, 52.06453]]]}}, {"type": "Feature", "properties": {"ntot": 1068, "nhx": 714, "noy": 354, "share_in_municipality": 0.0}, "geometry": {"type": "Polygon", "coordinates": [[[5.82469, 52.06448], [5.83928, 52.06442], [5.83937, 52.07341], [5.82478, 52.07347], [5.82469, 52.06448]]]}}, {"type": "Feature", "properties": {"ntot": 970, "nhx": 636, "noy": 334, "share_in_municipality": 0.0}, "geometry": {"type": "Polygon", "coordinates": [[[5.83928, 52.06442], [5.85386, 52.06437], [5.85395, 52.07336], [5.83937, 52.07341], [5.83928, 52.06442]]]}}, {"type": "Feature", "properties": {"ntot": 1192, "nhx": 774, "noy": 418, "share_in_municipality": 0.0}, "geometry": {"type": "Polygon", "coordinates": [[[5.16841, 52.07408], [5.183, 52.0741], [5.18296, 52.08309], [5.16837, 52.08307], [5.16841, 52.07408]]]}}, {"type": "Feature", "properties": {"ntot": 1032, "nhx": 656, "noy": 376, "share_in_municipality": 0.0}, "geometry": {"type": "Polygon", "coordinates": [[[5.183, 52.0741], [5.19758, 52.07413], [5.19755, 52.08312], [5.18296, 52.08309], [5.183, 52.0741]]]}}, {"type": "Feature", "properties": {"ntot": 1075, "nhx": 698, "noy": 376, "share_in_municipality": 0.0}, "geometry": {"type": "Polygon", "coordinates": [[[5.19758, 52.07413], [5.21217, 52.07415], [5.21213, 52.08314], [5.19755, 52.08312], [5.19758, 52.07413]]]}}, {"type": "Feature", "properties": {"ntot": 1227, "nhx": 861, "noy": 366, "share_in_municipality": 0.0}, "geometry": {"type": "Polygon", "coordinates": [[[5.21217, 52.07415], [5.22676, 52.07417], [5.22672, 52.08316], [5.21213, 52.08314], [5.21217, 52.07415]]]}}, {"type": "Feature", "properties": {"ntot": 1143, "nhx": 776, "noy": 367, "share_in_municipality": 0.0}, "geometry": {"type": "Polygon", "coordinates": [[[5.22676, 52.07417], [5.24134, 52.07419], [5.24131, 52.08318], [5.22672, 52.08316], [5.22676, 52.07417]]]}}, {"type": "Feature", "properties": {"ntot": 1481, "nhx": 1006, "noy": 475, "share_in_municipality": 0.0}, "geometry": {"type": "Polygon", "coordinates": [[[5.24134, 52.07419], [5.25593, 52.07421], [5.2559, 52.0832], [5.24131, 52.08318], [5.24134, 52.07419]]]}}, {"type": "Feature", "properties": {"ntot": 1274, "nhx": 886, "noy": 388, "share_in_municipality": 0.0}, "geometry": {"type": "Polygon", "coordinates": [[[5.25593, 52.07421], [5.27051, 52.07422], [5.27049, 52.08321], [5.2559, 52.0832], [5.25593, 52.07421]]]}}, {"type": "Feature", "properties": {"ntot": 1491, "nhx": 1006, "noy": 485, "share_in_municipality": 0.0}, "geometry": {"type": "Polygon", "coordinates": [[[5.27051, 52.07422], [5.2851, 52.07424], [5.28508, 52.08322], [5.27049, 52.08321], [5.27051, 52.07422]]]}}, {"type": "Feature", "properties": {"ntot": 1375, "nhx": 906, "noy": 469, "share_in_municipality": 0.0}, "geometry": {"type": "Polygon", "coordinates": [[[5.2851, 52.07424], [5.29969, 52.07425], [5.29967, 52.08324], [5.28508, 52.08322], [5.2851, 52.07424]]]}}, {"type": "Feature", "properties": {"ntot": 1557, "nhx": 1053, "noy": 504, "share_in_municipality": 0.0}, "geometry": {"type": "Polygon", "coordinates": [[[5.29969, 52.07425], [5.31427, 52.07426], [5.31426, 52.08325], [5.29967, 52.08324], [5.29969, 52.07425]]]}}, {"type": "Feature", "properties": {"ntot": 1503, "nhx": 1026, "noy": 477, "share_in_municipality": 0.0}, "geometry": {"type": "Polygon", "coordinates": [[[5.31427, 52.07426], [5.32886, 52.07427], [5.32885, 52.08325], [5.31426, 52.08325], [5.31427, 52.07426]]]}}, {"type": "Feature", "properties": {"ntot": 1565, "nhx": 1041, "noy": 524, "share_in_municipality": 0.0}, "geometry": {"type": "Polygon", "coordinates": [[[5.32886, 52.07427], [5.34344, 52.07427], [5.34344, 52.08326], [5.32885, 52.08325], [5.32886, 52.07427]]]}}, {"type": "Feature", "properties": {"ntot": 1477, "nhx": 977, "noy": 500, "share_in_municipality": 0.0}, "geometry": {"type": "Polygon", "coordinates": [[[5.34344, 52.07427], [5.35803, 52.07428], [5.35803, 52.08326], [5.34344, 52.08326], [5.34344, 52.07427]]]}}, {"type": "Feature", "properties": {"ntot": 1521, "nhx": 1010, "noy": 511, "share_in_municipality": 0.0}, "geometry": {"type": "Polygon", "coordinates": [[[5.35803, 52.07428], [5.37262, 52.07428], [5.37261, 52.08327], [5.35803, 52.08326], [5.35803, 52.07428]]]}}, {"type": "Feature", "properties": {"ntot": 1150, "nhx": 779, "noy": 372, "share_in_municipality": 0.0}, "geometry": {"type": "Polygon", "coordinates": [[[5.37262, 52.07428], [5.3872, 52.07428], [5.3872, 52.08327], [5.37261, 52.08327], [5.37262, 52.07428]]]}}, {"type": "Feature", "properties": {"ntot": 863, "nhx": 542, "noy": 321, "share_in_municipality": 0.0}, "geometry": {"type": "Polygon", "coordinates": [[[5.3872, 52.07428], [5.40179, 52.07428], [5.40179, 52.08327], [5.3872, 52.08327], [5.3872, 52.07428]]]}}, {"type": "Feature", "properties": {"ntot": 1262, "nhx": 911, "noy": 351, "share_in_municipality": 0.0}, "geometry": {"type": "Polygon", "coordinates": [[[5.40179, 52.07428], [5.41638, 52.07428], [5.41638, 52.08326], [5.40179, 52.08327], [5.40179, 52.07428]]]}}, {"type": "Feature", "properties": {"ntot": 1631, "nhx": 1233, "noy": 398, "share_in_municipality": 0.0}, "geometry": {"type": "Polygon", "coordinates": [[[5.41638, 52.07428], [5.43096, 52.07427], [5.43097, 52.08326], [5.41638, 52.08326], [5.41638, 52.07428]]]}}, {"type": "Feature", "properties": {"ntot": 1358, "nhx": 1015, "noy": 343, "share_in_municipality": 0.0}, "geometry": {"type": "Polygon", "coordinates": [[[5.43096, 52.07427], [5.44555, 52.07427], [5.44556, 52.08325], [5.43097, 52.08326], [5.43096, 52.07427]]]}}, {"type": "Feature", "properties": {"ntot": 1650, "nhx": 1307, "noy": 342, "share_in_municipality": 0.0}, "geometry": {"type": "Polygon", "coordinates": [[[5.44555, 52.07427], [5.46013, 52.07426], [5.46015, 52.08325], [5.44556, 52.08325], [5.44555, 52.07427]]]}}, {"type": "Feature", "properties": {"ntot": 1290, "nhx": 958, "noy": 332, "share_in_municipality": 0.0}, "geometry": {"type": "Polygon", "coordinates": [[[5.46013, 52.07426], [5.47472, 52.07425], [5.47474, 52.08324], [5.46015, 52.08325], [5.46013, 52.07426]]]}}, {"type": "Feature", "properties": {"ntot": 1796, "nhx": 1399, "noy": 398, "share_in_municipality": 0.0}, "geometry": {"type": "Polygon", "coordinates": [[[5.47472, 52.07425], [5.48931, 52.07424], [5.48933, 52.08322], [5.47474, 52.08324], [5.47472, 52.07425]]]}}, {"type": "Feature", "properties": {"ntot": 1602, "nhx": 1262, "noy": 340, "share_in_municipality": 0.0}, "geometry": {"type": "Polygon", "coordinates": [[[5.48931, 52.07424], [5.50389, 52.07422], [5.50392, 52.08321], [5.48933, 52.08322], [5.48931, 52.07424]]]}}, {"type": "Feature", "properties": {"ntot": 1484, "nhx": 1149, "noy": 335, "share_in_municipality": 0.0}, "geometry": {"type": "Polygon", "coordinates": [[[5.50389, 52.07422], [5.51848, 52.07421], [5.5185, 52.0832], [5.50392, 52.08321], [5.50389, 52.07422]]]}}, {"type": "Feature", "properties": {"ntot": 2086, "nhx": 1718, "noy": 368, "share_in_municipality": 0.0}, "geometry": {"type": "Polygon", "coordinates": [[[5.51848, 52.07421], [5.53306, 52.07419], [5.53309, 52.08318], [5.5185, 52.0832], [5.51848, 52.07421]]]}}, {"type": "Feature", "properties": {"ntot": 1919, "nhx": 1529, "noy": 390, "share_in_municipality": 0.0}, "geometry": {"type": "Polygon", "coordinates": [[[5.53306, 52.07419], [5.54765, 52.07417], [5.54768, 52.08316], [5.53309, 52.08318], [5.53306, 52.07419]]]}}, {"type": "Feature", "properties": {"ntot": 1743, "nhx": 1422, "noy": 321, "share_in_municipality": 0.0}, "geometry": {"type": "Polygon", "coordinates": [[[5.54765, 52.07417], [5.56224, 52.07415], [5.56227, 52.08314], [5.54768, 52.08316], [5.54765, 52.07417]]]}}, {"type": "Feature", "properties": {"ntot": 1863, "nhx": 1548, "noy": 315, "share_in_municipality": 0.0}, "geometry": {"type": "Polygon", "coordinates": [[[5.56224, 52.07415], [5.57682, 52.07413], [5.57686, 52.08312], [5.56227, 52.08314], [5.56224, 52.07415]]]}}, {"type": "Feature", "properties": {"ntot": 1608, "nhx": 1289, "noy": 319, "share_in_municipality": 0.0}, "geometry": {"type": "Polygon", "coordinates": [[[5.57682, 52.07413], [5.59141, 52.0741], [5.59145, 52.08309], [5.57686, 52.08312], [5.57682, 52.07413]]]}}, {"type": "Feature", "properties": {"ntot": 1571, "nhx": 1208, "noy": 363, "share_in_municipality": 0.0}, "geometry": {"type": "Polygon", "coordinates": [[[5.59141, 52.0741], [5.60599, 52.07408], [5.60604, 52.08306], [5.59145, 52.08309], [5.59141, 52.0741]]]}}, {"type": "Feature", "properties": {"ntot": 1929, "nhx": 1610, "noy": 319, "share_in_municipality": 0.0}, "geometry": {"type": "Polygon", "coordinates": [[[5.60599, 52.07408], [5.62058, 52.07405], [5.62063, 52.08304], [5.60604, 52.08306], [5.60599, 52.07408]]]}}, {"type": "Feature", "properties": {"ntot": 1399, "nhx": 1089, "noy": 310, "share_in_municipality": 0.0}, "geometry": {"type": "Polygon", "coordinates": [[[5.62058, 52.07405], [5.63517, 52.07402], [5.63522, 52.08301], [5.62063, 52.08304], [5.62058, 52.07405]]]}}, {"type": "Feature", "properties": {"ntot": 1395, "nhx": 1051, "noy": 344, "share_in_municipality": 0.0}, "geometry": {"type": "Polygon", "coordinates": [[[5.63517, 52.07402], [5.64975, 52.07399], [5.64981, 52.08298], [5.63522, 52.08301], [5.63517, 52.07402]]]}}, {"type": "Feature", "properties": {"ntot": 1597, "nhx": 1164, "noy": 433, "share_in_municipality": 0.0}, "geometry": {"type": "Polygon", "coordinates": [[[5.64975, 52.07399], [5.66434, 52.07395], [5.66439, 52.08294], [5.64981, 52.08298], [5.64975, 52.07399]]]}}, {"type": "Feature", "properties": {"ntot": 1060, "nhx": 734, "noy": 326, "share_in_municipality": 0.0}, "geometry": {"type": "Polygon", "coordinates": [[[5.66434, 52.07395], [5.67892, 52.07392], [5.67898, 52.08291], [5.66439, 52.08294], [5.66434, 52.07395]]]}}, {"type": "Feature", "properties": {"ntot": 1202, "nhx": 843, "noy": 360, "share_in_municipality": 0.0}, "geometry": {"type": "Polygon", "coordinates": [[[5.67892, 52.07392], [5.69351, 52.07388], [5.69357, 52.08287], [5.67898, 52.08291], [5.67892, 52.07392]]]}}, {"type": "Feature", "properties": {"ntot": 1262, "nhx": 884, "noy": 378, "share_in_municipality": 0.0}, "geometry": {"type": "Polygon", "coordinates": [[[5.69351, 52.07388], [5.7081, 52.07384], [5.70816, 52.08283], [5.69357, 52.08287], [5.69351, 52.07388]]]}}, {"type": "Feature", "properties": {"ntot": 1608, "nhx": 1124, "noy": 484, "share_in_municipality": 0.0}, "geometry": {"type": "Polygon", "coordinates": [[[5.7081, 52.07384], [5.72268, 52.0738], [5.72275, 52.08279], [5.70816, 52.08283], [5.7081, 52.07384]]]}}, {"type": "Feature", "properties": {"ntot": 1453, "nhx": 1009, "noy": 444, "share_in_municipality": 0.0}, "geometry": {"type": "Polygon", "coordinates": [[[5.72268, 52.0738], [5.73727, 52.07376], [5.73734, 52.08275], [5.72275, 52.08279], [5.72268, 52.0738]]]}}, {"type": "Feature", "properties": {"ntot": 1254, "nhx": 877, "noy": 378, "share_in_municipality": 0.0}, "geometry": {"type": "Polygon", "coordinates": [[[5.73727, 52.07376], [5.75185, 52.07372], [5.75193, 52.0827], [5.73734, 52.08275], [5.73727, 52.07376]]]}}, {"type": "Feature", "properties": {"ntot": 1397, "nhx": 965, "noy": 432, "share_in_municipality": 0.0}, "geometry": {"type": "Polygon", "coordinates": [[[5.75185, 52.07372], [5.76644, 52.07367], [5.76652, 52.08266], [5.75193, 52.0827], [5.75185, 52.07372]]]}}, {"type": "Feature", "properties": {"ntot": 1140, "nhx": 780, "noy": 360, "share_in_municipality": 0.0}, "geometry": {"type": "Polygon", "coordinates": [[[5.76644, 52.07367], [5.78102, 52.07362], [5.7811, 52.08261], [5.76652, 52.08266], [5.76644, 52.07367]]]}}, {"type": "Feature", "properties": {"ntot": 1326, "nhx": 890, "noy": 436, "share_in_municipality": 0.0}, "geometry": {"type": "Polygon", "coordinates": [[[5.78102, 52.07362], [5.79561, 52.07357], [5.79569, 52.08256], [5.7811, 52.08261], [5.78102, 52.07362]]]}}, {"type": "Feature", "properties": {"ntot": 1345, "nhx": 910, "noy": 435, "share_in_municipality": 0.0}, "geometry": {"type": "Polygon", "coordinates": [[[5.79561, 52.07357], [5.8102, 52.07352], [5.81028, 52.08251], [5.79569, 52.08256], [5.79561, 52.07357]]]}}, {"type": "Feature", "properties": {"ntot": 1244, "nhx": 834, "noy": 411, "share_in_municipality": 0.0}, "geometry": {"type": "Polygon", "coordinates": [[[5.8102, 52.07352], [5.82478, 52.07347], [5.82487, 52.08245], [5.81028, 52.08251], [5.8102, 52.07352]]]}}, {"type": "Feature", "properties": {"ntot": 796, "nhx": 518, "noy": 277, "share_in_municipality": 0.0}, "geometry": {"type": "Polygon", "coordinates": [[[5.82478, 52.07347], [5.83937, 52.07341], [5.83946, 52.0824], [5.82487, 52.08245], [5.82478, 52.07347]]]}}, {"type": "Feature", "properties": {"ntot": 910, "nhx": 592, "noy": 318, "share_in_municipality": 0.0}, "geometry": {"type": "Polygon", "coordinates": [[[5.83937, 52.07341], [5.85395, 52.07336], [5.85405, 52.08234], [5.83946, 52.0824], [5.83937, 52.07341]]]}}, {"type": "Feature", "properties": {"ntot": 1285, "nhx": 831, "noy": 455, "share_in_municipality": 0.0}, "geometry": {"type": "Polygon", "coordinates": [[[5.16837, 52.08307], [5.18296, 52.08309], [5.18292, 52.09208], [5.16832, 52.09205], [5.16837, 52.08307]]]}}, {"type": "Feature", "properties": {"ntot": 1151, "nhx": 745, "noy": 407, "share_in_municipality": 0.0}, "geometry": {"type": "Polygon", "coordinates": [[[5.18296, 52.08309], [5.19755, 52.08312], [5.19751, 52.0921], [5.18292, 52.09208], [5.18296, 52.08309]]]}}, {"type": "Feature", "properties": {"ntot": 1124, "nhx": 740, "noy": 384, "share_in_municipality": 0.0}, "geometry": {"type": "Polygon", "coordinates": [[[5.19755, 52.08312], [5.21213, 52.08314], [5.2121, 52.09213], [5.19751, 52.0921], [5.19755, 52.08312]]]}}, {"type": "Feature", "properties": {"ntot": 1442, "nhx": 1030, "noy": 412, "share_in_municipality": 0.0}, "geometry": {"type": "Polygon", "coordinates": [[[5.21213, 52.08314], [5.22672, 52.08316], [5.22669, 52.09215], [5.2121, 52.09213], [5.21213, 52.08314]]]}}, {"type": "Feature", "properties": {"ntot": 1612, "nhx": 1159, "noy": 453, "share_in_municipality": 0.0}, "geometry": {"type": "Polygon", "coordinates": [[[5.22672, 52.08316], [5.24131, 52.08318], [5.24128, 52.09217], [5.22669, 52.09215], [5.22672, 52.08316]]]}}, {"type": "Feature", "properties": {"ntot": 1742, "nhx": 1275, "noy": 467, "share_in_municipality": 0.0}, "geometry": {"type": "Polygon", "coordinates": [[[5.24131, 52.08318], [5.2559, 52.0832], [5.25588, 52.09218], [5.24128, 52.09217], [5.24131, 52.08318]]]}}, {"type": "Feature", "properties": {"ntot": 1512, "nhx": 1004, "noy": 508, "share_in_municipality": 0.0}, "geometry": {"type": "Polygon", "coordinates": [[[5.2559, 52.0832], [5.27049, 52.08321], [5.27047, 52.0922], [5.25588, 52.09218], [5.2559, 52.0832]]]}}, {"type": "Feature", "properties": {"ntot": 1400, "nhx": 915, "noy": 485, "share_in_municipality": 0.0}, "geometry": {"type": "Polygon", "coordinates": [[[5.27049, 52.08321], [5.28508, 52.08322], [5.28506, 52.09221], [5.27047, 52.0922], [5.27049, 52.08321]]]}}, {"type": "Feature", "properties": {"ntot": 1421, "nhx": 935, "noy": 486, "share_in_municipality": 0.0}, "geometry": {"type": "Polygon", "coordinates": [[[5.28508, 52.08322], [5.29967, 52.08324], [5.29965, 52.09222], [5.28506, 52.09221], [5.28508, 52.08322]]]}}, {"type": "Feature", "properties": {"ntot": 1491, "nhx": 985, "noy": 506, "share_in_municipality": 0.0}, "geometry": {"type": "Polygon", "coordinates": [[[5.29967, 52.08324], [5.31426, 52.08325], [5.31424, 52.09223], [5.29965, 52.09222], [5.29967, 52.08324]]]}}, {"type": "Feature", "properties": {"ntot": 1509, "nhx": 995, "noy": 514, "share_in_municipality": 0.0}, "geometry": {"type": "Polygon", "coordinates": [[[5.31426, 52.08325], [5.32885, 52.08325], [5.32884, 52.09224], [5.31424, 52.09223], [5.31426, 52.08325]]]}}, {"type": "Feature", "properties": {"ntot": 1516, "nhx": 998, "noy": 518, "share_in_municipality": 0.0}, "geometry": {"type": "Polygon", "coordinates": [[[5.32885, 52.08325], [5.34344, 52.08326], [5.34343, 52.09225], [5.32884, 52.09224], [5.32885, 52.08325]]]}}, {"type": "Feature", "properties": {"ntot": 1528, "nhx": 1008, "noy": 520, "share_in_municipality": 0.0}, "geometry": {"type": "Polygon", "coordinates": [[[5.34344, 52.08326], [5.35803, 52.08326], [5.35802, 52.09225], [5.34343, 52.09225], [5.34344, 52.08326]]]}}, {"type": "Feature", "properties": {"ntot": 1483, "nhx": 965, "noy": 518, "share_in_municipality": 0.0}, "geometry": {"type": "Polygon", "coordinates": [[[5.35803, 52.08326], [5.37261, 52.08327], [5.37261, 52.09226], [5.35802, 52.09225], [5.35803, 52.08326]]]}}, {"type": "Feature", "properties": {"ntot": 1357, "nhx": 895, "noy": 462, "share_in_municipality": 0.0}, "geometry": {"type": "Polygon", "coordinates": [[[5.37261, 52.08327], [5.3872, 52.08327], [5.3872, 52.09226], [5.37261, 52.09226], [5.37261, 52.08327]]]}}, {"type": "Feature", "properties": {"ntot": 911, "nhx": 575, "noy": 336, "share_in_municipality": 0.0}, "geometry": {"type": "Polygon", "coordinates": [[[5.3872, 52.08327], [5.40179, 52.08327], [5.4018, 52.09226], [5.3872, 52.09226], [5.3872, 52.08327]]]}}, {"type": "Feature", "properties": {"ntot": 1287, "nhx": 916, "noy": 370, "share_in_municipality": 0.0}, "geometry": {"type": "Polygon", "coordinates": [[[5.40179, 52.08327], [5.41638, 52.08326], [5.41639, 52.09225], [5.4018, 52.09226], [5.40179, 52.08327]]]}}, {"type": "Feature", "properties": {"ntot": 1126, "nhx": 783, "noy": 343, "share_in_municipality": 0.0}, "geometry": {"type": "Polygon", "coordinates": [[[5.41638, 52.08326], [5.43097, 52.08326], [5.43098, 52.09225], [5.41639, 52.09225], [5.41638, 52.08326]]]}}, {"type": "Feature", "properties": {"ntot": 1316, "nhx": 989, "noy": 327, "share_in_municipality": 0.0}, "geometry": {"type": "Polygon", "coordinates": [[[5.43097, 52.08326], [5.44556, 52.08325], [5.44557, 52.09224], [5.43098, 52.09225], [5.43097, 52.08326]]]}}, {"type": "Feature", "properties": {"ntot": 1515, "nhx": 1188, "noy": 327, "share_in_municipality": 0.0}, "geometry": {"type": "Polygon", "coordinates": [[[5.44556, 52.08325], [5.46015, 52.08325], [5.46016, 52.09223], [5.44557, 52.09224], [5.44556, 52.08325]]]}}, {"type": "Feature", "properties": {"ntot": 1502, "nhx": 1128, "noy": 374, "share_in_municipality": 0.0}, "geometry": {"type": "Polygon", "coordinates": [[[5.46015, 52.08325], [5.47474, 52.08324], [5.47476, 52.09222], [5.46016, 52.09223], [5.46015, 52.08325]]]}}, {"type": "Feature", "properties": {"ntot": 1406, "nhx": 1033, "noy": 373, "share_in_municipality": 0.0}, "geometry": {"type": "Polygon", "coordinates": [[[5.47474, 52.08324], [5.48933, 52.08322], [5.48935, 52.09221], [5.47476, 52.09222], [5.47474, 52.08324]]]}}, {"type": "Feature", "properties": {"ntot": 1361, "nhx": 998, "noy": 363, "share_in_municipality": 0.0}, "geometry": {"type": "Polygon", "coordinates": [[[5.48933, 52.08322], [5.50392, 52.08321], [5.50394, 52.0922], [5.48935, 52.09221], [5.48933, 52.08322]]]}}, {"type": "Feature", "properties": {"ntot": 1885, "nhx": 1560, "noy": 325, "share_in_municipality": 0.0}, "geometry": {"type": "Polygon", "coordinates": [[[5.50392, 52.08321], [5.5185, 52.0832], [5.51853, 52.09218], [5.50394, 52.0922], [5.50392, 52.08321]]]}}, {"type": "Feature", "properties": {"ntot": 1595, "nhx": 1248, "noy": 347, "share_in_municipality": 0.0}, "geometry": {"type": "Polygon", "coordinates": [[[5.5185, 52.0832], [5.53309, 52.08318], [5.53312, 52.09217], [5.51853, 52.09218], [5.5185, 52.0832]]]}}, {"type": "Feature", "properties": {"ntot": 1468, "nhx": 1146, "noy": 322, "share_in_municipality": 0.0}, "geometry": {"type": "Polygon", "coordinates": [[[5.53309, 52.08318], [5.54768, 52.08316], [5.54772, 52.09215], [5.53312, 52.09217], [5.53309, 52.08318]]]}}, {"type": "Feature", "properties": {"ntot": 2525, "nhx": 2203, "noy": 322, "share_in_municipality": 0.0}, "geometry": {"type": "Polygon", "coordinates": [[[5.54768, 52.08316], [5.56227, 52.08314], [5.56231, 52.09213], [5.54772, 52.09215], [5.54768, 52.08316]]]}}, {"type": "Feature", "properties": {"ntot": 2018, "nhx": 1705, "noy": 313, "share_in_municipality": 0.0}, "geometry": {"type": "Polygon", "coordinates": [[[5.56227, 52.08314], [5.57686, 52.08312], [5.5769, 52.0921], [5.56231, 52.09213], [5.56227, 52.08314]]]}}, {"type": "Feature", "properties": {"ntot": 2101, "nhx": 1790, "noy": 311, "share_in_municipality": 0.0}, "geometry": {"type": "Polygon", "coordinates": [[[5.57686, 52.08312], [5.59145, 52.08309], [5.59149, 52.09208], [5.5769, 52.0921], [5.57686, 52.08312]]]}}, {"type": "Feature", "properties": {"ntot": 2845, "nhx": 2463, "noy": 382, "share_in_municipality": 0.0}, "geometry": {"type": "Polygon", "coordinates": [[[5.59145, 52.08309], [5.60604, 52.08306], [5.60608, 52.09205], [5.59149, 52.09208], [5.59145, 52.08309]]]}}, {"type": "Feature", "properties": {"ntot": 2328, "nhx": 1933, "noy": 396, "share_in_municipality": 0.0}, "geometry": {"type": "Polygon", "coordinates": [[[5.60604, 52.08306], [5.62063, 52.08304], [5.62067, 52.09202], [5.60608, 52.09205], [5.60604, 52.08306]]]}}, {"type": "Feature", "properties": {"ntot": 1557, "nhx": 1208, "noy": 349, "share_in_municipality": 0.0}, "geometry": {"type": "Polygon", "coordinates": [[[5.62063, 52.08304], [5.63522, 52.08301], [5.63527, 52.092], [5.62067, 52.09202], [5.62063, 52.08304]]]}}, {"type": "Feature", "properties": {"ntot": 1769, "nhx": 1310, "noy": 459, "share_in_municipality": 0.0}, "geometry": {"type": "Polygon", "coordinates": [[[5.63522, 52.08301], [5.64981, 52.08298], [5.64986, 52.09196], [5.63527, 52.092], [5.63522, 52.08301]]]}}, {"type": "Feature", "properties": {"ntot": 1712, "nhx": 1254, "noy": 458, "share_in_municipality": 0.0}, "geometry": {"type": "Polygon", "coordinates": [[[5.64981, 52.08298], [5.66439, 52.08294], [5.66445, 52.09193], [5.64986, 52.09196], [5.64981, 52.08298]]]}}, {"type": "Feature", "properties": {"ntot": 1164, "nhx": 817, "noy": 347, "share_in_municipality": 0.0}, "geometry": {"type": "Polygon", "coordinates": [[[5.66439, 52.08294], [5.67898, 52.08291], [5.67904, 52.09189], [5.66445, 52.09193], [5.66439, 52.08294]]]}}, {"type": "Feature", "properties": {"ntot": 1178, "nhx": 820, "noy": 358, "share_in_municipality": 0.0}, "geometry": {"type": "Polygon", "coordinates": [[[5.67898, 52.08291], [5.69357, 52.08287], [5.69363, 52.09186], [5.67904, 52.09189], [5.67898, 52.08291]]]}}, {"type": "Feature", "properties": {"ntot": 1482, "nhx": 1047, "noy": 435, "share_in_municipality": 0.0}, "geometry": {"type": "Polygon", "coordinates": [[[5.69357, 52.08287], [5.70816, 52.08283], [5.70823, 52.09182], [5.69363, 52.09186], [5.69357, 52.08287]]]}}, {"type": "Feature", "properties": {"ntot": 1446, "nhx": 1013, "noy": 433, "share_in_municipality": 0.0}, "geometry": {"type": "Polygon", "coordinates": [[[5.70816, 52.08283], [5.72275, 52.08279], [5.72282, 52.09178], [5.70823, 52.09182], [5.70816, 52.08283]]]}}, {"type": "Feature", "properties": {"ntot": 1525, "nhx": 1075, "noy": 450, "share_in_municipality": 0.0}, "geometry": {"type": "Polygon", "coordinates": [[[5.72275, 52.08279], [5.73734, 52.08275], [5.73741, 52.09174], [5.72282, 52.09178], [5.72275, 52.08279]]]}}, {"type": "Feature", "properties": {"ntot": 1576, "nhx": 1112, "noy": 464, "share_in_municipality": 0.0}, "geometry": {"type": "Polygon", "coordinates": [[[5.73734, 52.08275], [5.75193, 52.0827], [5.752, 52.09169], [5.73741, 52.09174], [5.73734, 52.08275]]]}}, {"type": "Feature", "properties": {"ntot": 1512, "nhx": 1058, "noy": 454, "share_in_municipality": 0.0}, "geometry": {"type": "Polygon", "coordinates": [[[5.75193, 52.0827], [5.76652, 52.08266], [5.76659, 52.09165], [5.752, 52.09169], [5.75193, 52.0827]]]}}, {"type": "Feature", "properties": {"ntot": 1180, "nhx": 806, "noy": 375, "share_in_municipality": 0.0}, "geometry": {"type": "Polygon", "coordinates": [[[5.76652, 52.08266], [5.7811, 52.08261], [5.78118, 52.0916], [5.76659, 52.09165], [5.76652, 52.08266]]]}}, {"type": "Feature", "properties": {"ntot": 1413, "nhx": 968, "noy": 445, "share_in_municipality": 0.0}, "geometry": {"type": "Polygon", "coordinates": [[[5.7811, 52.08261], [5.79569, 52.08256], [5.79577, 52.09155], [5.78118, 52.0916], [5.7811, 52.08261]]]}}, {"type": "Feature", "properties": {"ntot": 1276, "nhx": 862, "noy": 415, "share_in_municipality": 0.0}, "geometry": {"type": "Polygon", "coordinates": [[[5.79569, 52.08256], [5.81028, 52.08251], [5.81037, 52.0915], [5.79577, 52.09155], [5.79569, 52.08256]]]}}, {"type": "Feature", "properties": {"ntot": 1304, "nhx": 881, "noy": 424, "share_in_municipality": 0.0}, "geometry": {"type": "Polygon", "coordinates": [[[5.81028, 52.08251], [5.82487, 52.08245], [5.82496, 52.09144], [5.81037, 52.0915], [5.81028, 52.08251]]]}}, {"type": "Feature", "properties": {"ntot": 976, "nhx": 645, "noy": 330, "share_in_municipality": 0.0}, "geometry": {"type": "Polygon", "coordinates": [[[5.82487, 52.08245], [5.83946, 52.0824], [5.83955, 52.09139], [5.82496, 52.09144], [5.82487, 52.08245]]]}}, {"type": "Feature", "properties": {"ntot": 968, "nhx": 638, "noy": 331, "share_in_municipality": 0.0}, "geometry": {"type": "Polygon", "coordinates": [[[5.83946, 52.0824], [5.85405, 52.08234], [5.85414, 52.09133], [5.83955, 52.09139], [5.83946, 52.0824]]]}}, {"type": "Feature", "properties": {"ntot": 1175, "nhx": 674, "noy": 500, "share_in_municipality": 0.0}, "geometry": {"type": "Polygon", "coordinates": [[[5.16832, 52.09205], [5.18292, 52.09208], [5.18287, 52.10107], [5.16828, 52.10104], [5.16832, 52.09205]]]}}, {"type": "Feature", "properties": {"ntot": 1015, "nhx": 578, "noy": 436, "share_in_municipality": 0.0}, "geometry": {"type": "Polygon", "coordinates": [[[5.18292, 52.09208], [5.19751, 52.0921], [5.19747, 52.10109], [5.18287, 52.10107], [5.18292, 52.09208]]]}}, {"type": "Feature", "properties": {"ntot": 1315, "nhx": 799, "noy": 516, "share_in_municipality": 0.0}, "geometry": {"type": "Polygon", "coordinates": [[[5.19751, 52.0921], [5.2121, 52.09213], [5.21206, 52.10111], [5.19747, 52.10109], [5.19751, 52.0921]]]}}, {"type": "Feature", "properties": {"ntot": 1278, "nhx": 854, "noy": 424, "share_in_municipality": 0.0}, "geometry": {"type": "Polygon", "coordinates": [[[5.2121, 52.09213], [5.22669, 52.09215], [5.22666, 52.10114], [5.21206, 52.10111], [5.2121, 52.09213]]]}}, {"type": "Feature", "properties": {"ntot": 1516, "nhx": 1059, "noy": 457, "share_in_municipality": 0.0}, "geometry": {"type": "Polygon", "coordinates": [[[5.22669, 52.09215], [5.24128, 52.09217], [5.24125, 52.10115], [5.22666, 52.10114], [5.22669, 52.09215]]]}}, {"type": "Feature", "properties": {"ntot": 1398, "nhx": 981, "noy": 417, "share_in_municipality": 0.0}, "geometry": {"type": "Polygon", "coordinates": [[[5.24128, 52.09217], [5.25588, 52.09218], [5.25585, 52.10117], [5.24125, 52.10115], [5.24128, 52.09217]]]}}, {"type": "Feature", "properties": {"ntot": 1182, "nhx": 797, "noy": 385, "share_in_municipality": 0.0}, "geometry": {"type": "Polygon", "coordinates": [[[5.25588, 52.09218], [5.27047, 52.0922], [5.27044, 52.10119], [5.25585, 52.10117], [5.25588, 52.09218]]]}}, {"type": "Feature", "properties": {"ntot": 1497, "nhx": 980, "noy": 517, "share_in_municipality": 0.0}, "geometry": {"type": "Polygon", "coordinates": [[[5.27047, 52.0922], [5.28506, 52.09221], [5.28504, 52.1012], [5.27044, 52.10119], [5.27047, 52.0922]]]}}, {"type": "Feature", "properties": {"ntot": 1356, "nhx": 884, "noy": 472, "share_in_municipality": 0.0}, "geometry": {"type": "Polygon", "coordinates": [[[5.28506, 52.09221], [5.29965, 52.09222], [5.29963, 52.10121], [5.28504, 52.1012], [5.28506, 52.09221]]]}}, {"type": "Feature", "properties": {"ntot": 1466, "nhx": 963, "noy": 503, "share_in_municipality": 0.0}, "geometry": {"type": "Polygon", "coordinates": [[[5.29965, 52.09222], [5.31424, 52.09223], [5.31423, 52.10122], [5.29963, 52.10121], [5.29965, 52.09222]]]}}, {"type": "Feature", "properties": {"ntot": 1493, "nhx": 983, "noy": 510, "share_in_municipality": 0.0}, "geometry": {"type": "Polygon", "coordinates": [[[5.31424, 52.09223], [5.32884, 52.09224], [5.32882, 52.10123], [5.31423, 52.10122], [5.31424, 52.09223]]]}}, {"type": "Feature", "properties": {"ntot": 1184, "nhx": 782, "noy": 402, "share_in_municipality": 0.0}, "geometry": {"type": "Polygon", "coordinates": [[[5.32884, 52.09224], [5.34343, 52.09225], [5.34342, 52.10124], [5.32882, 52.10123], [5.32884, 52.09224]]]}}, {"type": "Feature", "properties": {"ntot": 1004, "nhx": 649, "noy": 356, "share_in_municipality": 0.0}, "geometry": {"type": "Polygon", "coordinates": [[[5.34343, 52.09225], [5.35802, 52.09225], [5.35801, 52.10124], [5.34342, 52.10124], [5.34343, 52.09225]]]}}, {"type": "Feature", "properties": {"ntot": 1037, "nhx": 654, "noy": 382, "share_in_municipality": 0.0}, "geometry": {"type": "Polygon", "coordinates": [[[5.35802, 52.09225], [5.37261, 52.09226], [5.37261, 52.10124], [5.35801, 52.10124], [5.35802, 52.09225]]]}}, {"type": "Feature", "properties": {"ntot": 1362, "nhx": 901, "noy": 460, "share_in_municipality": 0.0}, "geometry": {"type": "Polygon", "coordinates": [[[5.37261, 52.09226], [5.3872, 52.09226], [5.3872, 52.10124], [5.37261, 52.10124], [5.37261, 52.09226]]]}}, {"type": "Feature", "properties": {"ntot": 930, "nhx": 602, "noy": 328, "share_in_municipality": 0.0}, "geometry": {"type": "Polygon", "coordinates": [[[5.3872, 52.09226], [5.4018, 52.09226], [5.4018, 52.10124], [5.3872, 52.10124], [5.3872, 52.09226]]]}}, {"type": "Feature", "properties": {"ntot": 989, "nhx": 650, "noy": 340, "share_in_municipality": 0.0}, "geometry": {"type": "Polygon", "coordinates": [[[5.4018, 52.09226], [5.41639, 52.09225], [5.41639, 52.10124], [5.4018, 52.10124], [5.4018, 52.09226]]]}}, {"type": "Feature", "properties": {"ntot": 1098, "nhx": 738, "noy": 359, "share_in_municipality": 0.0}, "geometry": {"type": "Polygon", "coordinates": [[[5.41639, 52.09225], [5.43098, 52.09225], [5.43099, 52.10124], [5.41639, 52.10124], [5.41639, 52.09225]]]}}, {"type": "Feature", "properties": {"ntot": 1102, "nhx": 766, "noy": 336, "share_in_municipality": 0.0}, "geometry": {"type": "Polygon", "coordinates": [[[5.43098, 52.09225], [5.44557, 52.09224], [5.44558, 52.10123], [5.43099, 52.10124], [5.43098, 52.09225]]]}}, {"type": "Feature", "properties": {"ntot": 1146, "nhx": 837, "noy": 309, "share_in_municipality": 0.0}, "geometry": {"type": "Polygon", "coordinates": [[[5.44557, 52.09224], [5.46016, 52.09223], [5.46018, 52.10122], [5.44558, 52.10123], [5.44557, 52.09224]]]}}, {"type": "Feature", "properties": {"ntot": 1640, "nhx": 1317, "noy": 323, "share_in_municipality": 0.0}, "geometry": {"type": "Polygon", "coordinates": [[[5.46016, 52.09223], [5.47476, 52.09222], [5.47477, 52.10121], [5.46018, 52.10122], [5.46016, 52.09223]]]}}, {"type": "Feature", "properties": {"ntot": 1250, "nhx": 919, "noy": 331, "share_in_municipality": 0.0}, "geometry": {"type": "Polygon", "coordinates": [[[5.47476, 52.09222], [5.48935, 52.09221], [5.48937, 52.1012], [5.47477, 52.10121], [5.47476, 52.09222]]]}}, {"type": "Feature", "properties": {"ntot": 1558, "nhx": 1224, "noy": 334, "share_in_municipality": 0.0}, "geometry": {"type": "Polygon", "coordinates": [[[5.48935, 52.09221], [5.50394, 52.0922], [5.50396, 52.10119], [5.48937, 52.1012], [5.48935, 52.09221]]]}}, {"type": "Feature", "properties": {"ntot": 1773, "nhx": 1442, "noy": 331, "share_in_municipality": 0.0}, "geometry": {"type": "Polygon", "coordinates": [[[5.50394, 52.0922], [5.51853, 52.09218], [5.51856, 52.10117], [5.50396, 52.10119], [5.50394, 52.0922]]]}}, {"type": "Feature", "properties": {"ntot": 2112, "nhx": 1798, "noy": 314, "share_in_municipality": 0.0}, "geometry": {"type": "Polygon", "coordinates": [[[5.51853, 52.09218], [5.53312, 52.09217], [5.53315, 52.10115], [5.51856, 52.10117], [5.51853, 52.09218]]]}}, {"type": "Feature", "properties": {"ntot": 2248, "nhx": 1890, "noy": 358, "share_in_municipality": 0.0}, "geometry": {"type": "Polygon", "coordinates": [[[5.53312, 52.09217], [5.54772, 52.09215], [5.54775, 52.10113], [5.53315, 52.10115], [5.53312, 52.09217]]]}}, {"type": "Feature", "properties": {"ntot": 2309, "nhx": 1983, "noy": 326, "share_in_municipality": 0.0}, "geometry": {"type": "Polygon", "coordinates": [[[5.54772, 52.09215], [5.56231, 52.09213], [5.56234, 52.10111], [5.54775, 52.10113], [5.54772, 52.09215]]]}}, {"type": "Feature", "properties": {"ntot": 2512, "nhx": 2196, "noy": 316, "share_in_municipality": 0.0}, "geometry": {"type": "Polygon", "coordinates": [[[5.56231, 52.09213], [5.5769, 52.0921], [5.57694, 52.10109], [5.56234, 52.10111], [5.56231, 52.09213]]]}}, {"type": "Feature", "properties": {"ntot": 2580, "nhx": 2233, "noy": 347, "share_in_municipality": 0.0}, "geometry": {"type": "Polygon", "coordinates": [[[5.5769, 52.0921], [5.59149, 52.09208], [5.59153, 52.10107], [5.57694, 52.10109], [5.5769, 52.0921]]]}}, {"type": "Feature", "properties": {"ntot": 2183, "nhx": 1834, "noy": 349, "share_in_municipality": 0.0}, "geometry": {"type": "Polygon", "coordinates": [[[5.59149, 52.09208], [5.60608, 52.09205], [5.60613, 52.10104], [5.59153, 52.10107], [5.59149, 52.09208]]]}}, {"type": "Feature", "properties": {"ntot": 1614, "nhx": 1292, "noy": 322, "share_in_municipality": 0.0}, "geometry": {"type": "Polygon", "coordinates": [[[5.60608, 52.09205], [5.62067, 52.09202], [5.62072, 52.10101], [5.60613, 52.10104], [5.60608, 52.09205]]]}}, {"type": "Feature", "properties": {"ntot": 1329, "nhx": 992, "noy": 337, "share_in_municipality": 0.0}, "geometry": {"type": "Polygon", "coordinates": [[[5.62067, 52.09202], [5.63527, 52.092], [5.63532, 52.10098], [5.62072, 52.10101], [5.62067, 52.09202]]]}}, {"type": "Feature", "properties": {"ntot": 1486, "nhx": 1108, "noy": 378, "share_in_municipality": 0.0}, "geometry": {"type": "Polygon", "coordinates": [[[5.63527, 52.092], [5.64986, 52.09196], [5.64991, 52.10095], [5.63532, 52.10098], [5.63527, 52.092]]]}}, {"type": "Feature", "properties": {"ntot": 1639, "nhx": 1200, "noy": 439, "share_in_municipality": 0.0}, "geometry": {"type": "Polygon", "coordinates": [[[5.64986, 52.09196], [5.66445, 52.09193], [5.66451, 52.10092], [5.64991, 52.10095], [5.64986, 52.09196]]]}}, {"type": "Feature", "properties": {"ntot": 1184, "nhx": 833, "noy": 350, "share_in_municipality": 0.0}, "geometry": {"type": "Polygon", "coordinates": [[[5.66445, 52.09193], [5.67904, 52.09189], [5.6791, 52.10088], [5.66451, 52.10092], [5.66445, 52.09193]]]}}, {"type": "Feature", "properties": {"ntot": 1260, "nhx": 900, "noy": 359, "share_in_municipality": 0.0}, "geometry": {"type": "Polygon", "coordinates": [[[5.67904, 52.09189], [5.69363, 52.09186], [5.6937, 52.10085], [5.6791, 52.10088], [5.67904, 52.09189]]]}}, {"type": "Feature", "properties": {"ntot": 1536, "nhx": 1102, "noy": 434, "share_in_municipality": 0.0}, "geometry": {"type": "Polygon", "coordinates": [[[5.69363, 52.09186], [5.70823, 52.09182], [5.70829, 52.10081], [5.6937, 52.10085], [5.69363, 52.09186]]]}}, {"type": "Feature", "properties": {"ntot": 1652, "nhx": 1191, "noy": 461, "share_in_municipality": 0.0}, "geometry": {"type": "Polygon", "coordinates": [[[5.70823, 52.09182], [5.72282, 52.09178], [5.72288, 52.10077], [5.70829, 52.10081], [5.70823, 52.09182]]]}}, {"type": "Feature", "properties": {"ntot": 1207, "nhx": 853, "noy": 354, "share_in_municipality": 0.0}, "geometry": {"type": "Polygon", "coordinates": [[[5.72282, 52.09178], [5.73741, 52.09174], [5.73748, 52.10072], [5.72288, 52.10077], [5.72282, 52.09178]]]}}, {"type": "Feature", "properties": {"ntot": 1099, "nhx": 760, "noy": 339, "share_in_municipality": 0.0}, "geometry": {"type": "Polygon", "coordinates": [[[5.73741, 52.09174], [5.752, 52.09169], [5.75207, 52.10068], [5.73748, 52.10072], [5.73741, 52.09174]]]}}, {"type": "Feature", "properties": {"ntot": 1246, "nhx": 903, "noy": 343, "share_in_municipality": 0.0}, "geometry": {"type": "Polygon", "coordinates": [[[5.752, 52.09169], [5.76659, 52.09165], [5.76667, 52.10063], [5.75207, 52.10068], [5.752, 52.09169]]]}}, {"type": "Feature", "properties": {"ntot": 1338, "nhx": 973, "noy": 365, "share_in_municipality": 0.0}, "geometry": {"type": "Polygon", "coordinates": [[[5.76659, 52.09165], [5.78118, 52.0916], [5.78126, 52.10059], [5.76667, 52.10063], [5.76659, 52.09165]]]}}, {"type": "Feature", "properties": {"ntot": 1132, "nhx": 777, "noy": 355, "share_in_municipality": 0.0}, "geometry": {"type": "Polygon", "coordinates": [[[5.78118, 52.0916], [5.79577, 52.09155], [5.79586, 52.10054], [5.78126, 52.10059], [5.78118, 52.0916]]]}}, {"type": "Feature", "properties": {"ntot": 1264, "nhx": 856, "noy": 408, "share_in_municipality": 0.0}, "geometry": {"type": "Polygon", "coordinates": [[[5.79577, 52.09155], [5.81037, 52.0915], [5.81045, 52.10048], [5.79586, 52.10054], [5.79577, 52.09155]]]}}, {"type": "Feature", "properties": {"ntot": 1389, "nhx": 950, "noy": 439, "share_in_municipality": 0.0}, "geometry": {"type": "Polygon", "coordinates": [[[5.81037, 52.0915], [5.82496, 52.09144], [5.82505, 52.10043], [5.81045, 52.10048], [5.81037, 52.0915]]]}}, {"type": "Feature", "properties": {"ntot": 1245, "nhx": 837, "noy": 408, "share_in_municipality": 0.0}, "geometry": {"type": "Polygon", "coordinates": [[[5.82496, 52.09144], [5.83955, 52.09139], [5.83964, 52.10038], [5.82505, 52.10043], [5.82496, 52.09144]]]}}, {"type": "Feature", "properties": {"ntot": 1315, "nhx": 885, "noy": 430, "share_in_municipality": 0.0}, "geometry": {"type": "Polygon", "coordinates": [[[5.83955, 52.09139], [5.85414, 52.09133], [5.85423, 52.10032], [5.83964, 52.10038], [5.83955, 52.09139]]]}}, {"type": "Feature", "properties": {"ntot": 1474, "nhx": 1029, "noy": 445, "share_in_municipality": 0.0}, "geometry": {"type": "Polygon", "coordinates": [[[5.16828, 52.10104], [5.18287, 52.10107], [5.18283, 52.11006], [5.16824, 52.11003], [5.16828, 52.10104]]]}}, {"type": "Feature", "properties": {"ntot": 1342, "nhx": 891, "noy": 450, "share_in_municipality": 0.0}, "geometry": {"type": "Polygon", "coordinates": [[[5.18287, 52.10107], [5.19747, 52.10109], [5.19743, 52.11008], [5.18283, 52.11006], [5.18287, 52.10107]]]}}, {"type": "Feature", "properties": {"ntot": 1358, "nhx": 888, "noy": 470, "share_in_municipality": 0.0}, "geometry": {"type": "Polygon", "coordinates": [[[5.19747, 52.10109], [5.21206, 52.10111], [5.21203, 52.1101], [5.19743, 52.11008], [5.19747, 52.10109]]]}}, {"type": "Feature", "properties": {"ntot": 1726, "nhx": 1099, "noy": 627, "share_in_municipality": 0.0}, "geometry": {"type": "Polygon", "coordinates": [[[5.21206, 52.10111], [5.22666, 52.10114], [5.22663, 52.11012], [5.21203, 52.1101], [5.21206, 52.10111]]]}}, {"type": "Feature", "properties": {"ntot": 1716, "nhx": 1086, "noy": 630, "share_in_municipality": 0.0}, "geometry": {"type": "Polygon", "coordinates": [[[5.22666, 52.10114], [5.24125, 52.10115], [5.24122, 52.11014], [5.22663, 52.11012], [5.22666, 52.10114]]]}}, {"type": "Feature", "properties": {"ntot": 1593, "nhx": 1027, "noy": 566, "share_in_municipality": 0.0}, "geometry": {"type": "Polygon", "coordinates": [[[5.24125, 52.10115], [5.25585, 52.10117], [5.25582, 52.11016], [5.24122, 52.11014], [5.24125, 52.10115]]]}}, {"type": "Feature", "properties": {"ntot": 1388, "nhx": 875, "noy": 513, "share_in_municipality": 0.0}, "geometry": {"type": "Polygon", "coordinates": [[[5.25585, 52.10117], [5.27044, 52.10119], [5.27042, 52.11017], [5.25582, 52.11016], [5.25585, 52.10117]]]}}, {"type": "Feature", "properties": {"ntot": 1569, "nhx": 998, "noy": 571, "share_in_municipality": 0.0}, "geometry": {"type": "Polygon", "coordinates": [[[5.27044, 52.10119], [5.28504, 52.1012], [5.28502, 52.11019], [5.27042, 52.11017], [5.27044, 52.10119]]]}}, {"type": "Feature", "properties": {"ntot": 1535, "nhx": 1008, "noy": 527, "share_in_municipality": 0.0}, "geometry": {"type": "Polygon", "coordinates": [[[5.28504, 52.1012], [5.29963, 52.10121], [5.29962, 52.1102], [5.28502, 52.11019], [5.28504, 52.1012]]]}}, {"type": "Feature", "properties": {"ntot": 1509, "nhx": 990, "noy": 519, "share_in_municipality": 0.0}, "geometry": {"type": "Polygon", "coordinates": [[[5.29963, 52.10121], [5.31423, 52.10122], [5.31421, 52.11021], [5.29962, 52.1102], [5.29963, 52.10121]]]}}, {"type": "Feature", "properties": {"ntot": 1178, "nhx": 770, "noy": 409, "share_in_municipality": 0.0}, "geometry": {"type": "Polygon", "coordinates": [[[5.31423, 52.10122], [5.32882, 52.10123], [5.32881, 52.11022], [5.31421, 52.11021], [5.31423, 52.10122]]]}}, {"type": "Feature", "properties": {"ntot": 784, "nhx": 486, "noy": 298, "share_in_municipality": 0.0}, "geometry": {"type": "Polygon", "coordinates": [[[5.32882, 52.10123], [5.34342, 52.10124], [5.34341, 52.11022], [5.32881, 52.11022], [5.32882, 52.10123]]]}}, {"type": "Feature", "properties": {"ntot": 981, "nhx": 628, "noy": 354, "share_in_municipality": 0.0}, "geometry": {"type": "Polygon", "coordinates": [[[5.34342, 52.10124], [5.35801, 52.10124], [5.35801, 52.11023], [5.34341, 52.11022], [5.34342, 52.10124]]]}}, {"type": "Feature", "properties": {"ntot": 1301, "nhx": 837, "noy": 464, "share_in_municipality": 0.0}, "geometry": {"type": "Polygon", "coordinates": [[[5.35801, 52.10124], [5.37261, 52.10124], [5.37261, 52.11023], [5.35801, 52.11023], [5.35801, 52.10124]]]}}, {"type": "Feature", "properties": {"ntot": 1515, "nhx": 1014, "noy": 501, "share_in_municipality": 0.0}, "geometry": {"type": "Polygon", "coordinates": [[[5.37261, 52.10124], [5.3872, 52.10124], [5.3872, 52.11023], [5.37261, 52.11023], [5.37261, 52.10124]]]}}, {"type": "Feature", "properties": {"ntot": 1103, "nhx": 735, "noy": 368, "share_in_municipality": 0.0}, "geometry": {"type": "Polygon", "coordinates": [[[5.3872, 52.10124], [5.4018, 52.10124], [5.4018, 52.11023], [5.3872, 52.11023], [5.3872, 52.10124]]]}}, {"type": "Feature", "properties": {"ntot": 936, "nhx": 600, "noy": 336, "share_in_municipality": 0.0}, "geometry": {"type": "Polygon", "coordinates": [[[5.4018, 52.10124], [5.41639, 52.10124], [5.4164, 52.11023], [5.4018, 52.11023], [5.4018, 52.10124]]]}}, {"type": "Feature", "properties": {"ntot": 1045, "nhx": 710, "noy": 335, "share_in_municipality": 0.0}, "geometry": {"type": "Polygon", "coordinates": [[[5.41639, 52.10124], [5.43099, 52.10124], [5.431, 52.11022], [5.4164, 52.11023], [5.41639, 52.10124]]]}}, {"type": "Feature", "properties": {"ntot": 1096, "nhx": 784, "noy": 311, "share_in_municipality": 0.0}, "geometry": {"type": "Polygon", "coordinates": [[[5.43099, 52.10124], [5.44558, 52.10123], [5.44559, 52.11022], [5.431, 52.11022], [5.43099, 52.10124]]]}}, {"type": "Feature", "properties": {"ntot": 1160, "nhx": 841, "noy": 319, "share_in_municipality": 0.0}, "geometry": {"type": "Polygon", "coordinates": [[[5.44558, 52.10123], [5.46018, 52.10122], [5.46019, 52.11021], [5.44559, 52.11022], [5.44558, 52.10123]]]}}, {"type": "Feature", "properties": {"ntot": 1176, "nhx": 852, "noy": 324, "share_in_municipality": 0.0}, "geometry": {"type": "Polygon", "coordinates": [[[5.46018, 52.10122], [5.47477, 52.10121], [5.47479, 52.1102], [5.46019, 52.11021], [5.46018, 52.10122]]]}}, {"type": "Feature", "properties": {"ntot": 1488, "nhx": 1159, "noy": 329, "share_in_municipality": 0.0}, "geometry": {"type": "Polygon", "coordinates": [[[5.47477, 52.10121], [5.48937, 52.1012], [5.48939, 52.11019], [5.47479, 52.1102], [5.47477, 52.10121]]]}}, {"type": "Feature", "properties": {"ntot": 1841, "nhx": 1535, "noy": 306, "share_in_municipality": 0.0}, "geometry": {"type": "Polygon", "coordinates": [[[5.48937, 52.1012], [5.50396, 52.10119], [5.50399, 52.11017], [5.48939, 52.11019], [5.48937, 52.1012]]]}}, {"type": "Feature", "properties": {"ntot": 1671, "nhx": 1328, "noy": 343, "share_in_municipality": 0.0}, "geometry": {"type": "Polygon", "coordinates": [[[5.50396, 52.10119], [5.51856, 52.10117], [5.51858, 52.11016], [5.50399, 52.11017], [5.50396, 52.10119]]]}}, {"type": "Feature", "properties": {"ntot": 1936, "nhx": 1599, "noy": 337, "share_in_municipality": 0.0}, "geometry": {"type": "Polygon", "coordinates": [[[5.51856, 52.10117], [5.53315, 52.10115], [5.53318, 52.11014], [5.51858, 52.11016], [5.51856, 52.10117]]]}}, {"type": "Feature", "properties": {"ntot": 1721, "nhx": 1413, "noy": 308, "share_in_municipality": 0.0}, "geometry": {"type": "Polygon", "coordinates": [[[5.53315, 52.10115], [5.54775, 52.10113], [5.54778, 52.11012], [5.53318, 52.11014], [5.53315, 52.10115]]]}}, {"type": "Feature", "properties": {"ntot": 1804, "nhx": 1487, "noy": 317, "share_in_municipality": 0.0}, "geometry": {"type": "Polygon", "coordinates": [[[5.54775, 52.10113], [5.56234, 52.10111], [5.56238, 52.1101], [5.54778, 52.11012], [5.54775, 52.10113]]]}}, {"type": "Feature", "properties": {"ntot": 2768, "nhx": 2444, "noy": 324, "share_in_municipality": 0.0}, "geometry": {"type": "Polygon", "coordinates": [[[5.56234, 52.10111], [5.57694, 52.10109], [5.57698, 52.11008], [5.56238, 52.1101], [5.56234, 52.10111]]]}}, {"type": "Feature", "properties": {"ntot": 2150, "nhx": 1767, "noy": 383, "share_in_municipality": 0.0}, "geometry": {"type": "Polygon", "coordinates": [[[5.57694, 52.10109], [5.59153, 52.10107], [5.59157, 52.11006], [5.57698, 52.11008], [5.57694, 52.10109]]]}}, {"type": "Feature", "properties": {"ntot": 2129, "nhx": 1807, "noy": 322, "share_in_municipality": 0.0}, "geometry": {"type": "Polygon", "coordinates": [[[5.59153, 52.10107], [5.60613, 52.10104], [5.60617, 52.11003], [5.59157, 52.11006], [5.59153, 52.10107]]]}}, {"type": "Feature", "properties": {"ntot": 1743, "nhx": 1426, "noy": 317, "share_in_municipality": 0.0}, "geometry": {"type": "Polygon", "coordinates": [[[5.60613, 52.10104], [5.62072, 52.10101], [5.62077, 52.11], [5.60617, 52.11003], [5.60613, 52.10104]]]}}, {"type": "Feature", "properties": {"ntot": 1336, "nhx": 1019, "noy": 317, "share_in_municipality": 0.0}, "geometry": {"type": "Polygon", "coordinates": [[[5.62072, 52.10101], [5.63532, 52.10098], [5.63537, 52.10997], [5.62077, 52.11], [5.62072, 52.10101]]]}}, {"type": "Feature", "properties": {"ntot": 1413, "nhx": 1068, "noy": 345, "share_in_municipality": 0.0}, "geometry": {"type": "Polygon", "coordinates": [[[5.63532, 52.10098], [5.64991, 52.10095], [5.64996, 52.10994], [5.63537, 52.10997], [5.63532, 52.10098]]]}}, {"type": "Feature", "properties": {"ntot": 1424, "nhx": 1057, "noy": 367, "share_in_municipality": 0.0}, "geometry": {"type": "Polygon", "coordinates": [[[5.64991, 52.10095], [5.66451, 52.10092], [5.66456, 52.10991], [5.64996, 52.10994], [5.64991, 52.10095]]]}}, {"type": "Feature", "properties": {"ntot": 1610, "nhx": 1184, "noy": 426, "share_in_municipality": 0.0}, "geometry": {"type": "Polygon", "coordinates": [[[5.66451, 52.10092], [5.6791, 52.10088], [5.67916, 52.10987], [5.66456, 52.10991], [5.66451, 52.10092]]]}}, {"type": "Feature", "properties": {"ntot": 1370, "nhx": 1011, "noy": 359, "share_in_municipality": 0.0}, "geometry": {"type": "Polygon", "coordinates": [[[5.6791, 52.10088], [5.6937, 52.10085], [5.69376, 52.10983], [5.67916, 52.10987], [5.6791, 52.10088]]]}}, {"type": "Feature", "properties": {"ntot": 1278, "nhx": 935, "noy": 344, "share_in_municipality": 0.0}, "geometry": {"type": "Polygon", "coordinates": [[[5.6937, 52.10085], [5.70829, 52.10081], [5.70835, 52.10979], [5.69376, 52.10983], [5.6937, 52.10085]]]}}, {"type": "Feature", "properties": {"ntot": 1259, "nhx": 944, "noy": 315, "share_in_municipality": 0.0}, "geometry": {"type": "Polygon", "coordinates": [[[5.70829, 52.10081], [5.72288, 52.10077], [5.72295, 52.10975], [5.70835, 52.10979], [5.70829, 52.10081]]]}}, {"type": "Feature", "properties": {"ntot": 1536, "nhx": 1217, "noy": 319, "share_in_municipality": 0.0}, "geometry": {"type": "Polygon", "coordinates": [[[5.72288, 52.10077], [5.73748, 52.10072], [5.73755, 52.10971], [5.72295, 52.10975], [5.72288, 52.10077]]]}}, {"type": "Feature", "properties": {"ntot": 1379, "nhx": 1066, "noy": 313, "share_in_municipality": 0.0}, "geometry": {"type": "Polygon", "coordinates": [[[5.73748, 52.10072], [5.75207, 52.10068], [5.75215, 52.10967], [5.73755, 52.10971], [5.73748, 52.10072]]]}}, {"type": "Feature", "properties": {"ntot": 1390, "nhx": 1072, "noy": 318, "share_in_municipality": 0.0}, "geometry": {"type": "Polygon", "coordinates": [[[5.75207, 52.10068], [5.76667, 52.10063], [5.76674, 52.10962], [5.75215, 52.10967], [5.75207, 52.10068]]]}}, {"type": "Feature", "properties": {"ntot": 1297, "nhx": 932, "noy": 365, "share_in_municipality": 0.0}, "geometry": {"type": "Polygon", "coordinates": [[[5.76667, 52.10063], [5.78126, 52.10059], [5.78134, 52.10957], [5.76674, 52.10962], [5.76667, 52.10063]]]}}, {"type": "Feature", "properties": {"ntot": 1440, "nhx": 1002, "noy": 438, "share_in_municipality": 0.0}, "geometry": {"type": "Polygon", "coordinates": [[[5.78126, 52.10059], [5.79586, 52.10054], [5.79594, 52.10952], [5.78134, 52.10957], [5.78126, 52.10059]]]}}, {"type": "Feature", "properties": {"ntot": 959, "nhx": 636, "noy": 322, "share_in_municipality": 0.0}, "geometry": {"type": "Polygon", "coordinates": [[[5.79586, 52.10054], [5.81045, 52.10048], [5.81054, 52.10947], [5.79594, 52.10952], [5.79586, 52.10054]]]}}, {"type": "Feature", "properties": {"ntot": 1215, "nhx": 843, "noy": 372, "share_in_municipality": 0.0}, "geometry": {"type": "Polygon", "coordinates": [[[5.81045, 52.10048], [5.82505, 52.10043], [5.82513, 52.10942], [5.81054, 52.10947], [5.81045, 52.10048]]]}}, {"type": "Feature", "properties": {"ntot": 1387, "nhx": 946, "noy": 442, "share_in_municipality": 0.0}, "geometry": {"type": "Polygon", "coordinates": [[[5.82505, 52.10043], [5.83964, 52.10038], [5.83973, 52.10936], [5.82513, 52.10942], [5.82505, 52.10043]]]}}, {"type": "Feature", "properties": {"ntot": 1252, "nhx": 840, "noy": 412, "share_in_municipality": 0.0}, "geometry": {"type": "Polygon", "coordinates": [[[5.83964, 52.10038], [5.85423, 52.10032], [5.85433, 52.10931], [5.83973, 52.10936], [5.83964, 52.10038]]]}}, {"type": "Feature", "properties": {"ntot": 1343, "nhx": 943, "noy": 400, "share_in_municipality": 0.0}, "geometry": {"type": "Polygon", "coordinates": [[[5.16824, 52.11003], [5.18283, 52.11006], [5.18279, 52.11904], [5.16819, 52.11902], [5.16824, 52.11003]]]}}, {"type": "Feature", "properties": {"ntot": 1246, "nhx": 839, "noy": 407, "share_in_municipality": 0.0}, "geometry": {"type": "Polygon", "coordinates": [[[5.18283, 52.11006], [5.19743, 52.11008], [5.19739, 52.11907], [5.18279, 52.11904], [5.18283, 52.11006]]]}}, {"type": "Feature", "properties": {"ntot": 1352, "nhx": 899, "noy": 453, "share_in_municipality": 0.0}, "geometry": {"type": "Polygon", "coordinates": [[[5.19743, 52.11008], [5.21203, 52.1101], [5.21199, 52.11909], [5.19739, 52.11907], [5.19743, 52.11008]]]}}, {"type": "Feature", "properties": {"ntot": 1570, "nhx": 1037, "noy": 533, "share_in_municipality": 0.0}, "geometry": {"type": "Polygon", "coordinates": [[[5.21203, 52.1101], [5.22663, 52.11012], [5.22659, 52.11911], [5.21199, 52.11909], [5.21203, 52.1101]]]}}, {"type": "Feature", "properties": {"ntot": 1481, "nhx": 970, "noy": 511, "share_in_municipality": 0.0}, "geometry": {"type": "Polygon", "coordinates": [[[5.22663, 52.11012], [5.24122, 52.11014], [5.2412, 52.11913], [5.22659, 52.11911], [5.22663, 52.11012]]]}}, {"type": "Feature", "properties": {"ntot": 1340, "nhx": 907, "noy": 433, "share_in_municipality": 0.0}, "geometry": {"type": "Polygon", "coordinates": [[[5.24122, 52.11014], [5.25582, 52.11016], [5.2558, 52.11915], [5.2412, 52.11913], [5.24122, 52.11014]]]}}, {"type": "Feature", "properties": {"ntot": 1354, "nhx": 874, "noy": 479, "share_in_municipality": 0.0}, "geometry": {"type": "Polygon", "coordinates": [[[5.25582, 52.11016], [5.27042, 52.11017], [5.2704, 52.11916], [5.2558, 52.11915], [5.25582, 52.11016]]]}}, {"type": "Feature", "properties": {"ntot": 1512, "nhx": 997, "noy": 515, "share_in_municipality": 0.0}, "geometry": {"type": "Polygon", "coordinates": [[[5.27042, 52.11017], [5.28502, 52.11019], [5.285, 52.11918], [5.2704, 52.11916], [5.27042, 52.11017]]]}}, {"type": "Feature", "properties": {"ntot": 1377, "nhx": 903, "noy": 474, "share_in_municipality": 0.0}, "geometry": {"type": "Polygon", "coordinates": [[[5.28502, 52.11019], [5.29962, 52.1102], [5.2996, 52.11919], [5.285, 52.11918], [5.28502, 52.11019]]]}}, {"type": "Feature", "properties": {"ntot": 1334, "nhx": 862, "noy": 472, "share_in_municipality": 0.0}, "geometry": {"type": "Polygon", "coordinates": [[[5.29962, 52.1102], [5.31421, 52.11021], [5.3142, 52.1192], [5.2996, 52.11919], [5.29962, 52.1102]]]}}, {"type": "Feature", "properties": {"ntot": 1220, "nhx": 739, "noy": 481, "share_in_municipality": 0.0}, "geometry": {"type": "Polygon", "coordinates": [[[5.31421, 52.11021], [5.32881, 52.11022], [5.3288, 52.11921], [5.3142, 52.1192], [5.31421, 52.11021]]]}}, {"type": "Feature", "properties": {"ntot": 1023, "nhx": 646, "noy": 377, "share_in_municipality": 0.0}, "geometry": {"type": "Polygon", "coordinates": [[[5.32881, 52.11022], [5.34341, 52.11022], [5.3434, 52.11921], [5.3288, 52.11921], [5.32881, 52.11022]]]}}, {"type": "Feature", "properties": {"ntot": 1003, "nhx": 629, "noy": 374, "share_in_municipality": 0.0}, "geometry": {"type": "Polygon", "coordinates": [[[5.34341, 52.11022], [5.35801, 52.11023], [5.358, 52.11922], [5.3434, 52.11921], [5.34341, 52.11022]]]}}, {"type": "Feature", "properties": {"ntot": 1120, "nhx": 714, "noy": 406, "share_in_municipality": 0.0}, "geometry": {"type": "Polygon", "coordinates": [[[5.35801, 52.11023], [5.37261, 52.11023], [5.3726, 52.11922], [5.358, 52.11922], [5.35801, 52.11023]]]}}, {"type": "Feature", "properties": {"ntot": 1320, "nhx": 866, "noy": 454, "share_in_municipality": 0.0}, "geometry": {"type": "Polygon", "coordinates": [[[5.37261, 52.11023], [5.3872, 52.11023], [5.3872, 52.11922], [5.3726, 52.11922], [5.37261, 52.11023]]]}}, {"type": "Feature", "properties": {"ntot": 1127, "nhx": 746, "noy": 381, "share_in_municipality": 0.0}, "geometry": {"type": "Polygon", "coordinates": [[[5.3872, 52.11023], [5.4018, 52.11023], [5.4018, 52.11922], [5.3872, 52.11922], [5.3872, 52.11023]]]}}, {"type": "Feature", "properties": {"ntot": 1130, "nhx": 789, "noy": 341, "share_in_municipality": 0.0}, "geometry": {"type": "Polygon", "coordinates": [[[5.4018, 52.11023], [5.4164, 52.11023], [5.41641, 52.11922], [5.4018, 52.11922], [5.4018, 52.11023]]]}}, {"type": "Feature", "properties": {"ntot": 1089, "nhx": 745, "noy": 344, "share_in_municipality": 0.0}, "geometry": {"type": "Polygon", "coordinates": [[[5.4164, 52.11023], [5.431, 52.11022], [5.43101, 52.11921], [5.41641, 52.11922], [5.4164, 52.11023]]]}}, {"type": "Feature", "properties": {"ntot": 1004, "nhx": 678, "noy": 325, "share_in_municipality": 0.0}, "geometry": {"type": "Polygon", "coordinates": [[[5.431, 52.11022], [5.44559, 52.11022], [5.44561, 52.11921], [5.43101, 52.11921], [5.431, 52.11022]]]}}, {"type": "Feature", "properties": {"ntot": 1041, "nhx": 712, "noy": 329, "share_in_municipality": 0.0}, "geometry": {"type": "Polygon", "coordinates": [[[5.44559, 52.11022], [5.46019, 52.11021], [5.46021, 52.1192], [5.44561, 52.11921], [5.44559, 52.11022]]]}}, {"type": "Feature", "properties": {"ntot": 1163, "nhx": 817, "noy": 346, "share_in_municipality": 0.0}, "geometry": {"type": "Polygon", "coordinates": [[[5.46019, 52.11021], [5.47479, 52.1102], [5.47481, 52.11919], [5.46021, 52.1192], [5.46019, 52.11021]]]}}, {"type": "Feature", "properties": {"ntot": 1370, "nhx": 1037, "noy": 333, "share_in_municipality": 0.0}, "geometry": {"type": "Polygon", "coordinates": [[[5.47479, 52.1102], [5.48939, 52.11019], [5.48941, 52.11918], [5.47481, 52.11919], [5.47479, 52.1102]]]}}, {"type": "Feature", "properties": {"ntot": 1450, "nhx": 1113, "noy": 337, "share_in_municipality": 0.0}, "geometry": {"type": "Polygon", "coordinates": [[[5.48939, 52.11019], [5.50399, 52.11017], [5.50401, 52.11916], [5.48941, 52.11918], [5.48939, 52.11019]]]}}, {"type": "Feature", "properties": {"ntot": 1294, "nhx": 988, "noy": 307, "share_in_municipality": 0.0}, "geometry": {"type": "Polygon", "coordinates": [[[5.50399, 52.11017], [5.51858, 52.11016], [5.51861, 52.11915], [5.50401, 52.11916], [5.50399, 52.11017]]]}}, {"type": "Feature", "properties": {"ntot": 1503, "nhx": 1188, "noy": 315, "share_in_municipality": 0.0}, "geometry": {"type": "Polygon", "coordinates": [[[5.51858, 52.11016], [5.53318, 52.11014], [5.53321, 52.11913], [5.51861, 52.11915], [5.51858, 52.11016]]]}}, {"type": "Feature", "properties": {"ntot": 2277, "nhx": 1953, "noy": 324, "share_in_municipality": 0.0}, "geometry": {"type": "Polygon", "coordinates": [[[5.53318, 52.11014], [5.54778, 52.11012], [5.54781, 52.11911], [5.53321, 52.11913], [5.53318, 52.11014]]]}}, {"type": "Feature", "properties": {"ntot": 2472, "nhx": 2139, "noy": 333, "share_in_municipality": 0.0}, "geometry": {"type": "Polygon", "coordinates": [[[5.54778, 52.11012], [5.56238, 52.1101], [5.56241, 52.11909], [5.54781, 52.11911], [5.54778, 52.11012]]]}}, {"type": "Feature", "properties": {"ntot": 2394, "nhx": 2025, "noy": 369, "share_in_municipality": 0.0}, "geometry": {"type": "Polygon", "coordinates": [[[5.56238, 52.1101], [5.57698, 52.11008], [5.57701, 52.11907], [5.56241, 52.11909], [5.56238, 52.1101]]]}}, {"type": "Feature", "properties": {"ntot": 2220, "nhx": 1868, "noy": 352, "share_in_municipality": 0.0}, "geometry": {"type": "Polygon", "coordinates": [[[5.57698, 52.11008], [5.59157, 52.11006], [5.59161, 52.11904], [5.57701, 52.11907], [5.57698, 52.11008]]]}}, {"type": "Feature", "properties": {"ntot": 2198, "nhx": 1867, "noy": 331, "share_in_municipality": 0.0}, "geometry": {"type": "Polygon", "coordinates": [[[5.59157, 52.11006], [5.60617, 52.11003], [5.60621, 52.11902], [5.59161, 52.11904], [5.59157, 52.11006]]]}}, {"type": "Feature", "properties": {"ntot": 1870, "nhx": 1555, "noy": 315, "share_in_municipality": 0.0}, "geometry": {"type": "Polygon", "coordinates": [[[5.60617, 52.11003], [5.62077, 52.11], [5.62082, 52.11899], [5.60621, 52.11902], [5.60617, 52.11003]]]}}, {"type": "Feature", "properties": {"ntot": 1831, "nhx": 1518, "noy": 313, "share_in_municipality": 0.0}, "geometry": {"type": "Polygon", "coordinates": [[[5.62077, 52.11], [5.63537, 52.10997], [5.63542, 52.11896], [5.62082, 52.11899], [5.62077, 52.11]]]}}, {"type": "Feature", "properties": {"ntot": 1419, "nhx": 1116, "noy": 303, "share_in_municipality": 0.0}, "geometry": {"type": "Polygon", "coordinates": [[[5.63537, 52.10997], [5.64996, 52.10994], [5.65002, 52.11893], [5.63542, 52.11896], [5.63537, 52.10997]]]}}, {"type": "Feature", "properties": {"ntot": 1305, "nhx": 1002, "noy": 303, "share_in_municipality": 0.0}, "geometry": {"type": "Polygon", "coordinates": [[[5.64996, 52.10994], [5.66456, 52.10991], [5.66462, 52.11889], [5.65002, 52.11893], [5.64996, 52.10994]]]}}, {"type": "Feature", "properties": {"ntot": 1466, "nhx": 1140, "noy": 326, "share_in_municipality": 0.0}, "geometry": {"type": "Polygon", "coordinates": [[[5.66456, 52.10991], [5.67916, 52.10987], [5.67922, 52.11886], [5.66462, 52.11889], [5.66456, 52.10991]]]}}, {"type": "Feature", "properties": {"ntot": 1401, "nhx": 1080, "noy": 321, "share_in_municipality": 0.0}, "geometry": {"type": "Polygon", "coordinates": [[[5.67916, 52.10987], [5.69376, 52.10983], [5.69382, 52.11882], [5.67922, 52.11886], [5.67916, 52.10987]]]}}, {"type": "Feature", "properties": {"ntot": 1307, "nhx": 999, "noy": 308, "share_in_municipality": 0.0}, "geometry": {"type": "Polygon", "coordinates": [[[5.69376, 52.10983], [5.70835, 52.10979], [5.70842, 52.11878], [5.69382, 52.11882], [5.69376, 52.10983]]]}}, {"type": "Feature", "properties": {"ntot": 1893, "nhx": 1569, "noy": 324, "share_in_municipality": 0.0}, "geometry": {"type": "Polygon", "coordinates": [[[5.70835, 52.10979], [5.72295, 52.10975], [5.72302, 52.11874], [5.70842, 52.11878], [5.70835, 52.10979]]]}}, {"type": "Feature", "properties": {"ntot": 1879, "nhx": 1567, "noy": 312, "share_in_municipality": 0.0}, "geometry": {"type": "Polygon", "coordinates": [[[5.72295, 52.10975], [5.73755, 52.10971], [5.73762, 52.1187], [5.72302, 52.11874], [5.72295, 52.10975]]]}}, {"type": "Feature", "properties": {"ntot": 1431, "nhx": 1128, "noy": 303, "share_in_municipality": 0.0}, "geometry": {"type": "Polygon", "coordinates": [[[5.73755, 52.10971], [5.75215, 52.10967], [5.75222, 52.11865], [5.73762, 52.1187], [5.73755, 52.10971]]]}}, {"type": "Feature", "properties": {"ntot": 1453, "nhx": 1124, "noy": 329, "share_in_municipality": 0.0}, "geometry": {"type": "Polygon", "coordinates": [[[5.75215, 52.10967], [5.76674, 52.10962], [5.76682, 52.11861], [5.75222, 52.11865], [5.75215, 52.10967]]]}}, {"type": "Feature", "properties": {"ntot": 1667, "nhx": 1201, "noy": 466, "share_in_municipality": 0.0}, "geometry": {"type": "Polygon", "coordinates": [[[5.76674, 52.10962], [5.78134, 52.10957], [5.78142, 52.11856], [5.76682, 52.11861], [5.76674, 52.10962]]]}}, {"type": "Feature", "properties": {"ntot": 1440, "nhx": 998, "noy": 442, "share_in_municipality": 0.0}, "geometry": {"type": "Polygon", "coordinates": [[[5.78134, 52.10957], [5.79594, 52.10952], [5.79602, 52.11851], [5.78142, 52.11856], [5.78134, 52.10957]]]}}, {"type": "Feature", "properties": {"ntot": 883, "nhx": 581, "noy": 302, "share_in_municipality": 0.0}, "geometry": {"type": "Polygon", "coordinates": [[[5.79594, 52.10952], [5.81054, 52.10947], [5.81062, 52.11846], [5.79602, 52.11851], [5.79594, 52.10952]]]}}, {"type": "Feature", "properties": {"ntot": 994, "nhx": 666, "noy": 328, "share_in_municipality": 0.0}, "geometry": {"type": "Polygon", "coordinates": [[[5.81054, 52.10947], [5.82513, 52.10942], [5.82522, 52.11841], [5.81062, 52.11846], [5.81054, 52.10947]]]}}, {"type": "Feature", "properties": {"ntot": 1310, "nhx": 891, "noy": 419, "share_in_municipality": 0.0}, "geometry": {"type": "Polygon", "coordinates": [[[5.82513, 52.10942], [5.83973, 52.10936], [5.83982, 52.11835], [5.82522, 52.11841], [5.82513, 52.10942]]]}}, {"type": "Feature", "properties": {"ntot": 1290, "nhx": 870, "noy": 420, "share_in_municipality": 0.0}, "geometry": {"type": "Polygon", "coordinates": [[[5.83973, 52.10936], [5.85433, 52.10931], [5.85442, 52.11829], [5.83982, 52.11835], [5.83973, 52.10936]]]}}, {"type": "Feature", "properties": {"ntot": 1501, "nhx": 1019, "noy": 482, "share_in_municipality": 0.0}, "geometry": {"type": "Polygon", "coordinates": [[[5.16819, 52.11902], [5.18279, 52.11904], [5.18275, 52.12803], [5.16815, 52.12801], [5.16819, 52.11902]]]}}, {"type": "Feature", "properties": {"ntot": 1496, "nhx": 1066, "noy": 430, "share_in_municipality": 0.0}, "geometry": {"type": "Polygon", "coordinates": [[[5.18279, 52.11904], [5.19739, 52.11907], [5.19736, 52.12806], [5.18275, 52.12803], [5.18279, 52.11904]]]}}, {"type": "Feature", "properties": {"ntot": 1331, "nhx": 907, "noy": 424, "share_in_municipality": 0.0}, "geometry": {"type": "Polygon", "coordinates": [[[5.19739, 52.11907], [5.21199, 52.11909], [5.21196, 52.12808], [5.19736, 52.12806], [5.19739, 52.11907]]]}}, {"type": "Feature", "properties": {"ntot": 1621, "nhx": 1098, "noy": 523, "share_in_municipality": 0.0}, "geometry": {"type": "Polygon", "coordinates": [[[5.21199, 52.11909], [5.22659, 52.11911], [5.22656, 52.1281], [5.21196, 52.12808], [5.21199, 52.11909]]]}}, {"type": "Feature", "properties": {"ntot": 1401, "nhx": 920, "noy": 481, "share_in_municipality": 0.0}, "geometry": {"type": "Polygon", "coordinates": [[[5.22659, 52.11911], [5.2412, 52.11913], [5.24117, 52.12812], [5.22656, 52.1281], [5.22659, 52.11911]]]}}, {"type": "Feature", "properties": {"ntot": 1233, "nhx": 812, "noy": 422, "share_in_municipality": 0.0}, "geometry": {"type": "Polygon", "coordinates": [[[5.2412, 52.11913], [5.2558, 52.11915], [5.25577, 52.12814], [5.24117, 52.12812], [5.2412, 52.11913]]]}}, {"type": "Feature", "properties": {"ntot": 1028, "nhx": 664, "noy": 363, "share_in_municipality": 0.0}, "geometry": {"type": "Polygon", "coordinates": [[[5.2558, 52.11915], [5.2704, 52.11916], [5.27037, 52.12815], [5.25577, 52.12814], [5.2558, 52.11915]]]}}, {"type": "Feature", "properties": {"ntot": 1336, "nhx": 906, "noy": 430, "share_in_municipality": 0.0}, "geometry": {"type": "Polygon", "coordinates": [[[5.2704, 52.11916], [5.285, 52.11918], [5.28498, 52.12816], [5.27037, 52.12815], [5.2704, 52.11916]]]}}, {"type": "Feature", "properties": {"ntot": 1086, "nhx": 692, "noy": 394, "share_in_municipality": 0.0}, "geometry": {"type": "Polygon", "coordinates": [[[5.285, 52.11918], [5.2996, 52.11919], [5.29958, 52.12818], [5.28498, 52.12816], [5.285, 52.11918]]]}}, {"type": "Feature", "properties": {"ntot": 1366, "nhx": 907, "noy": 459, "share_in_municipality": 0.0}, "geometry": {"type": "Polygon", "coordinates": [[[5.2996, 52.11919], [5.3142, 52.1192], [5.31418, 52.12819], [5.29958, 52.12818], [5.2996, 52.11919]]]}}, {"type": "Feature", "properties": {"ntot": 1323, "nhx": 870, "noy": 454, "share_in_municipality": 0.0}, "geometry": {"type": "Polygon", "coordinates": [[[5.3142, 52.1192], [5.3288, 52.11921], [5.32879, 52.12819], [5.31418, 52.12819], [5.3142, 52.1192]]]}}, {"type": "Feature", "properties": {"ntot": 1485, "nhx": 917, "noy": 567, "share_in_municipality": 0.0}, "geometry": {"type": "Polygon", "coordinates": [[[5.3288, 52.11921], [5.3434, 52.11921], [5.34339, 52.1282], [5.32879, 52.12819], [5.3288, 52.11921]]]}}, {"type": "Feature", "properties": {"ntot": 1261, "nhx": 760, "noy": 501, "share_in_municipality": 0.0}, "geometry": {"type": "Polygon", "coordinates": [[[5.3434, 52.11921], [5.358, 52.11922], [5.358, 52.1282], [5.34339, 52.1282], [5.3434, 52.11921]]]}}, {"type": "Feature", "properties": {"ntot": 1500, "nhx": 953, "noy": 546, "share_in_municipality": 0.0}, "geometry": {"type": "Polygon", "coordinates": [[[5.358, 52.11922], [5.3726, 52.11922], [5.3726, 52.12821], [5.358, 52.1282], [5.358, 52.11922]]]}}, {"type": "Feature", "properties": {"ntot": 1196, "nhx": 788, "noy": 408, "share_in_municipality": 0.0}, "geometry": {"type": "Polygon", "coordinates": [[[5.3726, 52.11922], [5.3872, 52.11922], [5.3872, 52.12821], [5.3726, 52.12821], [5.3726, 52.11922]]]}}, {"type": "Feature", "properties": {"ntot": 1165, "nhx": 757, "noy": 408, "share_in_municipality": 0.0}, "geometry": {"type": "Polygon", "coordinates": [[[5.3872, 52.11922], [5.4018, 52.11922], [5.40181, 52.12821], [5.3872, 52.12821], [5.3872, 52.11922]]]}}, {"type": "Feature", "properties": {"ntot": 1151, "nhx": 789, "noy": 362, "share_in_municipality": 0.0}, "geometry": {"type": "Polygon", "coordinates": [[[5.4018, 52.11922], [5.41641, 52.11922], [5.41641, 52.1282], [5.40181, 52.12821], [5.4018, 52.11922]]]}}, {"type": "Feature", "properties": {"ntot": 1479, "nhx": 1077, "noy": 402, "share_in_municipality": 0.0}, "geometry": {"type": "Polygon", "coordinates": [[[5.41641, 52.11922], [5.43101, 52.11921], [5.43101, 52.1282], [5.41641, 52.1282], [5.41641, 52.11922]]]}}, {"type": "Feature", "properties": {"ntot": 1265, "nhx": 898, "noy": 368, "share_in_municipality": 0.0}, "geometry": {"type": "Polygon", "coordinates": [[[5.43101, 52.11921], [5.44561, 52.11921], [5.44562, 52.12819], [5.43101, 52.1282], [5.43101, 52.11921]]]}}, {"type": "Feature", "properties": {"ntot": 1002, "nhx": 676, "noy": 325, "share_in_municipality": 0.0}, "geometry": {"type": "Polygon", "coordinates": [[[5.44561, 52.11921], [5.46021, 52.1192], [5.46022, 52.12819], [5.44562, 52.12819], [5.44561, 52.11921]]]}}, {"type": "Feature", "properties": {"ntot": 1019, "nhx": 690, "noy": 329, "share_in_municipality": 0.0}, "geometry": {"type": "Polygon", "coordinates": [[[5.46021, 52.1192], [5.47481, 52.11919], [5.47483, 52.12818], [5.46022, 52.12819], [5.46021, 52.1192]]]}}, {"type": "Feature", "properties": {"ntot": 1109, "nhx": 775, "noy": 335, "share_in_municipality": 0.0}, "geometry": {"type": "Polygon", "coordinates": [[[5.47481, 52.11919], [5.48941, 52.11918], [5.48943, 52.12816], [5.47483, 52.12818], [5.47481, 52.11919]]]}}, {"type": "Feature", "properties": {"ntot": 1298, "nhx": 963, "noy": 335, "share_in_municipality": 0.0}, "geometry": {"type": "Polygon", "coordinates": [[[5.48941, 52.11918], [5.50401, 52.11916], [5.50403, 52.12815], [5.48943, 52.12816], [5.48941, 52.11918]]]}}, {"type": "Feature", "properties": {"ntot": 1724, "nhx": 1412, "noy": 312, "share_in_municipality": 0.0}, "geometry": {"type": "Polygon", "coordinates": [[[5.50401, 52.11916], [5.51861, 52.11915], [5.51864, 52.12814], [5.50403, 52.12815], [5.50401, 52.11916]]]}}, {"type": "Feature", "properties": {"ntot": 1614, "nhx": 1302, "noy": 312, "share_in_municipality": 0.0}, "geometry": {"type": "Polygon", "coordinates": [[[5.51861, 52.11915], [5.53321, 52.11913], [5.53324, 52.12812], [5.51864, 52.12814], [5.51861, 52.11915]]]}}, {"type": "Feature", "properties": {"ntot": 1809, "nhx": 1499, "noy": 310, "share_in_municipality": 0.0}, "geometry": {"type": "Polygon", "coordinates": [[[5.53321, 52.11913], [5.54781, 52.11911], [5.54784, 52.1281], [5.53324, 52.12812], [5.53321, 52.11913]]]}}, {"type": "Feature", "properties": {"ntot": 3675, "nhx": 3332, "noy": 343, "share_in_municipality": 0.0}, "geometry": {"type": "Polygon", "coordinates": [[[5.54781, 52.11911], [5.56241, 52.11909], [5.56245, 52.12808], [5.54784, 52.1281], [5.54781, 52.11911]]]}}, {"type": "Feature", "properties": {"ntot": 2384, "nhx": 2008, "noy": 376, "share_in_municipality": 0.0}, "geometry": {"type": "Polygon", "coordinates": [[[5.56241, 52.11909], [5.57701, 52.11907], [5.57705, 52.12806], [5.56245, 52.12808], [5.56241, 52.11909]]]}}, {"type": "Feature", "properties": {"ntot": 1649, "nhx": 1306, "noy": 343, "share_in_municipality": 0.0}, "geometry": {"type": "Polygon", "coordinates": [[[5.57701, 52.11907], [5.59161, 52.11904], [5.59166, 52.12803], [5.57705, 52.12806], [5.57701, 52.11907]]]}}, {"type": "Feature", "properties": {"ntot": 2837, "nhx": 2501, "noy": 336, "share_in_municipality": 0.0}, "geometry": {"type": "Polygon", "coordinates": [[[5.59161, 52.11904], [5.60621, 52.11902], [5.60626, 52.128], [5.59166, 52.12803], [5.59161, 52.11904]]]}}, {"type": "Feature", "properties": {"ntot": 1730, "nhx": 1424, "noy": 306, "share_in_municipality": 0.0}, "geometry": {"type": "Polygon", "coordinates": [[[5.60621, 52.11902], [5.62082, 52.11899], [5.62086, 52.12798], [5.60626, 52.128], [5.60621, 52.11902]]]}}, {"type": "Feature", "properties": {"ntot": 2015, "nhx": 1696, "noy": 319, "share_in_municipality": 0.0}, "geometry": {"type": "Polygon", "coordinates": [[[5.62082, 52.11899], [5.63542, 52.11896], [5.63547, 52.12795], [5.62086, 52.12798], [5.62082, 52.11899]]]}}, {"type": "Feature", "properties": {"ntot": 1935, "nhx": 1624, "noy": 311, "share_in_municipality": 0.0}, "geometry": {"type": "Polygon", "coordinates": [[[5.63542, 52.11896], [5.65002, 52.11893], [5.65007, 52.12792], [5.63547, 52.12795], [5.63542, 52.11896]]]}}, {"type": "Feature", "properties": {"ntot": 2234, "nhx": 1922, "noy": 312, "share_in_municipality": 0.0}, "geometry": {"type": "Polygon", "coordinates": [[[5.65002, 52.11893], [5.66462, 52.11889], [5.66467, 52.12788], [5.65007, 52.12792], [5.65002, 52.11893]]]}}, {"type": "Feature", "properties": {"ntot": 1821, "nhx": 1516, "noy": 305, "share_in_municipality": 0.0}, "geometry": {"type": "Polygon", "coordinates": [[[5.66462, 52.11889], [5.67922, 52.11886], [5.67928, 52.12785], [5.66467, 52.12788], [5.66462, 52.11889]]]}}, {"type": "Feature", "properties": {"ntot": 1577, "nhx": 1267, "noy": 310, "share_in_municipality": 0.0}, "geometry": {"type": "Polygon", "coordinates": [[[5.67922, 52.11886], [5.69382, 52.11882], [5.69388, 52.12781], [5.67928, 52.12785], [5.67922, 52.11886]]]}}, {"type": "Feature", "properties": {"ntot": 1621, "nhx": 1312, "noy": 309, "share_in_municipality": 0.0}, "geometry": {"type": "Polygon", "coordinates": [[[5.69382, 52.11882], [5.70842, 52.11878], [5.70848, 52.12777], [5.69388, 52.12781], [5.69382, 52.11882]]]}}, {"type": "Feature", "properties": {"ntot": 1491, "nhx": 1190, "noy": 301, "share_in_municipality": 0.0}, "geometry": {"type": "Polygon", "coordinates": [[[5.70842, 52.11878], [5.72302, 52.11874], [5.72309, 52.12773], [5.70848, 52.12777], [5.70842, 52.11878]]]}}, {"type": "Feature", "properties": {"ntot": 1841, "nhx": 1540, "noy": 301, "share_in_municipality": 0.0}, "geometry": {"type": "Polygon", "coordinates": [[[5.72302, 52.11874], [5.73762, 52.1187], [5.73769, 52.12769], [5.72309, 52.12773], [5.72302, 52.11874]]]}}, {"type": "Feature", "properties": {"ntot": 1724, "nhx": 1414, "noy": 310, "share_in_municipality": 0.0}, "geometry": {"type": "Polygon", "coordinates": [[[5.73762, 52.1187], [5.75222, 52.11865], [5.75229, 52.12764], [5.73769, 52.12769], [5.73762, 52.1187]]]}}, {"type": "Feature", "properties": {"ntot": 1518, "nhx": 1158, "noy": 360, "share_in_municipality": 0.0}, "geometry": {"type": "Polygon", "coordinates": [[[5.75222, 52.11865], [5.76682, 52.11861], [5.7669, 52.1276], [5.75229, 52.12764], [5.75222, 52.11865]]]}}, {"type": "Feature", "properties": {"ntot": 1023, "nhx": 708, "noy": 314, "share_in_municipality": 0.0}, "geometry": {"type": "Polygon", "coordinates": [[[5.76682, 52.11861], [5.78142, 52.11856], [5.7815, 52.12755], [5.7669, 52.1276], [5.76682, 52.11861]]]}}, {"type": "Feature", "properties": {"ntot": 1157, "nhx": 804, "noy": 353, "share_in_municipality": 0.0}, "geometry": {"type": "Polygon", "coordinates": [[[5.78142, 52.11856], [5.79602, 52.11851], [5.7961, 52.1275], [5.7815, 52.12755], [5.78142, 52.11856]]]}}, {"type": "Feature", "properties": {"ntot": 1335, "nhx": 914, "noy": 421, "share_in_municipality": 0.0}, "geometry": {"type": "Polygon", "coordinates": [[[5.79602, 52.11851], [5.81062, 52.11846], [5.81071, 52.12745], [5.7961, 52.1275], [5.79602, 52.11851]]]}}, {"type": "Feature", "properties": {"ntot": 1360, "nhx": 928, "noy": 433, "share_in_municipality": 0.0}, "geometry": {"type": "Polygon", "coordinates": [[[5.81062, 52.11846], [5.82522, 52.11841], [5.82531, 52.12739], [5.81071, 52.12745], [5.81062, 52.11846]]]}}, {"type": "Feature", "properties": {"ntot": 1386, "nhx": 941, "noy": 445, "share_in_municipality": 0.0}, "geometry": {"type": "Polygon", "coordinates": [[[5.82522, 52.11841], [5.83982, 52.11835], [5.83991, 52.12734], [5.82531, 52.12739], [5.82522, 52.11841]]]}}, {"type": "Feature", "properties": {"ntot": 1430, "nhx": 968, "noy": 462, "share_in_municipality": 0.0}, "geometry": {"type": "Polygon", "coordinates": [[[5.83982, 52.11835], [5.85442, 52.11829], [5.85452, 52.12728], [5.83991, 52.12734], [5.83982, 52.11835]]]}}, {"type": "Feature", "properties": {"ntot": 1300, "nhx": 865, "noy": 435, "share_in_municipality": 0.0}, "geometry": {"type": "Polygon", "coordinates": [[[5.16815, 52.12801], [5.18275, 52.12803], [5.18271, 52.13702], [5.1681, 52.13699], [5.16815, 52.12801]]]}}, {"type": "Feature", "properties": {"ntot": 1544, "nhx": 1068, "noy": 476, "share_in_municipality": 0.0}, "geometry": {"type": "Polygon", "coordinates": [[[5.18275, 52.12803], [5.19736, 52.12806], [5.19732, 52.13704], [5.18271, 52.13702], [5.18275, 52.12803]]]}}, {"type": "Feature", "properties": {"ntot": 1422, "nhx": 988, "noy": 434, "share_in_municipality": 0.0}, "geometry": {"type": "Polygon", "coordinates": [[[5.19736, 52.12806], [5.21196, 52.12808], [5.21192, 52.13707], [5.19732, 52.13704], [5.19736, 52.12806]]]}}, {"type": "Feature", "properties": {"ntot": 1199, "nhx": 817, "noy": 382, "share_in_municipality": 0.0}, "geometry": {"type": "Polygon", "coordinates": [[[5.21196, 52.12808], [5.22656, 52.1281], [5.22653, 52.13709], [5.21192, 52.13707], [5.21196, 52.12808]]]}}, {"type": "Feature", "properties": {"ntot": 1208, "nhx": 801, "noy": 407, "share_in_municipality": 0.0}, "geometry": {"type": "Polygon", "coordinates": [[[5.22656, 52.1281], [5.24117, 52.12812], [5.24114, 52.13711], [5.22653, 52.13709], [5.22656, 52.1281]]]}}, {"type": "Feature", "properties": {"ntot": 1449, "nhx": 960, "noy": 489, "share_in_municipality": 0.0}, "geometry": {"type": "Polygon", "coordinates": [[[5.24117, 52.12812], [5.25577, 52.12814], [5.25574, 52.13712], [5.24114, 52.13711], [5.24117, 52.12812]]]}}, {"type": "Feature", "properties": {"ntot": 1015, "nhx": 654, "noy": 362, "share_in_municipality": 0.0}, "geometry": {"type": "Polygon", "coordinates": [[[5.25577, 52.12814], [5.27037, 52.12815], [5.27035, 52.13714], [5.25574, 52.13712], [5.25577, 52.12814]]]}}, {"type": "Feature", "properties": {"ntot": 1033, "nhx": 664, "noy": 369, "share_in_municipality": 0.0}, "geometry": {"type": "Polygon", "coordinates": [[[5.27037, 52.12815], [5.28498, 52.12816], [5.28496, 52.13715], [5.27035, 52.13714], [5.27037, 52.12815]]]}}, {"type": "Feature", "properties": {"ntot": 1369, "nhx": 890, "noy": 480, "share_in_municipality": 0.0}, "geometry": {"type": "Polygon", "coordinates": [[[5.28498, 52.12816], [5.29958, 52.12818], [5.29956, 52.13716], [5.28496, 52.13715], [5.28498, 52.12816]]]}}, {"type": "Feature", "properties": {"ntot": 1383, "nhx": 901, "noy": 482, "share_in_municipality": 0.0}, "geometry": {"type": "Polygon", "coordinates": [[[5.29958, 52.12818], [5.31418, 52.12819], [5.31417, 52.13717], [5.29956, 52.13716], [5.29958, 52.12818]]]}}, {"type": "Feature", "properties": {"ntot": 1255, "nhx": 825, "noy": 430, "share_in_municipality": 0.0}, "geometry": {"type": "Polygon", "coordinates": [[[5.31418, 52.12819], [5.32879, 52.12819], [5.32878, 52.13718], [5.31417, 52.13717], [5.31418, 52.12819]]]}}, {"type": "Feature", "properties": {"ntot": 1327, "nhx": 866, "noy": 461, "share_in_municipality": 0.0}, "geometry": {"type": "Polygon", "coordinates": [[[5.32879, 52.12819], [5.34339, 52.1282], [5.34338, 52.13719], [5.32878, 52.13718], [5.32879, 52.12819]]]}}, {"type": "Feature", "properties": {"ntot": 1432, "nhx": 942, "noy": 490, "share_in_municipality": 0.0}, "geometry": {"type": "Polygon", "coordinates": [[[5.34339, 52.1282], [5.358, 52.1282], [5.35799, 52.13719], [5.34338, 52.13719], [5.34339, 52.1282]]]}}, {"type": "Feature", "properties": {"ntot": 1219, "nhx": 757, "noy": 462, "share_in_municipality": 0.0}, "geometry": {"type": "Polygon", "coordinates": [[[5.358, 52.1282], [5.3726, 52.12821], [5.3726, 52.1372], [5.35799, 52.13719], [5.358, 52.1282]]]}}, {"type": "Feature", "properties": {"ntot": 1298, "nhx": 804, "noy": 494, "share_in_municipality": 0.0}, "geometry": {"type": "Polygon", "coordinates": [[[5.3726, 52.12821], [5.3872, 52.12821], [5.3872, 52.1372], [5.3726, 52.1372], [5.3726, 52.12821]]]}}, {"type": "Feature", "properties": {"ntot": 1362, "nhx": 837, "noy": 525, "share_in_municipality": 0.0}, "geometry": {"type": "Polygon", "coordinates": [[[5.3872, 52.12821], [5.40181, 52.12821], [5.40181, 52.1372], [5.3872, 52.1372], [5.3872, 52.12821]]]}}, {"type": "Feature", "properties": {"ntot": 1020, "nhx": 650, "noy": 370, "share_in_municipality": 0.0}, "geometry": {"type": "Polygon", "coordinates": [[[5.40181, 52.12821], [5.41641, 52.1282], [5.41642, 52.13719], [5.40181, 52.1372], [5.40181, 52.12821]]]}}, {"type": "Feature", "properties": {"ntot": 1626, "nhx": 1201, "noy": 425, "share_in_municipality": 0.0}, "geometry": {"type": "Polygon", "coordinates": [[[5.41641, 52.1282], [5.43101, 52.1282], [5.43102, 52.13719], [5.41642, 52.13719], [5.41641, 52.1282]]]}}, {"type": "Feature", "properties": {"ntot": 1641, "nhx": 1231, "noy": 410, "share_in_municipality": 0.0}, "geometry": {"type": "Polygon", "coordinates": [[[5.43101, 52.1282], [5.44562, 52.12819], [5.44563, 52.13718], [5.43102, 52.13719], [5.43101, 52.1282]]]}}, {"type": "Feature", "properties": {"ntot": 1031, "nhx": 704, "noy": 327, "share_in_municipality": 0.0}, "geometry": {"type": "Polygon", "coordinates": [[[5.44562, 52.12819], [5.46022, 52.12819], [5.46024, 52.13717], [5.44563, 52.13718], [5.44562, 52.12819]]]}}, {"type": "Feature", "properties": {"ntot": 1180, "nhx": 858, "noy": 322, "share_in_municipality": 0.0}, "geometry": {"type": "Polygon", "coordinates": [[[5.46022, 52.12819], [5.47483, 52.12818], [5.47484, 52.13716], [5.46024, 52.13717], [5.46022, 52.12819]]]}}, {"type": "Feature", "properties": {"ntot": 987, "nhx": 676, "noy": 311, "share_in_municipality": 0.0}, "geometry": {"type": "Polygon", "coordinates": [[[5.47483, 52.12818], [5.48943, 52.12816], [5.48945, 52.13715], [5.47484, 52.13716], [5.47483, 52.12818]]]}}, {"type": "Feature", "properties": {"ntot": 1459, "nhx": 1131, "noy": 328, "share_in_municipality": 0.0}, "geometry": {"type": "Polygon", "coordinates": [[[5.48943, 52.12816], [5.50403, 52.12815], [5.50406, 52.13714], [5.48945, 52.13715], [5.48943, 52.12816]]]}}, {"type": "Feature", "properties": {"ntot": 1419, "nhx": 1102, "noy": 317, "share_in_municipality": 0.0}, "geometry": {"type": "Polygon", "coordinates": [[[5.50403, 52.12815], [5.51864, 52.12814], [5.51866, 52.13712], [5.50406, 52.13714], [5.50403, 52.12815]]]}}, {"type": "Feature", "properties": {"ntot": 1219, "nhx": 903, "noy": 317, "share_in_municipality": 0.0}, "geometry": {"type": "Polygon", "coordinates": [[[5.51864, 52.12814], [5.53324, 52.12812], [5.53327, 52.13711], [5.51866, 52.13712], [5.51864, 52.12814]]]}}, {"type": "Feature", "properties": {"ntot": 1751, "nhx": 1425, "noy": 326, "share_in_municipality": 0.0}, "geometry": {"type": "Polygon", "coordinates": [[[5.53324, 52.12812], [5.54784, 52.1281], [5.54788, 52.13709], [5.53327, 52.13711], [5.53324, 52.12812]]]}}, {"type": "Feature", "properties": {"ntot": 2264, "nhx": 1917, "noy": 347, "share_in_municipality": 0.0}, "geometry": {"type": "Polygon", "coordinates": [[[5.54784, 52.1281], [5.56245, 52.12808], [5.56248, 52.13707], [5.54788, 52.13709], [5.54784, 52.1281]]]}}, {"type": "Feature", "properties": {"ntot": 1897, "nhx": 1550, "noy": 347, "share_in_municipality": 0.0}, "geometry": {"type": "Polygon", "coordinates": [[[5.56245, 52.12808], [5.57705, 52.12806], [5.57709, 52.13704], [5.56248, 52.13707], [5.56245, 52.12808]]]}}, {"type": "Feature", "properties": {"ntot": 1768, "nhx": 1433, "noy": 335, "share_in_municipality": 0.0}, "geometry": {"type": "Polygon", "coordinates": [[[5.57705, 52.12806], [5.59166, 52.12803], [5.5917, 52.13702], [5.57709, 52.13704], [5.57705, 52.12806]]]}}, {"type": "Feature", "properties": {"ntot": 2002, "nhx": 1627, "noy": 375, "share_in_municipality": 0.0}, "geometry": {"type": "Polygon", "coordinates": [[[5.59166, 52.12803], [5.60626, 52.128], [5.6063, 52.13699], [5.5917, 52.13702], [5.59166, 52.12803]]]}}, {"type": "Feature", "properties": {"ntot": 2049, "nhx": 1730, "noy": 319, "share_in_municipality": 0.0}, "geometry": {"type": "Polygon", "coordinates": [[[5.60626, 52.128], [5.62086, 52.12798], [5.62091, 52.13696], [5.6063, 52.13699], [5.60626, 52.128]]]}}, {"type": "Feature", "properties": {"ntot": 1882, "nhx": 1571, "noy": 311, "share_in_municipality": 0.0}, "geometry": {"type": "Polygon", "coordinates": [[[5.62086, 52.12798], [5.63547, 52.12795], [5.63552, 52.13693], [5.62091, 52.13696], [5.62086, 52.12798]]]}}, {"type": "Feature", "properties": {"ntot": 1897, "nhx": 1590, "noy": 307, "share_in_municipality": 0.0}, "geometry": {"type": "Polygon", "coordinates": [[[5.63547, 52.12795], [5.65007, 52.12792], [5.65012, 52.1369], [5.63552, 52.13693], [5.63547, 52.12795]]]}}, {"type": "Feature", "properties": {"ntot": 2399, "nhx": 2087, "noy": 312, "share_in_municipality": 0.0}, "geometry": {"type": "Polygon", "coordinates": [[[5.65007, 52.12792], [5.66467, 52.12788], [5.66473, 52.13687], [5.65012, 52.1369], [5.65007, 52.12792]]]}}, {"type": "Feature", "properties": {"ntot": 1913, "nhx": 1605, "noy": 308, "share_in_municipality": 0.0}, "geometry": {"type": "Polygon", "coordinates": [[[5.66467, 52.12788], [5.67928, 52.12785], [5.67934, 52.13683], [5.66473, 52.13687], [5.66467, 52.12788]]]}}, {"type": "Feature", "properties": {"ntot": 1804, "nhx": 1499, "noy": 305, "share_in_municipality": 0.0}, "geometry": {"type": "Polygon", "coordinates": [[[5.67928, 52.12785], [5.69388, 52.12781], [5.69394, 52.1368], [5.67934, 52.13683], [5.67928, 52.12785]]]}}, {"type": "Feature", "properties": {"ntot": 2340, "nhx": 2033, "noy": 308, "share_in_municipality": 0.0}, "geometry": {"type": "Polygon", "coordinates": [[[5.69388, 52.12781], [5.70848, 52.12777], [5.70855, 52.13676], [5.69394, 52.1368], [5.69388, 52.12781]]]}}, {"type": "Feature", "properties": {"ntot": 2110, "nhx": 1794, "noy": 316, "share_in_municipality": 0.0}, "geometry": {"type": "Polygon", "coordinates": [[[5.70848, 52.12777], [5.72309, 52.12773], [5.72315, 52.13672], [5.70855, 52.13676], [5.70848, 52.12777]]]}}, {"type": "Feature", "properties": {"ntot": 1319, "nhx": 1001, "noy": 318, "share_in_municipality": 0.0}, "geometry": {"type": "Polygon", "coordinates": [[[5.72309, 52.12773], [5.73769, 52.12769], [5.73776, 52.13667], [5.72315, 52.13672], [5.72309, 52.12773]]]}}, {"type": "Feature", "properties": {"ntot": 1423, "nhx": 1085, "noy": 338, "share_in_municipality": 0.0}, "geometry": {"type": "Polygon", "coordinates": [[[5.73769, 52.12769], [5.75229, 52.12764], [5.75237, 52.13663], [5.73776, 52.13667], [5.73769, 52.12769]]]}}, {"type": "Feature", "properties": {"ntot": 1273, "nhx": 941, "noy": 332, "share_in_municipality": 0.0}, "geometry": {"type": "Polygon", "coordinates": [[[5.75229, 52.12764], [5.7669, 52.1276], [5.76697, 52.13658], [5.75237, 52.13663], [5.75229, 52.12764]]]}}, {"type": "Feature", "properties": {"ntot": 1191, "nhx": 849, "noy": 343, "share_in_municipality": 0.0}, "geometry": {"type": "Polygon", "coordinates": [[[5.7669, 52.1276], [5.7815, 52.12755], [5.78158, 52.13654], [5.76697, 52.13658], [5.7669, 52.1276]]]}}, {"type": "Feature", "properties": {"ntot": 1045, "nhx": 721, "noy": 324, "share_in_municipality": 0.0}, "geometry": {"type": "Polygon", "coordinates": [[[5.7815, 52.12755], [5.7961, 52.1275], [5.79619, 52.13649], [5.78158, 52.13654], [5.7815, 52.12755]]]}}, {"type": "Feature", "properties": {"ntot": 1174, "nhx": 821, "noy": 353, "share_in_municipality": 0.0}, "geometry": {"type": "Polygon", "coordinates": [[[5.7961, 52.1275], [5.81071, 52.12745], [5.81079, 52.13644], [5.79619, 52.13649], [5.7961, 52.1275]]]}}, {"type": "Feature", "properties": {"ntot": 1118, "nhx": 772, "noy": 347, "share_in_municipality": 0.0}, "geometry": {"type": "Polygon", "coordinates": [[[5.81071, 52.12745], [5.82531, 52.12739], [5.8254, 52.13638], [5.81079, 52.13644], [5.81071, 52.12745]]]}}, {"type": "Feature", "properties": {"ntot": 981, "nhx": 658, "noy": 323, "share_in_municipality": 0.0}, "geometry": {"type": "Polygon", "coordinates": [[[5.82531, 52.12739], [5.83991, 52.12734], [5.84, 52.13633], [5.8254, 52.13638], [5.82531, 52.12739]]]}}, {"type": "Feature", "properties": {"ntot": 1132, "nhx": 779, "noy": 353, "share_in_municipality": 0.0}, "geometry": {"type": "Polygon", "coordinates": [[[5.83991, 52.12734], [5.85452, 52.12728], [5.85461, 52.13627], [5.84, 52.13633], [5.83991, 52.12734]]]}}, {"type": "Feature", "properties": {"ntot": 1053, "nhx": 696, "noy": 357, "share_in_municipality": 0.0}, "geometry": {"type": "Polygon", "coordinates": [[[5.1681, 52.13699], [5.18271, 52.13702], [5.18267, 52.14601], [5.16806, 52.14598], [5.1681, 52.13699]]]}}, {"type": "Feature", "properties": {"ntot": 1548, "nhx": 1033, "noy": 515, "share_in_municipality": 0.0}, "geometry": {"type": "Polygon", "coordinates": [[[5.18271, 52.13702], [5.19732, 52.13704], [5.19728, 52.14603], [5.18267, 52.14601], [5.18271, 52.13702]]]}}, {"type": "Feature", "properties": {"ntot": 1264, "nhx": 868, "noy": 396, "share_in_municipality": 0.0}, "geometry": {"type": "Polygon", "coordinates": [[[5.19732, 52.13704], [5.21192, 52.13707], [5.21189, 52.14605], [5.19728, 52.14603], [5.19732, 52.13704]]]}}, {"type": "Feature", "properties": {"ntot": 1110, "nhx": 747, "noy": 363, "share_in_municipality": 0.0}, "geometry": {"type": "Polygon", "coordinates": [[[5.21192, 52.13707], [5.22653, 52.13709], [5.2265, 52.14608], [5.21189, 52.14605], [5.21192, 52.13707]]]}}, {"type": "Feature", "properties": {"ntot": 1571, "nhx": 1096, "noy": 475, "share_in_municipality": 0.0}, "geometry": {"type": "Polygon", "coordinates": [[[5.22653, 52.13709], [5.24114, 52.13711], [5.24111, 52.14609], [5.2265, 52.14608], [5.22653, 52.13709]]]}}, {"type": "Feature", "properties": {"ntot": 1395, "nhx": 935, "noy": 460, "share_in_municipality": 0.0}, "geometry": {"type": "Polygon", "coordinates": [[[5.24114, 52.13711], [5.25574, 52.13712], [5.25572, 52.14611], [5.24111, 52.14609], [5.24114, 52.13711]]]}}, {"type": "Feature", "properties": {"ntot": 1158, "nhx": 760, "noy": 398, "share_in_municipality": 0.0}, "geometry": {"type": "Polygon", "coordinates": [[[5.25574, 52.13712], [5.27035, 52.13714], [5.27033, 52.14613], [5.25572, 52.14611], [5.25574, 52.13712]]]}}, {"type": "Feature", "properties": {"ntot": 1411, "nhx": 928, "noy": 482, "share_in_municipality": 0.0}, "geometry": {"type": "Polygon", "coordinates": [[[5.27035, 52.13714], [5.28496, 52.13715], [5.28494, 52.14614], [5.27033, 52.14613], [5.27035, 52.13714]]]}}, {"type": "Feature", "properties": {"ntot": 1353, "nhx": 888, "noy": 465, "share_in_municipality": 0.0}, "geometry": {"type": "Polygon", "coordinates": [[[5.28496, 52.13715], [5.29956, 52.13716], [5.29955, 52.14615], [5.28494, 52.14614], [5.28496, 52.13715]]]}}, {"type": "Feature", "properties": {"ntot": 1239, "nhx": 824, "noy": 415, "share_in_municipality": 0.0}, "geometry": {"type": "Polygon", "coordinates": [[[5.29956, 52.13716], [5.31417, 52.13717], [5.31416, 52.14616], [5.29955, 52.14615], [5.29956, 52.13716]]]}}, {"type": "Feature", "properties": {"ntot": 1134, "nhx": 741, "noy": 393, "share_in_municipality": 0.0}, "geometry": {"type": "Polygon", "coordinates": [[[5.31417, 52.13717], [5.32878, 52.13718], [5.32876, 52.14617], [5.31416, 52.14616], [5.31417, 52.13717]]]}}, {"type": "Feature", "properties": {"ntot": 1150, "nhx": 761, "noy": 389, "share_in_municipality": 0.0}, "geometry": {"type": "Polygon", "coordinates": [[[5.32878, 52.13718], [5.34338, 52.13719], [5.34337, 52.14618], [5.32876, 52.14617], [5.32878, 52.13718]]]}}, {"type": "Feature", "properties": {"ntot": 1313, "nhx": 852, "noy": 461, "share_in_municipality": 0.0}, "geometry": {"type": "Polygon", "coordinates": [[[5.34338, 52.13719], [5.35799, 52.13719], [5.35798, 52.14618], [5.34337, 52.14618], [5.34338, 52.13719]]]}}, {"type": "Feature", "properties": {"ntot": 1157, "nhx": 762, "noy": 396, "share_in_municipality": 0.0}, "geometry": {"type": "Polygon", "coordinates": [[[5.35799, 52.13719], [5.3726, 52.1372], [5.37259, 52.14618], [5.35798, 52.14618], [5.35799, 52.13719]]]}}, {"type": "Feature", "properties": {"ntot": 1444, "nhx": 1019, "noy": 425, "share_in_municipality": 0.0}, "geometry": {"type": "Polygon", "coordinates": [[[5.3726, 52.1372], [5.3872, 52.1372], [5.3872, 52.14618], [5.37259, 52.14618], [5.3726, 52.1372]]]}}, {"type": "Feature", "properties": {"ntot": 1290, "nhx": 893, "noy": 396, "share_in_municipality": 0.0}, "geometry": {"type": "Polygon", "coordinates": [[[5.3872, 52.1372], [5.40181, 52.1372], [5.40181, 52.14618], [5.3872, 52.14618], [5.3872, 52.1372]]]}}, {"type": "Feature", "properties": {"ntot": 1115, "nhx": 672, "noy": 443, "share_in_municipality": 0.0}, "geometry": {"type": "Polygon", "coordinates": [[[5.40181, 52.1372], [5.41642, 52.13719], [5.41642, 52.14618], [5.40181, 52.14618], [5.40181, 52.1372]]]}}, {"type": "Feature", "properties": {"ntot": 1527, "nhx": 1108, "noy": 419, "share_in_municipality": 0.0}, "geometry": {"type": "Polygon", "coordinates": [[[5.41642, 52.13719], [5.43102, 52.13719], [5.43103, 52.14618], [5.41642, 52.14618], [5.41642, 52.13719]]]}}, {"type": "Feature", "properties": {"ntot": 1200, "nhx": 859, "noy": 341, "share_in_municipality": 0.0}, "geometry": {"type": "Polygon", "coordinates": [[[5.43102, 52.13719], [5.44563, 52.13718], [5.44564, 52.14617], [5.43103, 52.14618], [5.43102, 52.13719]]]}}, {"type": "Feature", "properties": {"ntot": 949, "nhx": 630, "noy": 319, "share_in_municipality": 0.0}, "geometry": {"type": "Polygon", "coordinates": [[[5.44563, 52.13718], [5.46024, 52.13717], [5.46025, 52.14616], [5.44564, 52.14617], [5.44563, 52.13718]]]}}, {"type": "Feature", "properties": {"ntot": 961, "nhx": 647, "noy": 314, "share_in_municipality": 0.0}, "geometry": {"type": "Polygon", "coordinates": [[[5.46024, 52.13717], [5.47484, 52.13716], [5.47486, 52.14615], [5.46025, 52.14616], [5.46024, 52.13717]]]}}, {"type": "Feature", "properties": {"ntot": 985, "nhx": 671, "noy": 314, "share_in_municipality": 0.0}, "geometry": {"type": "Polygon", "coordinates": [[[5.47484, 52.13716], [5.48945, 52.13715], [5.48947, 52.14614], [5.47486, 52.14615], [5.47484, 52.13716]]]}}, {"type": "Feature", "properties": {"ntot": 1178, "nhx": 863, "noy": 315, "share_in_municipality": 0.0}, "geometry": {"type": "Polygon", "coordinates": [[[5.48945, 52.13715], [5.50406, 52.13714], [5.50408, 52.14613], [5.48947, 52.14614], [5.48945, 52.13715]]]}}, {"type": "Feature", "properties": {"ntot": 1078, "nhx": 763, "noy": 315, "share_in_municipality": 0.0}, "geometry": {"type": "Polygon", "coordinates": [[[5.50406, 52.13714], [5.51866, 52.13712], [5.51869, 52.14611], [5.50408, 52.14613], [5.50406, 52.13714]]]}}, {"type": "Feature", "properties": {"ntot": 1180, "nhx": 858, "noy": 322, "share_in_municipality": 0.0}, "geometry": {"type": "Polygon", "coordinates": [[[5.51866, 52.13712], [5.53327, 52.13711], [5.5333, 52.14609], [5.51869, 52.14611], [5.51866, 52.13712]]]}}, {"type": "Feature", "properties": {"ntot": 2064, "nhx": 1728, "noy": 336, "share_in_municipality": 0.0}, "geometry": {"type": "Polygon", "coordinates": [[[5.53327, 52.13711], [5.54788, 52.13709], [5.54791, 52.14607], [5.5333, 52.14609], [5.53327, 52.13711]]]}}, {"type": "Feature", "properties": {"ntot": 1862, "nhx": 1498, "noy": 364, "share_in_municipality": 0.0}, "geometry": {"type": "Polygon", "coordinates": [[[5.54788, 52.13709], [5.56248, 52.13707], [5.56252, 52.14605], [5.54791, 52.14607], [5.54788, 52.13709]]]}}, {"type": "Feature", "properties": {"ntot": 1689, "nhx": 1340, "noy": 349, "share_in_municipality": 0.0}, "geometry": {"type": "Polygon", "coordinates": [[[5.56248, 52.13707], [5.57709, 52.13704], [5.57713, 52.14603], [5.56252, 52.14605], [5.56248, 52.13707]]]}}, {"type": "Feature", "properties": {"ntot": 2178, "nhx": 1741, "noy": 437, "share_in_municipality": 0.0}, "geometry": {"type": "Polygon", "coordinates": [[[5.57709, 52.13704], [5.5917, 52.13702], [5.59174, 52.14601], [5.57713, 52.14603], [5.57709, 52.13704]]]}}, {"type": "Feature", "properties": {"ntot": 1774, "nhx": 1406, "noy": 368, "share_in_municipality": 0.0}, "geometry": {"type": "Polygon", "coordinates": [[[5.5917, 52.13702], [5.6063, 52.13699], [5.60635, 52.14598], [5.59174, 52.14601], [5.5917, 52.13702]]]}}, {"type": "Feature", "properties": {"ntot": 2457, "nhx": 2133, "noy": 324, "share_in_municipality": 0.0}, "geometry": {"type": "Polygon", "coordinates": [[[5.6063, 52.13699], [5.62091, 52.13696], [5.62096, 52.14595], [5.60635, 52.14598], [5.6063, 52.13699]]]}}, {"type": "Feature", "properties": {"ntot": 2061, "nhx": 1745, "noy": 316, "share_in_municipality": 0.0}, "geometry": {"type": "Polygon", "coordinates": [[[5.62091, 52.13696], [5.63552, 52.13693], [5.63557, 52.14592], [5.62096, 52.14595], [5.62091, 52.13696]]]}}, {"type": "Feature", "properties": {"ntot": 1776, "nhx": 1475, "noy": 301, "share_in_municipality": 0.0}, "geometry": {"type": "Polygon", "coordinates": [[[5.63552, 52.13693], [5.65012, 52.1369], [5.65018, 52.14589], [5.63557, 52.14592], [5.63552, 52.13693]]]}}, {"type": "Feature", "properties": {"ntot": 2427, "nhx": 2119, "noy": 308, "share_in_municipality": 0.0}, "geometry": {"type": "Polygon", "coordinates": [[[5.65012, 52.1369], [5.66473, 52.13687], [5.66479, 52.14586], [5.65018, 52.14589], [5.65012, 52.1369]]]}}, {"type": "Feature", "properties": {"ntot": 2058, "nhx": 1753, "noy": 305, "share_in_municipality": 0.0}, "geometry": {"type": "Polygon", "coordinates": [[[5.66473, 52.13687], [5.67934, 52.13683], [5.67939, 52.14582], [5.66479, 52.14586], [5.66473, 52.13687]]]}}, {"type": "Feature", "properties": {"ntot": 2095, "nhx": 1785, "noy": 310, "share_in_municipality": 0.0}, "geometry": {"type": "Polygon", "coordinates": [[[5.67934, 52.13683], [5.69394, 52.1368], [5.694, 52.14578], [5.67939, 52.14582], [5.67934, 52.13683]]]}}, {"type": "Feature", "properties": {"ntot": 1787, "nhx": 1481, "noy": 306, "share_in_municipality": 0.0}, "geometry": {"type": "Polygon", "coordinates": [[[5.69394, 52.1368], [5.70855, 52.13676], [5.70861, 52.14575], [5.694, 52.14578], [5.69394, 52.1368]]]}}, {"type": "Feature", "properties": {"ntot": 1655, "nhx": 1344, "noy": 311, "share_in_municipality": 0.0}, "geometry": {"type": "Polygon", "coordinates": [[[5.70855, 52.13676], [5.72315, 52.13672], [5.72322, 52.14571], [5.70861, 52.14575], [5.70855, 52.13676]]]}}, {"type": "Feature", "properties": {"ntot": 1149, "nhx": 845, "noy": 304, "share_in_municipality": 0.0}, "geometry": {"type": "Polygon", "coordinates": [[[5.72315, 52.13672], [5.73776, 52.13667], [5.73783, 52.14566], [5.72322, 52.14571], [5.72315, 52.13672]]]}}, {"type": "Feature", "properties": {"ntot": 1295, "nhx": 969, "noy": 326, "share_in_municipality": 0.0}, "geometry": {"type": "Polygon", "coordinates": [[[5.73776, 52.13667], [5.75237, 52.13663], [5.75244, 52.14562], [5.73783, 52.14566], [5.73776, 52.13667]]]}}, {"type": "Feature", "properties": {"ntot": 1241, "nhx": 893, "noy": 348, "share_in_municipality": 0.0}, "geometry": {"type": "Polygon", "coordinates": [[[5.75237, 52.13663], [5.76697, 52.13658], [5.76705, 52.14557], [5.75244, 52.14562], [5.75237, 52.13663]]]}}, {"type": "Feature", "properties": {"ntot": 1356, "nhx": 992, "noy": 364, "share_in_municipality": 0.0}, "geometry": {"type": "Polygon", "coordinates": [[[5.76697, 52.13658], [5.78158, 52.13654], [5.78166, 52.14552], [5.76705, 52.14557], [5.76697, 52.13658]]]}}, {"type": "Feature", "properties": {"ntot": 1044, "nhx": 732, "noy": 313, "share_in_municipality": 0.0}, "geometry": {"type": "Polygon", "coordinates": [[[5.78158, 52.13654], [5.79619, 52.13649], [5.79627, 52.14547], [5.78166, 52.14552], [5.78158, 52.13654]]]}}, {"type": "Feature", "properties": {"ntot": 1095, "nhx": 763, "noy": 332, "share_in_municipality": 0.0}, "geometry": {"type": "Polygon", "coordinates": [[[5.79619, 52.13649], [5.81079, 52.13644], [5.81088, 52.14542], [5.79627, 52.14547], [5.79619, 52.13649]]]}}, {"type": "Feature", "properties": {"ntot": 1042, "nhx": 712, "noy": 330, "share_in_municipality": 0.0}, "geometry": {"type": "Polygon", "coordinates": [[[5.81079, 52.13644], [5.8254, 52.13638], [5.82549, 52.14537], [5.81088, 52.14542], [5.81079, 52.13644]]]}}, {"type": "Feature", "properties": {"ntot": 981, "nhx": 660, "noy": 320, "share_in_municipality": 0.0}, "geometry": {"type": "Polygon", "coordinates": [[[5.8254, 52.13638], [5.84, 52.13633], [5.8401, 52.14531], [5.82549, 52.14537], [5.8254, 52.13638]]]}}, {"type": "Feature", "properties": {"ntot": 1320, "nhx": 899, "noy": 421, "share_in_municipality": 0.0}, "geometry": {"type": "Polygon", "coordinates": [[[5.84, 52.13633], [5.85461, 52.13627], [5.8547, 52.14526], [5.8401, 52.14531], [5.84, 52.13633]]]}}, {"type": "Feature", "properties": {"ntot": 1246, "nhx": 882, "noy": 364, "share_in_municipality": 0.0}, "geometry": {"type": "Polygon", "coordinates": [[[5.16806, 52.14598], [5.18267, 52.14601], [5.18263, 52.155], [5.16802, 52.15497], [5.16806, 52.14598]]]}}, {"type": "Feature", "properties": {"ntot": 1102, "nhx": 724, "noy": 379, "share_in_municipality": 0.0}, "geometry": {"type": "Polygon", "coordinates": [[[5.18267, 52.14601], [5.19728, 52.14603], [5.19724, 52.15502], [5.18263, 52.155], [5.18267, 52.14601]]]}}, {"type": "Feature", "properties": {"ntot": 1552, "nhx": 1042, "noy": 510, "share_in_municipality": 0.0}, "geometry": {"type": "Polygon", "coordinates": [[[5.19728, 52.14603], [5.21189, 52.14605], [5.21185, 52.15504], [5.19724, 52.15502], [5.19728, 52.14603]]]}}, {"type": "Feature", "properties": {"ntot": 1494, "nhx": 990, "noy": 503, "share_in_municipality": 0.0}, "geometry": {"type": "Polygon", "coordinates": [[[5.21189, 52.14605], [5.2265, 52.14608], [5.22647, 52.15506], [5.21185, 52.15504], [5.21189, 52.14605]]]}}, {"type": "Feature", "properties": {"ntot": 1189, "nhx": 773, "noy": 416, "share_in_municipality": 0.0}, "geometry": {"type": "Polygon", "coordinates": [[[5.2265, 52.14608], [5.24111, 52.14609], [5.24108, 52.15508], [5.22647, 52.15506], [5.2265, 52.14608]]]}}, {"type": "Feature", "properties": {"ntot": 1425, "nhx": 948, "noy": 477, "share_in_municipality": 0.0}, "geometry": {"type": "Polygon", "coordinates": [[[5.24111, 52.14609], [5.25572, 52.14611], [5.25569, 52.1551], [5.24108, 52.15508], [5.24111, 52.14609]]]}}, {"type": "Feature", "properties": {"ntot": 1505, "nhx": 998, "noy": 507, "share_in_municipality": 0.0}, "geometry": {"type": "Polygon", "coordinates": [[[5.25572, 52.14611], [5.27033, 52.14613], [5.2703, 52.15511], [5.25569, 52.1551], [5.25572, 52.14611]]]}}, {"type": "Feature", "properties": {"ntot": 1492, "nhx": 991, "noy": 501, "share_in_municipality": 0.0}, "geometry": {"type": "Polygon", "coordinates": [[[5.27033, 52.14613], [5.28494, 52.14614], [5.28492, 52.15513], [5.2703, 52.15511], [5.27033, 52.14613]]]}}, {"type": "Feature", "properties": {"ntot": 986, "nhx": 638, "noy": 348, "share_in_municipality": 0.0}, "geometry": {"type": "Polygon", "coordinates": [[[5.28494, 52.14614], [5.29955, 52.14615], [5.29953, 52.15514], [5.28492, 52.15513], [5.28494, 52.14614]]]}}, {"type": "Feature", "properties": {"ntot": 1469, "nhx": 970, "noy": 499, "share_in_municipality": 0.0}, "geometry": {"type": "Polygon", "coordinates": [[[5.29955, 52.14615], [5.31416, 52.14616], [5.31414, 52.15515], [5.29953, 52.15514], [5.29955, 52.14615]]]}}, {"type": "Feature", "properties": {"ntot": 1337, "nhx": 879, "noy": 458, "share_in_municipality": 0.0}, "geometry": {"type": "Polygon", "coordinates": [[[5.31416, 52.14616], [5.32876, 52.14617], [5.32875, 52.15516], [5.31414, 52.15515], [5.31416, 52.14616]]]}}, {"type": "Feature", "properties": {"ntot": 1516, "nhx": 1017, "noy": 499, "share_in_municipality": 0.0}, "geometry": {"type": "Polygon", "coordinates": [[[5.32876, 52.14617], [5.34337, 52.14618], [5.34337, 52.15516], [5.32875, 52.15516], [5.32876, 52.14617]]]}}, {"type": "Feature", "properties": {"ntot": 1177, "nhx": 779, "noy": 398, "share_in_municipality": 0.0}, "geometry": {"type": "Polygon", "coordinates": [[[5.34337, 52.14618], [5.35798, 52.14618], [5.35798, 52.15517], [5.34337, 52.15516], [5.34337, 52.14618]]]}}, {"type": "Feature", "properties": {"ntot": 975, "nhx": 643, "noy": 333, "share_in_municipality": 0.0}, "geometry": {"type": "Polygon", "coordinates": [[[5.35798, 52.14618], [5.37259, 52.14618], [5.37259, 52.15517], [5.35798, 52.15517], [5.35798, 52.14618]]]}}, {"type": "Feature", "properties": {"ntot": 1776, "nhx": 1278, "noy": 498, "share_in_municipality": 0.0}, "geometry": {"type": "Polygon", "coordinates": [[[5.37259, 52.14618], [5.3872, 52.14618], [5.3872, 52.15517], [5.37259, 52.15517], [5.37259, 52.14618]]]}}, {"type": "Feature", "properties": {"ntot": 1716, "nhx": 1237, "noy": 478, "share_in_municipality": 0.0}, "geometry": {"type": "Polygon", "coordinates": [[[5.3872, 52.14618], [5.40181, 52.14618], [5.40182, 52.15517], [5.3872, 52.15517], [5.3872, 52.14618]]]}}, {"type": "Feature", "properties": {"ntot": 1654, "nhx": 1176, "noy": 478, "share_in_municipality": 0.0}, "geometry": {"type": "Polygon", "coordinates": [[[5.40181, 52.14618], [5.41642, 52.14618], [5.41643, 52.15517], [5.40182, 52.15517], [5.40181, 52.14618]]]}}, {"type": "Feature", "properties": {"ntot": 993, "nhx": 631, "noy": 362, "share_in_municipality": 0.0}, "geometry": {"type": "Polygon", "coordinates": [[[5.41642, 52.14618], [5.43103, 52.14618], [5.43104, 52.15516], [5.41643, 52.15517], [5.41642, 52.14618]]]}}, {"type": "Feature", "properties": {"ntot": 993, "nhx": 669, "noy": 324, "share_in_municipality": 0.0}, "geometry": {"type": "Polygon", "coordinates": [[[5.43103, 52.14618], [5.44564, 52.14617], [5.44565, 52.15516], [5.43104, 52.15516], [5.43103, 52.14618]]]}}, {"type": "Feature", "properties": {"ntot": 960, "nhx": 631, "noy": 328, "share_in_municipality": 0.0}, "geometry": {"type": "Polygon", "coordinates": [[[5.44564, 52.14617], [5.46025, 52.14616], [5.46027, 52.15515], [5.44565, 52.15516], [5.44564, 52.14617]]]}}, {"type": "Feature", "properties": {"ntot": 953, "nhx": 630, "noy": 323, "share_in_municipality": 0.0}, "geometry": {"type": "Polygon", "coordinates": [[[5.46025, 52.14616], [5.47486, 52.14615], [5.47488, 52.15514], [5.46027, 52.15515], [5.46025, 52.14616]]]}}, {"type": "Feature", "properties": {"ntot": 1041, "nhx": 718, "noy": 323, "share_in_municipality": 0.0}, "geometry": {"type": "Polygon", "coordinates": [[[5.47486, 52.14615], [5.48947, 52.14614], [5.48949, 52.15513], [5.47488, 52.15514], [5.47486, 52.14615]]]}}, {"type": "Feature", "properties": {"ntot": 1055, "nhx": 731, "noy": 324, "share_in_municipality": 0.0}, "geometry": {"type": "Polygon", "coordinates": [[[5.48947, 52.14614], [5.50408, 52.14613], [5.5041, 52.15511], [5.48949, 52.15513], [5.48947, 52.14614]]]}}, {"type": "Feature", "properties": {"ntot": 1224, "nhx": 870, "noy": 354, "share_in_municipality": 0.0}, "geometry": {"type": "Polygon", "coordinates": [[[5.50408, 52.14613], [5.51869, 52.14611], [5.51872, 52.1551], [5.5041, 52.15511], [5.50408, 52.14613]]]}}, {"type": "Feature", "properties": {"ntot": 1205, "nhx": 859, "noy": 346, "share_in_municipality": 0.0}, "geometry": {"type": "Polygon", "coordinates": [[[5.51869, 52.14611], [5.5333, 52.14609], [5.53333, 52.15508], [5.51872, 52.1551], [5.51869, 52.14611]]]}}, {"type": "Feature", "properties": {"ntot": 1488, "nhx": 1131, "noy": 357, "share_in_municipality": 0.0}, "geometry": {"type": "Polygon", "coordinates": [[[5.5333, 52.14609], [5.54791, 52.14607], [5.54794, 52.15506], [5.53333, 52.15508], [5.5333, 52.14609]]]}}, {"type": "Feature", "properties": {"ntot": 1564, "nhx": 1216, "noy": 348, "share_in_municipality": 0.0}, "geometry": {"type": "Polygon", "coordinates": [[[5.54791, 52.14607], [5.56252, 52.14605], [5.56255, 52.15504], [5.54794, 52.15506], [5.54791, 52.14607]]]}}, {"type": "Feature", "properties": {"ntot": 1540, "nhx": 1161, "noy": 379, "share_in_municipality": 0.0}, "geometry": {"type": "Polygon", "coordinates": [[[5.56252, 52.14605], [5.57713, 52.14603], [5.57717, 52.15502], [5.56255, 52.15504], [5.56252, 52.14605]]]}}, {"type": "Feature", "properties": {"ntot": 1481, "nhx": 1153, "noy": 328, "share_in_municipality": 0.0}, "geometry": {"type": "Polygon", "coordinates": [[[5.57713, 52.14603], [5.59174, 52.14601], [5.59178, 52.15499], [5.57717, 52.15502], [5.57713, 52.14603]]]}}, {"type": "Feature", "properties": {"ntot": 1675, "nhx": 1292, "noy": 383, "share_in_municipality": 0.0}, "geometry": {"type": "Polygon", "coordinates": [[[5.59174, 52.14601], [5.60635, 52.14598], [5.60639, 52.15497], [5.59178, 52.15499], [5.59174, 52.14601]]]}}, {"type": "Feature", "properties": {"ntot": 2007, "nhx": 1694, "noy": 313, "share_in_municipality": 0.0}, "geometry": {"type": "Polygon", "coordinates": [[[5.60635, 52.14598], [5.62096, 52.14595], [5.621, 52.15494], [5.60639, 52.15497], [5.60635, 52.14598]]]}}, {"type": "Feature", "properties": {"ntot": 1944, "nhx": 1623, "noy": 321, "share_in_municipality": 0.0}, "geometry": {"type": "Polygon", "coordinates": [[[5.62096, 52.14595], [5.63557, 52.14592], [5.63562, 52.15491], [5.621, 52.15494], [5.62096, 52.14595]]]}}, {"type": "Feature", "properties": {"ntot": 2513, "nhx": 2198, "noy": 315, "share_in_municipality": 0.0}, "geometry": {"type": "Polygon", "coordinates": [[[5.63557, 52.14592], [5.65018, 52.14589], [5.65023, 52.15488], [5.63562, 52.15491], [5.63557, 52.14592]]]}}, {"type": "Feature", "properties": {"ntot": 2249, "nhx": 1917, "noy": 332, "share_in_municipality": 0.0}, "geometry": {"type": "Polygon", "coordinates": [[[5.65018, 52.14589], [5.66479, 52.14586], [5.66484, 52.15485], [5.65023, 52.15488], [5.65018, 52.14589]]]}}, {"type": "Feature", "properties": {"ntot": 2318, "nhx": 2002, "noy": 316, "share_in_municipality": 0.0}, "geometry": {"type": "Polygon", "coordinates": [[[5.66479, 52.14586], [5.67939, 52.14582], [5.67945, 52.15481], [5.66484, 52.15485], [5.66479, 52.14586]]]}}, {"type": "Feature", "properties": {"ntot": 1796, "nhx": 1487, "noy": 309, "share_in_municipality": 0.0}, "geometry": {"type": "Polygon", "coordinates": [[[5.67939, 52.14582], [5.694, 52.14578], [5.69407, 52.15477], [5.67945, 52.15481], [5.67939, 52.14582]]]}}, {"type": "Feature", "properties": {"ntot": 2043, "nhx": 1734, "noy": 309, "share_in_municipality": 0.0}, "geometry": {"type": "Polygon", "coordinates": [[[5.694, 52.14578], [5.70861, 52.14575], [5.70868, 52.15473], [5.69407, 52.15477], [5.694, 52.14578]]]}}, {"type": "Feature", "properties": {"ntot": 1502, "nhx": 1187, "noy": 316, "share_in_municipality": 0.0}, "geometry": {"type": "Polygon", "coordinates": [[[5.70861, 52.14575], [5.72322, 52.14571], [5.72329, 52.15469], [5.70868, 52.15473], [5.70861, 52.14575]]]}}, {"type": "Feature", "properties": {"ntot": 1418, "nhx": 1058, "noy": 360, "share_in_municipality": 0.0}, "geometry": {"type": "Polygon", "coordinates": [[[5.72322, 52.14571], [5.73783, 52.14566], [5.7379, 52.15465], [5.72329, 52.15469], [5.72322, 52.14571]]]}}, {"type": "Feature", "properties": {"ntot": 1691, "nhx": 1255, "noy": 436, "share_in_municipality": 0.0}, "geometry": {"type": "Polygon", "coordinates": [[[5.73783, 52.14566], [5.75244, 52.14562], [5.75251, 52.15461], [5.7379, 52.15465], [5.73783, 52.14566]]]}}, {"type": "Feature", "properties": {"ntot": 1288, "nhx": 934, "noy": 354, "share_in_municipality": 0.0}, "geometry": {"type": "Polygon", "coordinates": [[[5.75244, 52.14562], [5.76705, 52.14557], [5.76713, 52.15456], [5.75251, 52.15461], [5.75244, 52.14562]]]}}, {"type": "Feature", "properties": {"ntot": 1440, "nhx": 1028, "noy": 412, "share_in_municipality": 0.0}, "geometry": {"type": "Polygon", "coordinates": [[[5.76705, 52.14557], [5.78166, 52.14552], [5.78174, 52.15451], [5.76713, 52.15456], [5.76705, 52.14557]]]}}, {"type": "Feature", "properties": {"ntot": 1247, "nhx": 892, "noy": 354, "share_in_municipality": 0.0}, "geometry": {"type": "Polygon", "coordinates": [[[5.78166, 52.14552], [5.79627, 52.14547], [5.79635, 52.15446], [5.78174, 52.15451], [5.78166, 52.14552]]]}}, {"type": "Feature", "properties": {"ntot": 1264, "nhx": 900, "noy": 364, "share_in_municipality": 0.0}, "geometry": {"type": "Polygon", "coordinates": [[[5.79627, 52.14547], [5.81088, 52.14542], [5.81096, 52.15441], [5.79635, 52.15446], [5.79627, 52.14547]]]}}, {"type": "Feature", "properties": {"ntot": 1018, "nhx": 698, "noy": 320, "share_in_municipality": 0.0}, "geometry": {"type": "Polygon", "coordinates": [[[5.81088, 52.14542], [5.82549, 52.14537], [5.82557, 52.15436], [5.81096, 52.15441], [5.81088, 52.14542]]]}}, {"type": "Feature", "properties": {"ntot": 1032, "nhx": 704, "noy": 329, "share_in_municipality": 0.0}, "geometry": {"type": "Polygon", "coordinates": [[[5.82549, 52.14537], [5.8401, 52.14531], [5.84019, 52.1543], [5.82557, 52.15436], [5.82549, 52.14537]]]}}, {"type": "Feature", "properties": {"ntot": 1145, "nhx": 790, "noy": 355, "share_in_municipality": 0.0}, "geometry": {"type": "Polygon", "coordinates": [[[5.8401, 52.14531], [5.8547, 52.14526], [5.8548, 52.15424], [5.84019, 52.1543], [5.8401, 52.14531]]]}}, {"type": "Feature", "properties": {"ntot": 1351, "nhx": 948, "noy": 403, "share_in_municipality": 0.0}, "geometry": {"type": "Polygon", "coordinates": [[[5.16802, 52.15497], [5.18263, 52.155], [5.18259, 52.16398], [5.16797, 52.16396], [5.16802, 52.15497]]]}}, {"type": "Feature", "properties": {"ntot": 1075, "nhx": 728, "noy": 348, "share_in_municipality": 0.0}, "geometry": {"type": "Polygon", "coordinates": [[[5.18263, 52.155], [5.19724, 52.15502], [5.1972, 52.16401], [5.18259, 52.16398], [5.18263, 52.155]]]}}, {"type": "Feature", "properties": {"ntot": 1244, "nhx": 835, "noy": 409, "share_in_municipality": 0.0}, "geometry": {"type": "Polygon", "coordinates": [[[5.19724, 52.15502], [5.21185, 52.15504], [5.21182, 52.16403], [5.1972, 52.16401], [5.19724, 52.15502]]]}}, {"type": "Feature", "properties": {"ntot": 1230, "nhx": 820, "noy": 410, "share_in_municipality": 0.0}, "geometry": {"type": "Polygon", "coordinates": [[[5.21185, 52.15504], [5.22647, 52.15506], [5.22643, 52.16405], [5.21182, 52.16403], [5.21185, 52.15504]]]}}, {"type": "Feature", "properties": {"ntot": 1113, "nhx": 710, "noy": 402, "share_in_municipality": 0.0}, "geometry": {"type": "Polygon", "coordinates": [[[5.22647, 52.15506], [5.24108, 52.15508], [5.24105, 52.16407], [5.22643, 52.16405], [5.22647, 52.15506]]]}}, {"type": "Feature", "properties": {"ntot": 1422, "nhx": 942, "noy": 481, "share_in_municipality": 0.0}, "geometry": {"type": "Polygon", "coordinates": [[[5.24108, 52.15508], [5.25569, 52.1551], [5.25566, 52.16409], [5.24105, 52.16407], [5.24108, 52.15508]]]}}, {"type": "Feature", "properties": {"ntot": 1464, "nhx": 970, "noy": 494, "share_in_municipality": 0.0}, "geometry": {"type": "Polygon", "coordinates": [[[5.25569, 52.1551], [5.2703, 52.15511], [5.27028, 52.1641], [5.25566, 52.16409], [5.25569, 52.1551]]]}}, {"type": "Feature", "properties": {"ntot": 1143, "nhx": 763, "noy": 380, "share_in_municipality": 0.0}, "geometry": {"type": "Polygon", "coordinates": [[[5.2703, 52.15511], [5.28492, 52.15513], [5.28489, 52.16412], [5.27028, 52.1641], [5.2703, 52.15511]]]}}, {"type": "Feature", "properties": {"ntot": 1109, "nhx": 739, "noy": 370, "share_in_municipality": 0.0}, "geometry": {"type": "Polygon", "coordinates": [[[5.28492, 52.15513], [5.29953, 52.15514], [5.29951, 52.16413], [5.28489, 52.16412], [5.28492, 52.15513]]]}}, {"type": "Feature", "properties": {"ntot": 1148, "nhx": 778, "noy": 369, "share_in_municipality": 0.0}, "geometry": {"type": "Polygon", "coordinates": [[[5.29953, 52.15514], [5.31414, 52.15515], [5.31413, 52.16414], [5.29951, 52.16413], [5.29953, 52.15514]]]}}, {"type": "Feature", "properties": {"ntot": 1014, "nhx": 652, "noy": 362, "share_in_municipality": 0.0}, "geometry": {"type": "Polygon", "coordinates": [[[5.31414, 52.15515], [5.32875, 52.15516], [5.32874, 52.16415], [5.31413, 52.16414], [5.31414, 52.15515]]]}}, {"type": "Feature", "properties": {"ntot": 1068, "nhx": 715, "noy": 353, "share_in_municipality": 0.0}, "geometry": {"type": "Polygon", "coordinates": [[[5.32875, 52.15516], [5.34337, 52.15516], [5.34336, 52.16415], [5.32874, 52.16415], [5.32875, 52.15516]]]}}, {"type": "Feature", "properties": {"ntot": 1449, "nhx": 1005, "noy": 444, "share_in_municipality": 0.0}, "geometry": {"type": "Polygon", "coordinates": [[[5.34337, 52.15516], [5.35798, 52.15517], [5.35797, 52.16416], [5.34336, 52.16415], [5.34337, 52.15516]]]}}, {"type": "Feature", "properties": {"ntot": 1650, "nhx": 1192, "noy": 458, "share_in_municipality": 0.0}, "geometry": {"type": "Polygon", "coordinates": [[[5.35798, 52.15517], [5.37259, 52.15517], [5.37259, 52.16416], [5.35797, 52.16416], [5.35798, 52.15517]]]}}, {"type": "Feature", "properties": {"ntot": 1799, "nhx": 1302, "noy": 497, "share_in_municipality": 0.0}, "geometry": {"type": "Polygon", "coordinates": [[[5.37259, 52.15517], [5.3872, 52.15517], [5.3872, 52.16416], [5.37259, 52.16416], [5.37259, 52.15517]]]}}, {"type": "Feature", "properties": {"ntot": 1867, "nhx": 1385, "noy": 482, "share_in_municipality": 0.0}, "geometry": {"type": "Polygon", "coordinates": [[[5.3872, 52.15517], [5.40182, 52.15517], [5.40182, 52.16416], [5.3872, 52.16416], [5.3872, 52.15517]]]}}, {"type": "Feature", "properties": {"ntot": 1634, "nhx": 1160, "noy": 474, "share_in_municipality": 0.0}, "geometry": {"type": "Polygon", "coordinates": [[[5.40182, 52.15517], [5.41643, 52.15517], [5.41643, 52.16416], [5.40182, 52.16416], [5.40182, 52.15517]]]}}, {"type": "Feature", "properties": {"ntot": 1196, "nhx": 705, "noy": 491, "share_in_municipality": 0.0}, "geometry": {"type": "Polygon", "coordinates": [[[5.41643, 52.15517], [5.43104, 52.15516], [5.43105, 52.16415], [5.41643, 52.16416], [5.41643, 52.15517]]]}}, {"type": "Feature", "properties": {"ntot": 940, "nhx": 600, "noy": 340, "share_in_municipality": 0.0}, "geometry": {"type": "Polygon", "coordinates": [[[5.43104, 52.15516], [5.44565, 52.15516], [5.44567, 52.16415], [5.43105, 52.16415], [5.43104, 52.15516]]]}}, {"type": "Feature", "properties": {"ntot": 1007, "nhx": 674, "noy": 333, "share_in_municipality": 0.0}, "geometry": {"type": "Polygon", "coordinates": [[[5.44565, 52.15516], [5.46027, 52.15515], [5.46028, 52.16414], [5.44567, 52.16415], [5.44565, 52.15516]]]}}, {"type": "Feature", "properties": {"ntot": 1187, "nhx": 834, "noy": 353, "share_in_municipality": 0.0}, "geometry": {"type": "Polygon", "coordinates": [[[5.46027, 52.15515], [5.47488, 52.15514], [5.4749, 52.16413], [5.46028, 52.16414], [5.46027, 52.15515]]]}}, {"type": "Feature", "properties": {"ntot": 1221, "nhx": 909, "noy": 312, "share_in_municipality": 0.0}, "geometry": {"type": "Polygon", "coordinates": [[[5.47488, 52.15514], [5.48949, 52.15513], [5.48951, 52.16412], [5.4749, 52.16413], [5.47488, 52.15514]]]}}, {"type": "Feature", "properties": {"ntot": 1368, "nhx": 970, "noy": 398, "share_in_municipality": 0.0}, "geometry": {"type": "Polygon", "coordinates": [[[5.48949, 52.15513], [5.5041, 52.15511], [5.50413, 52.1641], [5.48951, 52.16412], [5.48949, 52.15513]]]}}, {"type": "Feature", "properties": {"ntot": 1283, "nhx": 864, "noy": 419, "share_in_municipality": 0.0}, "geometry": {"type": "Polygon", "coordinates": [[[5.5041, 52.15511], [5.51872, 52.1551], [5.51874, 52.16409], [5.50413, 52.1641], [5.5041, 52.15511]]]}}, {"type": "Feature", "properties": {"ntot": 1342, "nhx": 905, "noy": 436, "share_in_municipality": 0.0}, "geometry": {"type": "Polygon", "coordinates": [[[5.51872, 52.1551], [5.53333, 52.15508], [5.53336, 52.16407], [5.51874, 52.16409], [5.51872, 52.1551]]]}}, {"type": "Feature", "properties": {"ntot": 1463, "nhx": 1102, "noy": 361, "share_in_municipality": 0.0}, "geometry": {"type": "Polygon", "coordinates": [[[5.53333, 52.15508], [5.54794, 52.15506], [5.54797, 52.16405], [5.53336, 52.16407], [5.53333, 52.15508]]]}}, {"type": "Feature", "properties": {"ntot": 1503, "nhx": 1170, "noy": 333, "share_in_municipality": 0.0}, "geometry": {"type": "Polygon", "coordinates": [[[5.54794, 52.15506], [5.56255, 52.15504], [5.56259, 52.16403], [5.54797, 52.16405], [5.54794, 52.15506]]]}}, {"type": "Feature", "properties": {"ntot": 2039, "nhx": 1647, "noy": 392, "share_in_municipality": 0.0}, "geometry": {"type": "Polygon", "coordinates": [[[5.56255, 52.15504], [5.57717, 52.15502], [5.5772, 52.16401], [5.56259, 52.16403], [5.56255, 52.15504]]]}}, {"type": "Feature", "properties": {"ntot": 1492, "nhx": 1138, "noy": 354, "share_in_municipality": 0.0}, "geometry": {"type": "Polygon", "coordinates": [[[5.57717, 52.15502], [5.59178, 52.15499], [5.59182, 52.16398], [5.5772, 52.16401], [5.57717, 52.15502]]]}}, {"type": "Feature", "properties": {"ntot": 1496, "nhx": 1138, "noy": 358, "share_in_municipality": 0.0}, "geometry": {"type": "Polygon", "coordinates": [[[5.59178, 52.15499], [5.60639, 52.15497], [5.60644, 52.16396], [5.59182, 52.16398], [5.59178, 52.15499]]]}}, {"type": "Feature", "properties": {"ntot": 1513, "nhx": 1176, "noy": 337, "share_in_municipality": 0.0}, "geometry": {"type": "Polygon", "coordinates": [[[5.60639, 52.15497], [5.621, 52.15494], [5.62105, 52.16393], [5.60644, 52.16396], [5.60639, 52.15497]]]}}, {"type": "Feature", "properties": {"ntot": 2322, "nhx": 1975, "noy": 347, "share_in_municipality": 0.0}, "geometry": {"type": "Polygon", "coordinates": [[[5.621, 52.15494], [5.63562, 52.15491], [5.63567, 52.1639], [5.62105, 52.16393], [5.621, 52.15494]]]}}, {"type": "Feature", "properties": {"ntot": 1718, "nhx": 1408, "noy": 310, "share_in_municipality": 0.0}, "geometry": {"type": "Polygon", "coordinates": [[[5.63562, 52.15491], [5.65023, 52.15488], [5.65028, 52.16387], [5.63567, 52.1639], [5.63562, 52.15491]]]}}, {"type": "Feature", "properties": {"ntot": 1992, "nhx": 1681, "noy": 311, "share_in_municipality": 0.0}, "geometry": {"type": "Polygon", "coordinates": [[[5.65023, 52.15488], [5.66484, 52.15485], [5.6649, 52.16383], [5.65028, 52.16387], [5.65023, 52.15488]]]}}, {"type": "Feature", "properties": {"ntot": 1531, "nhx": 1217, "noy": 314, "share_in_municipality": 0.0}, "geometry": {"type": "Polygon", "coordinates": [[[5.66484, 52.15485], [5.67945, 52.15481], [5.67951, 52.1638], [5.6649, 52.16383], [5.66484, 52.15485]]]}}, {"type": "Feature", "properties": {"ntot": 2323, "nhx": 2012, "noy": 311, "share_in_municipality": 0.0}, "geometry": {"type": "Polygon", "coordinates": [[[5.67945, 52.15481], [5.69407, 52.15477], [5.69413, 52.16376], [5.67951, 52.1638], [5.67945, 52.15481]]]}}, {"type": "Feature", "properties": {"ntot": 1840, "nhx": 1529, "noy": 311, "share_in_municipality": 0.0}, "geometry": {"type": "Polygon", "coordinates": [[[5.69407, 52.15477], [5.70868, 52.15473], [5.70874, 52.16372], [5.69413, 52.16376], [5.69407, 52.15477]]]}}, {"type": "Feature", "properties": {"ntot": 1847, "nhx": 1478, "noy": 369, "share_in_municipality": 0.0}, "geometry": {"type": "Polygon", "coordinates": [[[5.70868, 52.15473], [5.72329, 52.15469], [5.72336, 52.16368], [5.70874, 52.16372], [5.70868, 52.15473]]]}}, {"type": "Feature", "properties": {"ntot": 1861, "nhx": 1392, "noy": 469, "share_in_municipality": 0.0}, "geometry": {"type": "Polygon", "coordinates": [[[5.72329, 52.15469], [5.7379, 52.15465], [5.73797, 52.16364], [5.72336, 52.16368], [5.72329, 52.15469]]]}}, {"type": "Feature", "properties": {"ntot": 1748, "nhx": 1284, "noy": 464, "share_in_municipality": 0.0}, "geometry": {"type": "Polygon", "coordinates": [[[5.7379, 52.15465], [5.75251, 52.15461], [5.75259, 52.16359], [5.73797, 52.16364], [5.7379, 52.15465]]]}}, {"type": "Feature", "properties": {"ntot": 1687, "nhx": 1224, "noy": 463, "share_in_municipality": 0.0}, "geometry": {"type": "Polygon", "coordinates": [[[5.75251, 52.15461], [5.76713, 52.15456], [5.7672, 52.16355], [5.75259, 52.16359], [5.75251, 52.15461]]]}}, {"type": "Feature", "properties": {"ntot": 1558, "nhx": 1114, "noy": 444, "share_in_municipality": 0.0}, "geometry": {"type": "Polygon", "coordinates": [[[5.76713, 52.15456], [5.78174, 52.15451], [5.78182, 52.1635], [5.7672, 52.16355], [5.76713, 52.15456]]]}}, {"type": "Feature", "properties": {"ntot": 1174, "nhx": 828, "noy": 347, "share_in_municipality": 0.0}, "geometry": {"type": "Polygon", "coordinates": [[[5.78174, 52.15451], [5.79635, 52.15446], [5.79643, 52.16345], [5.78182, 52.1635], [5.78174, 52.15451]]]}}, {"type": "Feature", "properties": {"ntot": 1420, "nhx": 993, "noy": 427, "share_in_municipality": 0.0}, "geometry": {"type": "Polygon", "coordinates": [[[5.79635, 52.15446], [5.81096, 52.15441], [5.81105, 52.1634], [5.79643, 52.16345], [5.79635, 52.15446]]]}}, {"type": "Feature", "properties": {"ntot": 1126, "nhx": 779, "noy": 346, "share_in_municipality": 0.0}, "geometry": {"type": "Polygon", "coordinates": [[[5.81096, 52.15441], [5.82557, 52.15436], [5.82566, 52.16334], [5.81105, 52.1634], [5.81096, 52.15441]]]}}, {"type": "Feature", "properties": {"ntot": 912, "nhx": 605, "noy": 308, "share_in_municipality": 0.0}, "geometry": {"type": "Polygon", "coordinates": [[[5.82557, 52.15436], [5.84019, 52.1543], [5.84028, 52.16329], [5.82566, 52.16334], [5.82557, 52.15436]]]}}, {"type": "Feature", "properties": {"ntot": 852, "nhx": 556, "noy": 296, "share_in_municipality": 0.0}, "geometry": {"type": "Polygon", "coordinates": [[[5.84019, 52.1543], [5.8548, 52.15424], [5.85489, 52.16323], [5.84028, 52.16329], [5.84019, 52.1543]]]}}, {"type": "Feature", "properties": {"ntot": 1064, "nhx": 661, "noy": 403, "share_in_municipality": 0.0}, "geometry": {"type": "Polygon", "coordinates": [[[5.16797, 52.16396], [5.18259, 52.16398], [5.18255, 52.17297], [5.16793, 52.17294], [5.16797, 52.16396]]]}}, {"type": "Feature", "properties": {"ntot": 1046, "nhx": 676, "noy": 370, "share_in_municipality": 0.0}, "geometry": {"type": "Polygon", "coordinates": [[[5.18259, 52.16398], [5.1972, 52.16401], [5.19716, 52.173], [5.18255, 52.17297], [5.18259, 52.16398]]]}}, {"type": "Feature", "properties": {"ntot": 1492, "nhx": 1011, "noy": 481, "share_in_municipality": 0.0}, "geometry": {"type": "Polygon", "coordinates": [[[5.1972, 52.16401], [5.21182, 52.16403], [5.21178, 52.17302], [5.19716, 52.173], [5.1972, 52.16401]]]}}, {"type": "Feature", "properties": {"ntot": 1264, "nhx": 856, "noy": 408, "share_in_municipality": 0.0}, "geometry": {"type": "Polygon", "coordinates": [[[5.21182, 52.16403], [5.22643, 52.16405], [5.2264, 52.17304], [5.21178, 52.17302], [5.21182, 52.16403]]]}}, {"type": "Feature", "properties": {"ntot": 1177, "nhx": 769, "noy": 408, "share_in_municipality": 0.0}, "geometry": {"type": "Polygon", "coordinates": [[[5.22643, 52.16405], [5.24105, 52.16407], [5.24102, 52.17306], [5.2264, 52.17304], [5.22643, 52.16405]]]}}, {"type": "Feature", "properties": {"ntot": 944, "nhx": 589, "noy": 355, "share_in_municipality": 0.0}, "geometry": {"type": "Polygon", "coordinates": [[[5.24105, 52.16407], [5.25566, 52.16409], [5.25564, 52.17307], [5.24102, 52.17306], [5.24105, 52.16407]]]}}, {"type": "Feature", "properties": {"ntot": 985, "nhx": 645, "noy": 340, "share_in_municipality": 0.0}, "geometry": {"type": "Polygon", "coordinates": [[[5.25566, 52.16409], [5.27028, 52.1641], [5.27026, 52.17309], [5.25564, 52.17307], [5.25566, 52.16409]]]}}, {"type": "Feature", "properties": {"ntot": 1005, "nhx": 683, "noy": 322, "share_in_municipality": 0.0}, "geometry": {"type": "Polygon", "coordinates": [[[5.27028, 52.1641], [5.28489, 52.16412], [5.28487, 52.1731], [5.27026, 52.17309], [5.27028, 52.1641]]]}}, {"type": "Feature", "properties": {"ntot": 1218, "nhx": 864, "noy": 354, "share_in_municipality": 0.0}, "geometry": {"type": "Polygon", "coordinates": [[[5.28489, 52.16412], [5.29951, 52.16413], [5.29949, 52.17312], [5.28487, 52.1731], [5.28489, 52.16412]]]}}, {"type": "Feature", "properties": {"ntot": 1202, "nhx": 840, "noy": 362, "share_in_municipality": 0.0}, "geometry": {"type": "Polygon", "coordinates": [[[5.29951, 52.16413], [5.31413, 52.16414], [5.31411, 52.17313], [5.29949, 52.17312], [5.29951, 52.16413]]]}}, {"type": "Feature", "properties": {"ntot": 853, "nhx": 525, "noy": 328, "share_in_municipality": 0.0}, "geometry": {"type": "Polygon", "coordinates": [[[5.31413, 52.16414], [5.32874, 52.16415], [5.32873, 52.17313], [5.31411, 52.17313], [5.31413, 52.16414]]]}}, {"type": "Feature", "properties": {"ntot": 860, "nhx": 534, "noy": 325, "share_in_municipality": 0.0}, "geometry": {"type": "Polygon", "coordinates": [[[5.32874, 52.16415], [5.34336, 52.16415], [5.34335, 52.17314], [5.32873, 52.17313], [5.32874, 52.16415]]]}}, {"type": "Feature", "properties": {"ntot": 1623, "nhx": 1163, "noy": 460, "share_in_municipality": 0.0}, "geometry": {"type": "Polygon", "coordinates": [[[5.34336, 52.16415], [5.35797, 52.16416], [5.35797, 52.17314], [5.34335, 52.17314], [5.34336, 52.16415]]]}}, {"type": "Feature", "properties": {"ntot": 1630, "nhx": 1165, "noy": 465, "share_in_municipality": 0.0}, "geometry": {"type": "Polygon", "coordinates": [[[5.35797, 52.16416], [5.37259, 52.16416], [5.37259, 52.17315], [5.35797, 52.17314], [5.35797, 52.16416]]]}}, {"type": "Feature", "properties": {"ntot": 1448, "nhx": 1027, "noy": 421, "share_in_municipality": 0.0}, "geometry": {"type": "Polygon", "coordinates": [[[5.37259, 52.16416], [5.3872, 52.16416], [5.3872, 52.17315], [5.37259, 52.17315], [5.37259, 52.16416]]]}}, {"type": "Feature", "properties": {"ntot": 1274, "nhx": 901, "noy": 372, "share_in_municipality": 0.0}, "geometry": {"type": "Polygon", "coordinates": [[[5.3872, 52.16416], [5.40182, 52.16416], [5.40182, 52.17315], [5.3872, 52.17315], [5.3872, 52.16416]]]}}, {"type": "Feature", "properties": {"ntot": 1414, "nhx": 993, "noy": 420, "share_in_municipality": 0.0}, "geometry": {"type": "Polygon", "coordinates": [[[5.40182, 52.16416], [5.41643, 52.16416], [5.41644, 52.17314], [5.40182, 52.17315], [5.40182, 52.16416]]]}}, {"type": "Feature", "properties": {"ntot": 1692, "nhx": 1161, "noy": 531, "share_in_municipality": 0.0}, "geometry": {"type": "Polygon", "coordinates": [[[5.41643, 52.16416], [5.43105, 52.16415], [5.43106, 52.17314], [5.41644, 52.17314], [5.41643, 52.16416]]]}}, {"type": "Feature", "properties": {"ntot": 1188, "nhx": 736, "noy": 451, "share_in_municipality": 0.169}, "geometry": {"type": "Polygon", "coordinates": [[[5.43105, 52.16415], [5.44567, 52.16415], [5.44568, 52.17313], [5.43106, 52.17314], [5.43105, 52.16415]]]}}, {"type": "Feature", "properties": {"ntot": 1724, "nhx": 1225, "noy": 498, "share_in_municipality": 0.634}, "geometry": {"type": "Polygon", "coordinates": [[[5.44567, 52.16415], [5.46028, 52.16414], [5.4603, 52.17313], [5.44568, 52.17313], [5.44567, 52.16415]]]}}, {"type": "Feature", "properties": {"ntot": 1671, "nhx": 1199, "noy": 472, "share_in_municipality": 0.754}, "geometry": {"type": "Polygon", "coordinates": [[[5.46028, 52.16414], [5.4749, 52.16413], [5.47491, 52.17312], [5.4603, 52.17313], [5.46028, 52.16414]]]}}, {"type": "Feature", "properties": {"ntot": 1260, "nhx": 849, "noy": 411, "share_in_municipality": 0.419}, "geometry": {"type": "Polygon", "coordinates": [[[5.4749, 52.16413], [5.48951, 52.16412], [5.48953, 52.1731], [5.47491, 52.17312], [5.4749, 52.16413]]]}}, {"type": "Feature", "properties": {"ntot": 1241, "nhx": 866, "noy": 375, "share_in_municipality": 0.0}, "geometry": {"type": "Polygon", "coordinates": [[[5.48951, 52.16412], [5.50413, 52.1641], [5.50415, 52.17309], [5.48953, 52.1731], [5.48951, 52.16412]]]}}, {"type": "Feature", "properties": {"ntot": 1184, "nhx": 846, "noy": 337, "share_in_municipality": 0.0}, "geometry": {"type": "Polygon", "coordinates": [[[5.50413, 52.1641], [5.51874, 52.16409], [5.51877, 52.17307], [5.50415, 52.17309], [5.50413, 52.1641]]]}}, {"type": "Feature", "properties": {"ntot": 1526, "nhx": 1174, "noy": 352, "share_in_municipality": 0.0}, "geometry": {"type": "Polygon", "coordinates": [[[5.51874, 52.16409], [5.53336, 52.16407], [5.53339, 52.17306], [5.51877, 52.17307], [5.51874, 52.16409]]]}}, {"type": "Feature", "properties": {"ntot": 1401, "nhx": 980, "noy": 421, "share_in_municipality": 0.0}, "geometry": {"type": "Polygon", "coordinates": [[[5.53336, 52.16407], [5.54797, 52.16405], [5.54801, 52.17304], [5.53339, 52.17306], [5.53336, 52.16407]]]}}, {"type": "Feature", "properties": {"ntot": 1615, "nhx": 1176, "noy": 439, "share_in_municipality": 0.0}, "geometry": {"type": "Polygon", "coordinates": [[[5.54797, 52.16405], [5.56259, 52.16403], [5.56262, 52.17302], [5.54801, 52.17304], [5.54797, 52.16405]]]}}, {"type": "Feature", "properties": {"ntot": 2047, "nhx": 1590, "noy": 457, "share_in_municipality": 0.0}, "geometry": {"type": "Polygon", "coordinates": [[[5.56259, 52.16403], [5.5772, 52.16401], [5.57724, 52.17299], [5.56262, 52.17302], [5.56259, 52.16403]]]}}, {"type": "Feature", "properties": {"ntot": 2134, "nhx": 1650, "noy": 484, "share_in_municipality": 0.0}, "geometry": {"type": "Polygon", "coordinates": [[[5.5772, 52.16401], [5.59182, 52.16398], [5.59186, 52.17297], [5.57724, 52.17299], [5.5772, 52.16401]]]}}, {"type": "Feature", "properties": {"ntot": 2015, "nhx": 1510, "noy": 505, "share_in_municipality": 0.0}, "geometry": {"type": "Polygon", "coordinates": [[[5.59182, 52.16398], [5.60644, 52.16396], [5.60648, 52.17294], [5.59186, 52.17297], [5.59182, 52.16398]]]}}, {"type": "Feature", "properties": {"ntot": 2002, "nhx": 1546, "noy": 456, "share_in_municipality": 0.0}, "geometry": {"type": "Polygon", "coordinates": [[[5.60644, 52.16396], [5.62105, 52.16393], [5.6211, 52.17292], [5.60648, 52.17294], [5.60644, 52.16396]]]}}, {"type": "Feature", "properties": {"ntot": 1286, "nhx": 929, "noy": 357, "share_in_municipality": 0.0}, "geometry": {"type": "Polygon", "coordinates": [[[5.62105, 52.16393], [5.63567, 52.1639], [5.63572, 52.17289], [5.6211, 52.17292], [5.62105, 52.16393]]]}}, {"type": "Feature", "properties": {"ntot": 2020, "nhx": 1694, "noy": 326, "share_in_municipality": 0.0}, "geometry": {"type": "Polygon", "coordinates": [[[5.63567, 52.1639], [5.65028, 52.16387], [5.65033, 52.17285], [5.63572, 52.17289], [5.63567, 52.1639]]]}}, {"type": "Feature", "properties": {"ntot": 1873, "nhx": 1558, "noy": 315, "share_in_municipality": 0.0}, "geometry": {"type": "Polygon", "coordinates": [[[5.65028, 52.16387], [5.6649, 52.16383], [5.66495, 52.17282], [5.65033, 52.17285], [5.65028, 52.16387]]]}}, {"type": "Feature", "properties": {"ntot": 1460, "nhx": 1148, "noy": 312, "share_in_municipality": 0.0}, "geometry": {"type": "Polygon", "coordinates": [[[5.6649, 52.16383], [5.67951, 52.1638], [5.67957, 52.17279], [5.66495, 52.17282], [5.6649, 52.16383]]]}}, {"type": "Feature", "properties": {"ntot": 1907, "nhx": 1597, "noy": 310, "share_in_municipality": 0.0}, "geometry": {"type": "Polygon", "coordinates": [[[5.67951, 52.1638], [5.69413, 52.16376], [5.69419, 52.17275], [5.67957, 52.17279], [5.67951, 52.1638]]]}}, {"type": "Feature", "properties": {"ntot": 1429, "nhx": 1087, "noy": 342, "share_in_municipality": 0.0}, "geometry": {"type": "Polygon", "coordinates": [[[5.69413, 52.16376], [5.70874, 52.16372], [5.70881, 52.17271], [5.69419, 52.17275], [5.69413, 52.16376]]]}}, {"type": "Feature", "properties": {"ntot": 1883, "nhx": 1420, "noy": 463, "share_in_municipality": 0.0}, "geometry": {"type": "Polygon", "coordinates": [[[5.70874, 52.16372], [5.72336, 52.16368], [5.72343, 52.17267], [5.70881, 52.17271], [5.70874, 52.16372]]]}}, {"type": "Feature", "properties": {"ntot": 1810, "nhx": 1341, "noy": 469, "share_in_municipality": 0.0}, "geometry": {"type": "Polygon", "coordinates": [[[5.72336, 52.16368], [5.73797, 52.16364], [5.73804, 52.17263], [5.72343, 52.17267], [5.72336, 52.16368]]]}}, {"type": "Feature", "properties": {"ntot": 1726, "nhx": 1260, "noy": 466, "share_in_municipality": 0.0}, "geometry": {"type": "Polygon", "coordinates": [[[5.73797, 52.16364], [5.75259, 52.16359], [5.75266, 52.17258], [5.73804, 52.17263], [5.73797, 52.16364]]]}}, {"type": "Feature", "properties": {"ntot": 1267, "nhx": 918, "noy": 350, "share_in_municipality": 0.0}, "geometry": {"type": "Polygon", "coordinates": [[[5.75259, 52.16359], [5.7672, 52.16355], [5.76728, 52.17254], [5.75266, 52.17258], [5.75259, 52.16359]]]}}, {"type": "Feature", "properties": {"ntot": 885, "nhx": 617, "noy": 268, "share_in_municipality": 0.0}, "geometry": {"type": "Polygon", "coordinates": [[[5.7672, 52.16355], [5.78182, 52.1635], [5.7819, 52.17249], [5.76728, 52.17254], [5.7672, 52.16355]]]}}, {"type": "Feature", "properties": {"ntot": 847, "nhx": 576, "noy": 271, "share_in_municipality": 0.0}, "geometry": {"type": "Polygon", "coordinates": [[[5.78182, 52.1635], [5.79643, 52.16345], [5.79652, 52.17244], [5.7819, 52.17249], [5.78182, 52.1635]]]}}, {"type": "Feature", "properties": {"ntot": 1026, "nhx": 695, "noy": 331, "share_in_municipality": 0.0}, "geometry": {"type": "Polygon", "coordinates": [[[5.79643, 52.16345], [5.81105, 52.1634], [5.81113, 52.17239], [5.79652, 52.17244], [5.79643, 52.16345]]]}}, {"type": "Feature", "properties": {"ntot": 919, "nhx": 612, "noy": 307, "share_in_municipality": 0.0}, "geometry": {"type": "Polygon", "coordinates": [[[5.81105, 52.1634], [5.82566, 52.16334], [5.82575, 52.17233], [5.81113, 52.17239], [5.81105, 52.1634]]]}}, {"type": "Feature", "properties": {"ntot": 845, "nhx": 552, "noy": 293, "share_in_municipality": 0.0}, "geometry": {"type": "Polygon", "coordinates": [[[5.82566, 52.16334], [5.84028, 52.16329], [5.84037, 52.17228], [5.82575, 52.17233], [5.82566, 52.16334]]]}}, {"type": "Feature", "properties": {"ntot": 778, "nhx": 498, "noy": 279, "share_in_municipality": 0.0}, "geometry": {"type": "Polygon", "coordinates": [[[5.84028, 52.16329], [5.85489, 52.16323], [5.85499, 52.17222], [5.84037, 52.17228], [5.84028, 52.16329]]]}}, {"type": "Feature", "properties": {"ntot": 1292, "nhx": 877, "noy": 415, "share_in_municipality": 0.0}, "geometry": {"type": "Polygon", "coordinates": [[[5.16793, 52.17294], [5.18255, 52.17297], [5.1825, 52.18196], [5.16788, 52.18193], [5.16793, 52.17294]]]}}, {"type": "Feature", "properties": {"ntot": 1374, "nhx": 935, "noy": 439, "share_in_municipality": 0.0}, "geometry": {"type": "Polygon", "coordinates": [[[5.18255, 52.17297], [5.19716, 52.173], [5.19713, 52.18198], [5.1825, 52.18196], [5.18255, 52.17297]]]}}, {"type": "Feature", "properties": {"ntot": 1525, "nhx": 1022, "noy": 503, "share_in_municipality": 0.0}, "geometry": {"type": "Polygon", "coordinates": [[[5.19716, 52.173], [5.21178, 52.17302], [5.21175, 52.18201], [5.19713, 52.18198], [5.19716, 52.173]]]}}, {"type": "Feature", "properties": {"ntot": 1246, "nhx": 841, "noy": 405, "share_in_municipality": 0.0}, "geometry": {"type": "Polygon", "coordinates": [[[5.21178, 52.17302], [5.2264, 52.17304], [5.22637, 52.18203], [5.21175, 52.18201], [5.21178, 52.17302]]]}}, {"type": "Feature", "properties": {"ntot": 1352, "nhx": 894, "noy": 458, "share_in_municipality": 0.0}, "geometry": {"type": "Polygon", "coordinates": [[[5.2264, 52.17304], [5.24102, 52.17306], [5.24099, 52.18205], [5.22637, 52.18203], [5.2264, 52.17304]]]}}, {"type": "Feature", "properties": {"ntot": 1235, "nhx": 816, "noy": 419, "share_in_municipality": 0.0}, "geometry": {"type": "Polygon", "coordinates": [[[5.24102, 52.17306], [5.25564, 52.17307], [5.25561, 52.18206], [5.24099, 52.18205], [5.24102, 52.17306]]]}}, {"type": "Feature", "properties": {"ntot": 1746, "nhx": 1298, "noy": 448, "share_in_municipality": 0.0}, "geometry": {"type": "Polygon", "coordinates": [[[5.25564, 52.17307], [5.27026, 52.17309], [5.27023, 52.18208], [5.25561, 52.18206], [5.25564, 52.17307]]]}}, {"type": "Feature", "properties": {"ntot": 1699, "nhx": 1248, "noy": 451, "share_in_municipality": 0.0}, "geometry": {"type": "Polygon", "coordinates": [[[5.27026, 52.17309], [5.28487, 52.1731], [5.28485, 52.18209], [5.27023, 52.18208], [5.27026, 52.17309]]]}}, {"type": "Feature", "properties": {"ntot": 1082, "nhx": 741, "noy": 341, "share_in_municipality": 0.0}, "geometry": {"type": "Polygon", "coordinates": [[[5.28487, 52.1731], [5.29949, 52.17312], [5.29948, 52.1821], [5.28485, 52.18209], [5.28487, 52.1731]]]}}, {"type": "Feature", "properties": {"ntot": 1162, "nhx": 812, "noy": 351, "share_in_municipality": 0.0}, "geometry": {"type": "Polygon", "coordinates": [[[5.29949, 52.17312], [5.31411, 52.17313], [5.3141, 52.18211], [5.29948, 52.1821], [5.29949, 52.17312]]]}}, {"type": "Feature", "properties": {"ntot": 839, "nhx": 517, "noy": 322, "share_in_municipality": 0.0}, "geometry": {"type": "Polygon", "coordinates": [[[5.31411, 52.17313], [5.32873, 52.17313], [5.32872, 52.18212], [5.3141, 52.18211], [5.31411, 52.17313]]]}}, {"type": "Feature", "properties": {"ntot": 818, "nhx": 499, "noy": 319, "share_in_municipality": 0.0}, "geometry": {"type": "Polygon", "coordinates": [[[5.32873, 52.17313], [5.34335, 52.17314], [5.34334, 52.18213], [5.32872, 52.18212], [5.32873, 52.17313]]]}}, {"type": "Feature", "properties": {"ntot": 957, "nhx": 621, "noy": 336, "share_in_municipality": 0.0}, "geometry": {"type": "Polygon", "coordinates": [[[5.34335, 52.17314], [5.35797, 52.17314], [5.35796, 52.18213], [5.34334, 52.18213], [5.34335, 52.17314]]]}}, {"type": "Feature", "properties": {"ntot": 998, "nhx": 630, "noy": 367, "share_in_municipality": 0.0}, "geometry": {"type": "Polygon", "coordinates": [[[5.35797, 52.17314], [5.37259, 52.17315], [5.37258, 52.18214], [5.35796, 52.18213], [5.35797, 52.17314]]]}}, {"type": "Feature", "properties": {"ntot": 1258, "nhx": 897, "noy": 361, "share_in_municipality": 0.0}, "geometry": {"type": "Polygon", "coordinates": [[[5.37259, 52.17315], [5.3872, 52.17315], [5.3872, 52.18214], [5.37258, 52.18214], [5.37259, 52.17315]]]}}, {"type": "Feature", "properties": {"ntot": 1451, "nhx": 1038, "noy": 413, "share_in_municipality": 0.0}, "geometry": {"type": "Polygon", "coordinates": [[[5.3872, 52.17315], [5.40182, 52.17315], [5.40183, 52.18214], [5.3872, 52.18214], [5.3872, 52.17315]]]}}, {"type": "Feature", "properties": {"ntot": 1524, "nhx": 1094, "noy": 430, "share_in_municipality": 0.0}, "geometry": {"type": "Polygon", "coordinates": [[[5.40182, 52.17315], [5.41644, 52.17314], [5.41645, 52.18213], [5.40183, 52.18214], [5.40182, 52.17315]]]}}, {"type": "Feature", "properties": {"ntot": 1744, "nhx": 1179, "noy": 566, "share_in_municipality": 0.0}, "geometry": {"type": "Polygon", "coordinates": [[[5.41644, 52.17314], [5.43106, 52.17314], [5.43107, 52.18213], [5.41645, 52.18213], [5.41644, 52.17314]]]}}, {"type": "Feature", "properties": {"ntot": 1118, "nhx": 691, "noy": 427, "share_in_municipality": 0.403}, "geometry": {"type": "Polygon", "coordinates": [[[5.43106, 52.17314], [5.44568, 52.17313], [5.44569, 52.18212], [5.43107, 52.18213], [5.43106, 52.17314]]]}}, {"type": "Feature", "properties": {"ntot": 1583, "nhx": 1154, "noy": 429, "share_in_municipality": 1.0}, "geometry": {"type": "Polygon", "coordinates": [[[5.44568, 52.17313], [5.4603, 52.17313], [5.46031, 52.18211], [5.44569, 52.18212], [5.44568, 52.17313]]]}}, {"type": "Feature", "properties": {"ntot": 1620, "nhx": 1203, "noy": 417, "share_in_municipality": 1.0}, "geometry": {"type": "Polygon", "coordinates": [[[5.4603, 52.17313], [5.47491, 52.17312], [5.47493, 52.1821], [5.46031, 52.18211], [5.4603, 52.17313]]]}}, {"type": "Feature", "properties": {"ntot": 1130, "nhx": 797, "noy": 332, "share_in_municipality": 0.716}, "geometry": {"type": "Polygon", "coordinates": [[[5.47491, 52.17312], [5.48953, 52.1731], [5.48955, 52.18209], [5.47493, 52.1821], [5.47491, 52.17312]]]}}, {"type": "Feature", "properties": {"ntot": 1289, "nhx": 960, "noy": 328, "share_in_municipality": 0.0}, "geometry": {"type": "Polygon", "coordinates": [[[5.48953, 52.1731], [5.50415, 52.17309], [5.50417, 52.18208], [5.48955, 52.18209], [5.48953, 52.1731]]]}}, {"type": "Feature", "properties": {"ntot": 1220, "nhx": 901, "noy": 319, "share_in_municipality": 0.0}, "geometry": {"type": "Polygon", "coordinates": [[[5.50415, 52.17309], [5.51877, 52.17307], [5.5188, 52.18206], [5.50417, 52.18208], [5.50415, 52.17309]]]}}, {"type": "Feature", "properties": {"ntot": 1169, "nhx": 835, "noy": 333, "share_in_municipality": 0.0}, "geometry": {"type": "Polygon", "coordinates": [[[5.51877, 52.17307], [5.53339, 52.17306], [5.53342, 52.18205], [5.5188, 52.18206], [5.51877, 52.17307]]]}}, {"type": "Feature", "properties": {"ntot": 1264, "nhx": 904, "noy": 360, "share_in_municipality": 0.295}, "geometry": {"type": "Polygon", "coordinates": [[[5.53339, 52.17306], [5.54801, 52.17304], [5.54804, 52.18203], [5.53342, 52.18205], [5.53339, 52.17306]]]}}, {"type": "Feature", "properties": {"ntot": 1530, "nhx": 1176, "noy": 354, "share_in_municipality": 0.657}, "geometry": {"type": "Polygon", "coordinates": [[[5.54801, 52.17304], [5.56262, 52.17302], [5.56266, 52.18201], [5.54804, 52.18203], [5.54801, 52.17304]]]}}, {"type": "Feature", "properties": {"ntot": 1426, "nhx": 1094, "noy": 332, "share_in_municipality": 0.144}, "geometry": {"type": "Polygon", "coordinates": [[[5.56262, 52.17302], [5.57724, 52.17299], [5.57728, 52.18198], [5.56266, 52.18201], [5.56262, 52.17302]]]}}, {"type": "Feature", "properties": {"ntot": 1489, "nhx": 1160, "noy": 329, "share_in_municipality": 0.0}, "geometry": {"type": "Polygon", "coordinates": [[[5.57724, 52.17299], [5.59186, 52.17297], [5.5919, 52.18196], [5.57728, 52.18198], [5.57724, 52.17299]]]}}, {"type": "Feature", "properties": {"ntot": 1413, "nhx": 1095, "noy": 318, "share_in_municipality": 0.0}, "geometry": {"type": "Polygon", "coordinates": [[[5.59186, 52.17297], [5.60648, 52.17294], [5.60652, 52.18193], [5.5919, 52.18196], [5.59186, 52.17297]]]}}, {"type": "Feature", "properties": {"ntot": 1397, "nhx": 1080, "noy": 317, "share_in_municipality": 0.0}, "geometry": {"type": "Polygon", "coordinates": [[[5.60648, 52.17294], [5.6211, 52.17292], [5.62115, 52.1819], [5.60652, 52.18193], [5.60648, 52.17294]]]}}, {"type": "Feature", "properties": {"ntot": 1336, "nhx": 1010, "noy": 326, "share_in_municipality": 0.0}, "geometry": {"type": "Polygon", "coordinates": [[[5.6211, 52.17292], [5.63572, 52.17289], [5.63577, 52.18187], [5.62115, 52.1819], [5.6211, 52.17292]]]}}, {"type": "Feature", "properties": {"ntot": 1725, "nhx": 1333, "noy": 392, "share_in_municipality": 0.0}, "geometry": {"type": "Polygon", "coordinates": [[[5.63572, 52.17289], [5.65033, 52.17285], [5.65039, 52.18184], [5.63577, 52.18187], [5.63572, 52.17289]]]}}, {"type": "Feature", "properties": {"ntot": 1592, "nhx": 1228, "noy": 364, "share_in_municipality": 0.0}, "geometry": {"type": "Polygon", "coordinates": [[[5.65033, 52.17285], [5.66495, 52.17282], [5.66501, 52.18181], [5.65039, 52.18184], [5.65033, 52.17285]]]}}, {"type": "Feature", "properties": {"ntot": 2088, "nhx": 1761, "noy": 327, "share_in_municipality": 0.0}, "geometry": {"type": "Polygon", "coordinates": [[[5.66495, 52.17282], [5.67957, 52.17279], [5.67963, 52.18177], [5.66501, 52.18181], [5.66495, 52.17282]]]}}, {"type": "Feature", "properties": {"ntot": 1507, "nhx": 1188, "noy": 319, "share_in_municipality": 0.0}, "geometry": {"type": "Polygon", "coordinates": [[[5.67957, 52.17279], [5.69419, 52.17275], [5.69425, 52.18174], [5.67963, 52.18177], [5.67957, 52.17279]]]}}, {"type": "Feature", "properties": {"ntot": 1325, "nhx": 981, "noy": 344, "share_in_municipality": 0.0}, "geometry": {"type": "Polygon", "coordinates": [[[5.69419, 52.17275], [5.70881, 52.17271], [5.70887, 52.1817], [5.69425, 52.18174], [5.69419, 52.17275]]]}}, {"type": "Feature", "properties": {"ntot": 1232, "nhx": 892, "noy": 340, "share_in_municipality": 0.0}, "geometry": {"type": "Polygon", "coordinates": [[[5.70881, 52.17271], [5.72343, 52.17267], [5.72349, 52.18166], [5.70887, 52.1817], [5.70881, 52.17271]]]}}, {"type": "Feature", "properties": {"ntot": 1650, "nhx": 1203, "noy": 447, "share_in_municipality": 0.0}, "geometry": {"type": "Polygon", "coordinates": [[[5.72343, 52.17267], [5.73804, 52.17263], [5.73811, 52.18161], [5.72349, 52.18166], [5.72343, 52.17267]]]}}, {"type": "Feature", "properties": {"ntot": 1658, "nhx": 1200, "noy": 458, "share_in_municipality": 0.0}, "geometry": {"type": "Polygon", "coordinates": [[[5.73804, 52.17263], [5.75266, 52.17258], [5.75274, 52.18157], [5.73811, 52.18161], [5.73804, 52.17263]]]}}, {"type": "Feature", "properties": {"ntot": 1620, "nhx": 1176, "noy": 444, "share_in_municipality": 0.0}, "geometry": {"type": "Polygon", "coordinates": [[[5.75266, 52.17258], [5.76728, 52.17254], [5.76736, 52.18152], [5.75274, 52.18157], [5.75266, 52.17258]]]}}, {"type": "Feature", "properties": {"ntot": 1222, "nhx": 870, "noy": 352, "share_in_municipality": 0.0}, "geometry": {"type": "Polygon", "coordinates": [[[5.76728, 52.17254], [5.7819, 52.17249], [5.78198, 52.18148], [5.76736, 52.18152], [5.76728, 52.17254]]]}}, {"type": "Feature", "properties": {"ntot": 793, "nhx": 532, "noy": 261, "share_in_municipality": 0.0}, "geometry": {"type": "Polygon", "coordinates": [[[5.7819, 52.17249], [5.79652, 52.17244], [5.7966, 52.18143], [5.78198, 52.18148], [5.7819, 52.17249]]]}}, {"type": "Feature", "properties": {"ntot": 1225, "nhx": 857, "noy": 368, "share_in_municipality": 0.0}, "geometry": {"type": "Polygon", "coordinates": [[[5.79652, 52.17244], [5.81113, 52.17239], [5.81122, 52.18137], [5.7966, 52.18143], [5.79652, 52.17244]]]}}, {"type": "Feature", "properties": {"ntot": 1041, "nhx": 708, "noy": 334, "share_in_municipality": 0.0}, "geometry": {"type": "Polygon", "coordinates": [[[5.81113, 52.17239], [5.82575, 52.17233], [5.82584, 52.18132], [5.81122, 52.18137], [5.81113, 52.17239]]]}}, {"type": "Feature", "properties": {"ntot": 1344, "nhx": 922, "noy": 422, "share_in_municipality": 0.0}, "geometry": {"type": "Polygon", "coordinates": [[[5.82575, 52.17233], [5.84037, 52.17228], [5.84046, 52.18126], [5.82584, 52.18132], [5.82575, 52.17233]]]}}, {"type": "Feature", "properties": {"ntot": 1357, "nhx": 930, "noy": 427, "share_in_municipality": 0.0}, "geometry": {"type": "Polygon", "coordinates": [[[5.84037, 52.17228], [5.85499, 52.17222], [5.85508, 52.18121], [5.84046, 52.18126], [5.84037, 52.17228]]]}}, {"type": "Feature", "properties": {"ntot": 1553, "nhx": 1042, "noy": 511, "share_in_municipality": 0.0}, "geometry": {"type": "Polygon", "coordinates": [[[5.16788, 52.18193], [5.1825, 52.18196], [5.18246, 52.19095], [5.16784, 52.19092], [5.16788, 52.18193]]]}}, {"type": "Feature", "properties": {"ntot": 1658, "nhx": 1063, "noy": 596, "share_in_municipality": 0.0}, "geometry": {"type": "Polygon", "coordinates": [[[5.1825, 52.18196], [5.19713, 52.18198], [5.19709, 52.19097], [5.18246, 52.19095], [5.1825, 52.18196]]]}}, {"type": "Feature", "properties": {"ntot": 1584, "nhx": 1057, "noy": 526, "share_in_municipality": 0.0}, "geometry": {"type": "Polygon", "coordinates": [[[5.19713, 52.18198], [5.21175, 52.18201], [5.21171, 52.19099], [5.19709, 52.19097], [5.19713, 52.18198]]]}}, {"type": "Feature", "properties": {"ntot": 1424, "nhx": 945, "noy": 479, "share_in_municipality": 0.0}, "geometry": {"type": "Polygon", "coordinates": [[[5.21175, 52.18201], [5.22637, 52.18203], [5.22634, 52.19101], [5.21171, 52.19099], [5.21175, 52.18201]]]}}, {"type": "Feature", "properties": {"ntot": 1467, "nhx": 971, "noy": 496, "share_in_municipality": 0.0}, "geometry": {"type": "Polygon", "coordinates": [[[5.22637, 52.18203], [5.24099, 52.18205], [5.24096, 52.19103], [5.22634, 52.19101], [5.22637, 52.18203]]]}}, {"type": "Feature", "properties": {"ntot": 1174, "nhx": 773, "noy": 400, "share_in_municipality": 0.0}, "geometry": {"type": "Polygon", "coordinates": [[[5.24099, 52.18205], [5.25561, 52.18206], [5.25558, 52.19105], [5.24096, 52.19103], [5.24099, 52.18205]]]}}, {"type": "Feature", "properties": {"ntot": 1337, "nhx": 900, "noy": 437, "share_in_municipality": 0.0}, "geometry": {"type": "Polygon", "coordinates": [[[5.25561, 52.18206], [5.27023, 52.18208], [5.27021, 52.19107], [5.25558, 52.19105], [5.25561, 52.18206]]]}}, {"type": "Feature", "properties": {"ntot": 1191, "nhx": 826, "noy": 365, "share_in_municipality": 0.0}, "geometry": {"type": "Polygon", "coordinates": [[[5.27023, 52.18208], [5.28485, 52.18209], [5.28483, 52.19108], [5.27021, 52.19107], [5.27023, 52.18208]]]}}, {"type": "Feature", "properties": {"ntot": 1216, "nhx": 861, "noy": 355, "share_in_municipality": 0.0}, "geometry": {"type": "Polygon", "coordinates": [[[5.28485, 52.18209], [5.29948, 52.1821], [5.29946, 52.19109], [5.28483, 52.19108], [5.28485, 52.18209]]]}}, {"type": "Feature", "properties": {"ntot": 989, "nhx": 651, "noy": 338, "share_in_municipality": 0.0}, "geometry": {"type": "Polygon", "coordinates": [[[5.29948, 52.1821], [5.3141, 52.18211], [5.31408, 52.1911], [5.29946, 52.19109], [5.29948, 52.1821]]]}}, {"type": "Feature", "properties": {"ntot": 939, "nhx": 619, "noy": 319, "share_in_municipality": 0.0}, "geometry": {"type": "Polygon", "coordinates": [[[5.3141, 52.18211], [5.32872, 52.18212], [5.32871, 52.19111], [5.31408, 52.1911], [5.3141, 52.18211]]]}}, {"type": "Feature", "properties": {"ntot": 899, "nhx": 588, "noy": 311, "share_in_municipality": 0.0}, "geometry": {"type": "Polygon", "coordinates": [[[5.32872, 52.18212], [5.34334, 52.18213], [5.34333, 52.19112], [5.32871, 52.19111], [5.32872, 52.18212]]]}}, {"type": "Feature", "properties": {"ntot": 1051, "nhx": 724, "noy": 327, "share_in_municipality": 0.0}, "geometry": {"type": "Polygon", "coordinates": [[[5.34334, 52.18213], [5.35796, 52.18213], [5.35795, 52.19112], [5.34333, 52.19112], [5.34334, 52.18213]]]}}, {"type": "Feature", "properties": {"ntot": 1134, "nhx": 768, "noy": 366, "share_in_municipality": 0.0}, "geometry": {"type": "Polygon", "coordinates": [[[5.35796, 52.18213], [5.37258, 52.18214], [5.37258, 52.19112], [5.35795, 52.19112], [5.35796, 52.18213]]]}}, {"type": "Feature", "properties": {"ntot": 1504, "nhx": 1091, "noy": 414, "share_in_municipality": 0.0}, "geometry": {"type": "Polygon", "coordinates": [[[5.37258, 52.18214], [5.3872, 52.18214], [5.3872, 52.19112], [5.37258, 52.19112], [5.37258, 52.18214]]]}}, {"type": "Feature", "properties": {"ntot": 1678, "nhx": 1251, "noy": 427, "share_in_municipality": 0.0}, "geometry": {"type": "Polygon", "coordinates": [[[5.3872, 52.18214], [5.40183, 52.18214], [5.40183, 52.19112], [5.3872, 52.19112], [5.3872, 52.18214]]]}}, {"type": "Feature", "properties": {"ntot": 1551, "nhx": 1080, "noy": 471, "share_in_municipality": 0.0}, "geometry": {"type": "Polygon", "coordinates": [[[5.40183, 52.18214], [5.41645, 52.18213], [5.41645, 52.19112], [5.40183, 52.19112], [5.40183, 52.18214]]]}}, {"type": "Feature", "properties": {"ntot": 1447, "nhx": 1021, "noy": 426, "share_in_municipality": 0.0}, "geometry": {"type": "Polygon", "coordinates": [[[5.41645, 52.18213], [5.43107, 52.18213], [5.43108, 52.19112], [5.41645, 52.19112], [5.41645, 52.18213]]]}}, {"type": "Feature", "properties": {"ntot": 1370, "nhx": 904, "noy": 466, "share_in_municipality": 0.434}, "geometry": {"type": "Polygon", "coordinates": [[[5.43107, 52.18213], [5.44569, 52.18212], [5.4457, 52.19111], [5.43108, 52.19112], [5.43107, 52.18213]]]}}, {"type": "Feature", "properties": {"ntot": 909, "nhx": 576, "noy": 333, "share_in_municipality": 1.0}, "geometry": {"type": "Polygon", "coordinates": [[[5.44569, 52.18212], [5.46031, 52.18211], [5.46033, 52.1911], [5.4457, 52.19111], [5.44569, 52.18212]]]}}, {"type": "Feature", "properties": {"ntot": 884, "nhx": 570, "noy": 314, "share_in_municipality": 1.0}, "geometry": {"type": "Polygon", "coordinates": [[[5.46031, 52.18211], [5.47493, 52.1821], [5.47495, 52.19109], [5.46033, 52.1911], [5.46031, 52.18211]]]}}, {"type": "Feature", "properties": {"ntot": 881, "nhx": 574, "noy": 307, "share_in_municipality": 0.982}, "geometry": {"type": "Polygon", "coordinates": [[[5.47493, 52.1821], [5.48955, 52.18209], [5.48957, 52.19108], [5.47495, 52.19109], [5.47493, 52.1821]]]}}, {"type": "Feature", "properties": {"ntot": 1078, "nhx": 763, "noy": 315, "share_in_municipality": 0.482}, "geometry": {"type": "Polygon", "coordinates": [[[5.48955, 52.18209], [5.50417, 52.18208], [5.5042, 52.19107], [5.48957, 52.19108], [5.48955, 52.18209]]]}}, {"type": "Feature", "properties": {"ntot": 1095, "nhx": 759, "noy": 336, "share_in_municipality": 0.214}, "geometry": {"type": "Polygon", "coordinates": [[[5.50417, 52.18208], [5.5188, 52.18206], [5.51882, 52.19105], [5.5042, 52.19107], [5.50417, 52.18208]]]}}, {"type": "Feature", "properties": {"ntot": 1101, "nhx": 774, "noy": 327, "share_in_municipality": 0.033}, "geometry": {"type": "Polygon", "coordinates": [[[5.5188, 52.18206], [5.53342, 52.18205], [5.53345, 52.19103], [5.51882, 52.19105], [5.5188, 52.18206]]]}}, {"type": "Feature", "properties": {"ntot": 1194, "nhx": 860, "noy": 335, "share_in_municipality": 0.912}, "geometry": {"type": "Polygon", "coordinates": [[[5.53342, 52.18205], [5.54804, 52.18203], [5.54807, 52.19101], [5.53345, 52.19103], [5.53342, 52.18205]]]}}, {"type": "Feature", "properties": {"ntot": 1289, "nhx": 949, "noy": 340, "share_in_municipality": 1.0}, "geometry": {"type": "Polygon", "coordinates": [[[5.54804, 52.18203], [5.56266, 52.18201], [5.5627, 52.19099], [5.54807, 52.19101], [5.54804, 52.18203]]]}}, {"type": "Feature", "properties": {"ntot": 2048, "nhx": 1734, "noy": 314, "share_in_municipality": 0.579}, "geometry": {"type": "Polygon", "coordinates": [[[5.56266, 52.18201], [5.57728, 52.18198], [5.57732, 52.19097], [5.5627, 52.19099], [5.56266, 52.18201]]]}}, {"type": "Feature", "properties": {"ntot": 1766, "nhx": 1443, "noy": 323, "share_in_municipality": 0.008}, "geometry": {"type": "Polygon", "coordinates": [[[5.57728, 52.18198], [5.5919, 52.18196], [5.59194, 52.19095], [5.57732, 52.19097], [5.57728, 52.18198]]]}}, {"type": "Feature", "properties": {"ntot": 1785, "nhx": 1409, "noy": 376, "share_in_municipality": 0.0}, "geometry": {"type": "Polygon", "coordinates": [[[5.5919, 52.18196], [5.60652, 52.18193], [5.60657, 52.19092], [5.59194, 52.19095], [5.5919, 52.18196]]]}}, {"type": "Feature", "properties": {"ntot": 1730, "nhx": 1400, "noy": 330, "share_in_municipality": 0.0}, "geometry": {"type": "Polygon", "coordinates": [[[5.60652, 52.18193], [5.62115, 52.1819], [5.62119, 52.19089], [5.60657, 52.19092], [5.60652, 52.18193]]]}}, {"type": "Feature", "properties": {"ntot": 1068, "nhx": 754, "noy": 314, "share_in_municipality": 0.0}, "geometry": {"type": "Polygon", "coordinates": [[[5.62115, 52.1819], [5.63577, 52.18187], [5.63582, 52.19086], [5.62119, 52.19089], [5.62115, 52.1819]]]}}, {"type": "Feature", "properties": {"ntot": 1188, "nhx": 864, "noy": 324, "share_in_municipality": 0.0}, "geometry": {"type": "Polygon", "coordinates": [[[5.63577, 52.18187], [5.65039, 52.18184], [5.65044, 52.19083], [5.63582, 52.19086], [5.63577, 52.18187]]]}}, {"type": "Feature", "properties": {"ntot": 1274, "nhx": 954, "noy": 320, "share_in_municipality": 0.0}, "geometry": {"type": "Polygon", "coordinates": [[[5.65039, 52.18184], [5.66501, 52.18181], [5.66506, 52.1908], [5.65044, 52.19083], [5.65039, 52.18184]]]}}, {"type": "Feature", "properties": {"ntot": 2108, "nhx": 1677, "noy": 431, "share_in_municipality": 0.0}, "geometry": {"type": "Polygon", "coordinates": [[[5.66501, 52.18181], [5.67963, 52.18177], [5.67969, 52.19076], [5.66506, 52.1908], [5.66501, 52.18181]]]}}, {"type": "Feature", "properties": {"ntot": 1482, "nhx": 1112, "noy": 370, "share_in_municipality": 0.0}, "geometry": {"type": "Polygon", "coordinates": [[[5.67963, 52.18177], [5.69425, 52.18174], [5.69431, 52.19072], [5.67969, 52.19076], [5.67963, 52.18177]]]}}, {"type": "Feature", "properties": {"ntot": 1380, "nhx": 1014, "noy": 366, "share_in_municipality": 0.0}, "geometry": {"type": "Polygon", "coordinates": [[[5.69425, 52.18174], [5.70887, 52.1817], [5.70894, 52.19068], [5.69431, 52.19072], [5.69425, 52.18174]]]}}, {"type": "Feature", "properties": {"ntot": 1046, "nhx": 729, "noy": 317, "share_in_municipality": 0.0}, "geometry": {"type": "Polygon", "coordinates": [[[5.70887, 52.1817], [5.72349, 52.18166], [5.72356, 52.19064], [5.70894, 52.19068], [5.70887, 52.1817]]]}}, {"type": "Feature", "properties": {"ntot": 1175, "nhx": 832, "noy": 342, "share_in_municipality": 0.0}, "geometry": {"type": "Polygon", "coordinates": [[[5.72349, 52.18166], [5.73811, 52.18161], [5.73819, 52.1906], [5.72356, 52.19064], [5.72349, 52.18166]]]}}, {"type": "Feature", "properties": {"ntot": 1357, "nhx": 981, "noy": 376, "share_in_municipality": 0.0}, "geometry": {"type": "Polygon", "coordinates": [[[5.73811, 52.18161], [5.75274, 52.18157], [5.75281, 52.19056], [5.73819, 52.1906], [5.73811, 52.18161]]]}}, {"type": "Feature", "properties": {"ntot": 1554, "nhx": 1107, "noy": 447, "share_in_municipality": 0.0}, "geometry": {"type": "Polygon", "coordinates": [[[5.75274, 52.18157], [5.76736, 52.18152], [5.76743, 52.19051], [5.75281, 52.19056], [5.75274, 52.18157]]]}}, {"type": "Feature", "properties": {"ntot": 1029, "nhx": 706, "noy": 324, "share_in_municipality": 0.0}, "geometry": {"type": "Polygon", "coordinates": [[[5.76736, 52.18152], [5.78198, 52.18148], [5.78206, 52.19046], [5.76743, 52.19051], [5.76736, 52.18152]]]}}, {"type": "Feature", "properties": {"ntot": 1147, "nhx": 801, "noy": 345, "share_in_municipality": 0.0}, "geometry": {"type": "Polygon", "coordinates": [[[5.78198, 52.18148], [5.7966, 52.18143], [5.79668, 52.19041], [5.78206, 52.19046], [5.78198, 52.18148]]]}}, {"type": "Feature", "properties": {"ntot": 1080, "nhx": 741, "noy": 339, "share_in_municipality": 0.0}, "geometry": {"type": "Polygon", "coordinates": [[[5.7966, 52.18143], [5.81122, 52.18137], [5.8113, 52.19036], [5.79668, 52.19041], [5.7966, 52.18143]]]}}, {"type": "Feature", "properties": {"ntot": 1276, "nhx": 871, "noy": 406, "share_in_municipality": 0.0}, "geometry": {"type": "Polygon", "coordinates": [[[5.81122, 52.18137], [5.82584, 52.18132], [5.82593, 52.19031], [5.8113, 52.19036], [5.81122, 52.18137]]]}}, {"type": "Feature", "properties": {"ntot": 1048, "nhx": 708, "noy": 340, "share_in_municipality": 0.0}, "geometry": {"type": "Polygon", "coordinates": [[[5.82584, 52.18132], [5.84046, 52.18126], [5.84055, 52.19025], [5.82593, 52.19031], [5.82584, 52.18132]]]}}, {"type": "Feature", "properties": {"ntot": 1364, "nhx": 888, "noy": 476, "share_in_municipality": 0.0}, "geometry": {"type": "Polygon", "coordinates": [[[5.84046, 52.18126], [5.85508, 52.18121], [5.85518, 52.1902], [5.84055, 52.19025], [5.84046, 52.18126]]]}}, {"type": "Feature", "properties": {"ntot": 1448, "nhx": 955, "noy": 493, "share_in_municipality": 0.0}, "geometry": {"type": "Polygon", "coordinates": [[[5.16784, 52.19092], [5.18246, 52.19095], [5.18242, 52.19993], [5.16779, 52.19991], [5.16784, 52.19092]]]}}, {"type": "Feature", "properties": {"ntot": 1584, "nhx": 999, "noy": 585, "share_in_municipality": 0.0}, "geometry": {"type": "Polygon", "coordinates": [[[5.18246, 52.19095], [5.19709, 52.19097], [5.19705, 52.19996], [5.18242, 52.19993], [5.18246, 52.19095]]]}}, {"type": "Feature", "properties": {"ntot": 1591, "nhx": 1055, "noy": 536, "share_in_municipality": 0.0}, "geometry": {"type": "Polygon", "coordinates": [[[5.19709, 52.19097], [5.21171, 52.19099], [5.21168, 52.19998], [5.19705, 52.19996], [5.19709, 52.19097]]]}}, {"type": "Feature", "properties": {"ntot": 1508, "nhx": 1000, "noy": 508, "share_in_municipality": 0.0}, "geometry": {"type": "Polygon", "coordinates": [[[5.21171, 52.19099], [5.22634, 52.19101], [5.2263, 52.2], [5.21168, 52.19998], [5.21171, 52.19099]]]}}, {"type": "Feature", "properties": {"ntot": 1546, "nhx": 1026, "noy": 520, "share_in_municipality": 0.0}, "geometry": {"type": "Polygon", "coordinates": [[[5.22634, 52.19101], [5.24096, 52.19103], [5.24093, 52.20002], [5.2263, 52.2], [5.22634, 52.19101]]]}}, {"type": "Feature", "properties": {"ntot": 1501, "nhx": 1001, "noy": 500, "share_in_municipality": 0.0}, "geometry": {"type": "Polygon", "coordinates": [[[5.24096, 52.19103], [5.25558, 52.19105], [5.25556, 52.20004], [5.24093, 52.20002], [5.24096, 52.19103]]]}}, {"type": "Feature", "properties": {"ntot": 1523, "nhx": 1014, "noy": 509, "share_in_municipality": 0.0}, "geometry": {"type": "Polygon", "coordinates": [[[5.25558, 52.19105], [5.27021, 52.19107], [5.27019, 52.20005], [5.25556, 52.20004], [5.25558, 52.19105]]]}}, {"type": "Feature", "properties": {"ntot": 1375, "nhx": 893, "noy": 482, "share_in_municipality": 0.0}, "geometry": {"type": "Polygon", "coordinates": [[[5.27021, 52.19107], [5.28483, 52.19108], [5.28481, 52.20007], [5.27019, 52.20005], [5.27021, 52.19107]]]}}, {"type": "Feature", "properties": {"ntot": 1037, "nhx": 681, "noy": 356, "share_in_municipality": 0.0}, "geometry": {"type": "Polygon", "coordinates": [[[5.28483, 52.19108], [5.29946, 52.19109], [5.29944, 52.20008], [5.28481, 52.20007], [5.28483, 52.19108]]]}}, {"type": "Feature", "properties": {"ntot": 868, "nhx": 554, "noy": 315, "share_in_municipality": 0.0}, "geometry": {"type": "Polygon", "coordinates": [[[5.29946, 52.19109], [5.31408, 52.1911], [5.31407, 52.20009], [5.29944, 52.20008], [5.29946, 52.19109]]]}}, {"type": "Feature", "properties": {"ntot": 836, "nhx": 522, "noy": 314, "share_in_municipality": 0.0}, "geometry": {"type": "Polygon", "coordinates": [[[5.31408, 52.1911], [5.32871, 52.19111], [5.32869, 52.2001], [5.31407, 52.20009], [5.31408, 52.1911]]]}}, {"type": "Feature", "properties": {"ntot": 1009, "nhx": 683, "noy": 326, "share_in_municipality": 0.0}, "geometry": {"type": "Polygon", "coordinates": [[[5.32871, 52.19111], [5.34333, 52.19112], [5.34332, 52.2001], [5.32869, 52.2001], [5.32871, 52.19111]]]}}, {"type": "Feature", "properties": {"ntot": 920, "nhx": 595, "noy": 325, "share_in_municipality": 0.0}, "geometry": {"type": "Polygon", "coordinates": [[[5.34333, 52.19112], [5.35795, 52.19112], [5.35795, 52.20011], [5.34332, 52.2001], [5.34333, 52.19112]]]}}, {"type": "Feature", "properties": {"ntot": 1114, "nhx": 758, "noy": 356, "share_in_municipality": 0.0}, "geometry": {"type": "Polygon", "coordinates": [[[5.35795, 52.19112], [5.37258, 52.19112], [5.37258, 52.20011], [5.35795, 52.20011], [5.35795, 52.19112]]]}}, {"type": "Feature", "properties": {"ntot": 1703, "nhx": 1263, "noy": 440, "share_in_municipality": 0.0}, "geometry": {"type": "Polygon", "coordinates": [[[5.37258, 52.19112], [5.3872, 52.19112], [5.3872, 52.20011], [5.37258, 52.20011], [5.37258, 52.19112]]]}}, {"type": "Feature", "properties": {"ntot": 1721, "nhx": 1242, "noy": 479, "share_in_municipality": 0.0}, "geometry": {"type": "Polygon", "coordinates": [[[5.3872, 52.19112], [5.40183, 52.19112], [5.40183, 52.20011], [5.3872, 52.20011], [5.3872, 52.19112]]]}}, {"type": "Feature", "properties": {"ntot": 1509, "nhx": 1069, "noy": 440, "share_in_municipality": 0.0}, "geometry": {"type": "Polygon", "coordinates": [[[5.40183, 52.19112], [5.41645, 52.19112], [5.41646, 52.20011], [5.40183, 52.20011], [5.40183, 52.19112]]]}}, {"type": "Feature", "properties": {"ntot": 1672, "nhx": 1254, "noy": 418, "share_in_municipality": 0.0}, "geometry": {"type": "Polygon", "coordinates": [[[5.41645, 52.19112], [5.43108, 52.19112], [5.43109, 52.2001], [5.41646, 52.20011], [5.41645, 52.19112]]]}}, {"type": "Feature", "properties": {"ntot": 1449, "nhx": 1015, "noy": 434, "share_in_municipality": 0.407}, "geometry": {"type": "Polygon", "coordinates": [[[5.43108, 52.19112], [5.4457, 52.19111], [5.44571, 52.2001], [5.43109, 52.2001], [5.43108, 52.19112]]]}}, {"type": "Feature", "properties": {"ntot": 940, "nhx": 612, "noy": 327, "share_in_municipality": 1.0}, "geometry": {"type": "Polygon", "coordinates": [[[5.4457, 52.19111], [5.46033, 52.1911], [5.46034, 52.20009], [5.44571, 52.2001], [5.4457, 52.19111]]]}}, {"type": "Feature", "properties": {"ntot": 1225, "nhx": 912, "noy": 313, "share_in_municipality": 1.0}, "geometry": {"type": "Polygon", "coordinates": [[[5.46033, 52.1911], [5.47495, 52.19109], [5.47497, 52.20008], [5.46034, 52.20009], [5.46033, 52.1911]]]}}, {"type": "Feature", "properties": {"ntot": 925, "nhx": 613, "noy": 312, "share_in_municipality": 1.0}, "geometry": {"type": "Polygon", "coordinates": [[[5.47495, 52.19109], [5.48957, 52.19108], [5.48959, 52.20007], [5.47497, 52.20008], [5.47495, 52.19109]]]}}, {"type": "Feature", "properties": {"ntot": 1142, "nhx": 791, "noy": 351, "share_in_municipality": 1.0}, "geometry": {"type": "Polygon", "coordinates": [[[5.48957, 52.19108], [5.5042, 52.19107], [5.50422, 52.20005], [5.48959, 52.20007], [5.48957, 52.19108]]]}}, {"type": "Feature", "properties": {"ntot": 1114, "nhx": 770, "noy": 344, "share_in_municipality": 1.0}, "geometry": {"type": "Polygon", "coordinates": [[[5.5042, 52.19107], [5.51882, 52.19105], [5.51885, 52.20004], [5.50422, 52.20005], [5.5042, 52.19107]]]}}, {"type": "Feature", "properties": {"ntot": 1238, "nhx": 882, "noy": 356, "share_in_municipality": 0.967}, "geometry": {"type": "Polygon", "coordinates": [[[5.51882, 52.19105], [5.53345, 52.19103], [5.53348, 52.20002], [5.51885, 52.20004], [5.51882, 52.19105]]]}}, {"type": "Feature", "properties": {"ntot": 1044, "nhx": 730, "noy": 314, "share_in_municipality": 1.0}, "geometry": {"type": "Polygon", "coordinates": [[[5.53345, 52.19103], [5.54807, 52.19101], [5.5481, 52.2], [5.53348, 52.20002], [5.53345, 52.19103]]]}}, {"type": "Feature", "properties": {"ntot": 1305, "nhx": 984, "noy": 322, "share_in_municipality": 1.0}, "geometry": {"type": "Polygon", "coordinates": [[[5.54807, 52.19101], [5.5627, 52.19099], [5.56273, 52.19998], [5.5481, 52.2], [5.54807, 52.19101]]]}}, {"type": "Feature", "properties": {"ntot": 1426, "nhx": 1085, "noy": 341, "share_in_municipality": 0.973}, "geometry": {"type": "Polygon", "coordinates": [[[5.5627, 52.19099], [5.57732, 52.19097], [5.57736, 52.19996], [5.56273, 52.19998], [5.5627, 52.19099]]]}}, {"type": "Feature", "properties": {"ntot": 1256, "nhx": 926, "noy": 330, "share_in_municipality": 0.528}, "geometry": {"type": "Polygon", "coordinates": [[[5.57732, 52.19097], [5.59194, 52.19095], [5.59199, 52.19993], [5.57736, 52.19996], [5.57732, 52.19097]]]}}, {"type": "Feature", "properties": {"ntot": 1182, "nhx": 839, "noy": 343, "share_in_municipality": 0.38}, "geometry": {"type": "Polygon", "coordinates": [[[5.59194, 52.19095], [5.60657, 52.19092], [5.60661, 52.19991], [5.59199, 52.19993], [5.59194, 52.19095]]]}}, {"type": "Feature", "properties": {"ntot": 1282, "nhx": 942, "noy": 340, "share_in_municipality": 0.676}, "geometry": {"type": "Polygon", "coordinates": [[[5.60657, 52.19092], [5.62119, 52.19089], [5.62124, 52.19988], [5.60661, 52.19991], [5.60657, 52.19092]]]}}, {"type": "Feature", "properties": {"ntot": 1307, "nhx": 947, "noy": 360, "share_in_municipality": 0.386}, "geometry": {"type": "Polygon", "coordinates": [[[5.62119, 52.19089], [5.63582, 52.19086], [5.63587, 52.19985], [5.62124, 52.19988], [5.62119, 52.19089]]]}}, {"type": "Feature", "properties": {"ntot": 1127, "nhx": 804, "noy": 322, "share_in_municipality": 0.0}, "geometry": {"type": "Polygon", "coordinates": [[[5.63582, 52.19086], [5.65044, 52.19083], [5.65049, 52.19982], [5.63587, 52.19985], [5.63582, 52.19086]]]}}, {"type": "Feature", "properties": {"ntot": 1006, "nhx": 708, "noy": 298, "share_in_municipality": 0.0}, "geometry": {"type": "Polygon", "coordinates": [[[5.65044, 52.19083], [5.66506, 52.1908], [5.66512, 52.19978], [5.65049, 52.19982], [5.65044, 52.19083]]]}}, {"type": "Feature", "properties": {"ntot": 1506, "nhx": 1137, "noy": 368, "share_in_municipality": 0.0}, "geometry": {"type": "Polygon", "coordinates": [[[5.66506, 52.1908], [5.67969, 52.19076], [5.67975, 52.19975], [5.66512, 52.19978], [5.66506, 52.1908]]]}}, {"type": "Feature", "properties": {"ntot": 1646, "nhx": 1206, "noy": 440, "share_in_municipality": 0.0}, "geometry": {"type": "Polygon", "coordinates": [[[5.67969, 52.19076], [5.69431, 52.19072], [5.69438, 52.19971], [5.67975, 52.19975], [5.67969, 52.19076]]]}}, {"type": "Feature", "properties": {"ntot": 1602, "nhx": 1138, "noy": 464, "share_in_municipality": 0.0}, "geometry": {"type": "Polygon", "coordinates": [[[5.69431, 52.19072], [5.70894, 52.19068], [5.709, 52.19967], [5.69438, 52.19971], [5.69431, 52.19072]]]}}, {"type": "Feature", "properties": {"ntot": 1771, "nhx": 1248, "noy": 523, "share_in_municipality": 0.0}, "geometry": {"type": "Polygon", "coordinates": [[[5.70894, 52.19068], [5.72356, 52.19064], [5.72363, 52.19963], [5.709, 52.19967], [5.70894, 52.19068]]]}}, {"type": "Feature", "properties": {"ntot": 1666, "nhx": 1152, "noy": 514, "share_in_municipality": 0.0}, "geometry": {"type": "Polygon", "coordinates": [[[5.72356, 52.19064], [5.73819, 52.1906], [5.73826, 52.19959], [5.72363, 52.19963], [5.72356, 52.19064]]]}}, {"type": "Feature", "properties": {"ntot": 1557, "nhx": 1057, "noy": 500, "share_in_municipality": 0.0}, "geometry": {"type": "Polygon", "coordinates": [[[5.73819, 52.1906], [5.75281, 52.19056], [5.75288, 52.19954], [5.73826, 52.19959], [5.73819, 52.1906]]]}}, {"type": "Feature", "properties": {"ntot": 1592, "nhx": 1071, "noy": 521, "share_in_municipality": 0.0}, "geometry": {"type": "Polygon", "coordinates": [[[5.75281, 52.19056], [5.76743, 52.19051], [5.76751, 52.1995], [5.75288, 52.19954], [5.75281, 52.19056]]]}}, {"type": "Feature", "properties": {"ntot": 1460, "nhx": 980, "noy": 481, "share_in_municipality": 0.0}, "geometry": {"type": "Polygon", "coordinates": [[[5.76743, 52.19051], [5.78206, 52.19046], [5.78214, 52.19945], [5.76751, 52.1995], [5.76743, 52.19051]]]}}, {"type": "Feature", "properties": {"ntot": 1497, "nhx": 1038, "noy": 459, "share_in_municipality": 0.0}, "geometry": {"type": "Polygon", "coordinates": [[[5.78206, 52.19046], [5.79668, 52.19041], [5.79676, 52.1994], [5.78214, 52.19945], [5.78206, 52.19046]]]}}, {"type": "Feature", "properties": {"ntot": 1260, "nhx": 882, "noy": 378, "share_in_municipality": 0.0}, "geometry": {"type": "Polygon", "coordinates": [[[5.79668, 52.19041], [5.8113, 52.19036], [5.81139, 52.19935], [5.79676, 52.1994], [5.79668, 52.19041]]]}}, {"type": "Feature", "properties": {"ntot": 1262, "nhx": 866, "noy": 396, "share_in_municipality": 0.0}, "geometry": {"type": "Polygon", "coordinates": [[[5.8113, 52.19036], [5.82593, 52.19031], [5.82602, 52.1993], [5.81139, 52.19935], [5.8113, 52.19036]]]}}, {"type": "Feature", "properties": {"ntot": 1529, "nhx": 998, "noy": 532, "share_in_municipality": 0.0}, "geometry": {"type": "Polygon", "coordinates": [[[5.82593, 52.19031], [5.84055, 52.19025], [5.84064, 52.19924], [5.82602, 52.1993], [5.82593, 52.19031]]]}}, {"type": "Feature", "properties": {"ntot": 1377, "nhx": 907, "noy": 470, "share_in_municipality": 0.0}, "geometry": {"type": "Polygon", "coordinates": [[[5.84055, 52.19025], [5.85518, 52.1902], [5.85527, 52.19918], [5.84064, 52.19924], [5.84055, 52.19025]]]}}, {"type": "Feature", "properties": {"ntot": 1164, "nhx": 771, "noy": 393, "share_in_municipality": 0.0}, "geometry": {"type": "Polygon", "coordinates": [[[5.16779, 52.19991], [5.18242, 52.19993], [5.18238, 52.20892], [5.16775, 52.2089], [5.16779, 52.19991]]]}}, {"type": "Feature", "properties": {"ntot": 1278, "nhx": 792, "noy": 486, "share_in_municipality": 0.0}, "geometry": {"type": "Polygon", "coordinates": [[[5.18242, 52.19993], [5.19705, 52.19996], [5.19701, 52.20895], [5.18238, 52.20892], [5.18242, 52.19993]]]}}, {"type": "Feature", "properties": {"ntot": 1285, "nhx": 801, "noy": 484, "share_in_municipality": 0.0}, "geometry": {"type": "Polygon", "coordinates": [[[5.19705, 52.19996], [5.21168, 52.19998], [5.21164, 52.20897], [5.19701, 52.20895], [5.19705, 52.19996]]]}}, {"type": "Feature", "properties": {"ntot": 1501, "nhx": 980, "noy": 521, "share_in_municipality": 0.0}, "geometry": {"type": "Polygon", "coordinates": [[[5.21168, 52.19998], [5.2263, 52.2], [5.22627, 52.20899], [5.21164, 52.20897], [5.21168, 52.19998]]]}}, {"type": "Feature", "properties": {"ntot": 1460, "nhx": 958, "noy": 502, "share_in_municipality": 0.0}, "geometry": {"type": "Polygon", "coordinates": [[[5.2263, 52.2], [5.24093, 52.20002], [5.2409, 52.20901], [5.22627, 52.20899], [5.2263, 52.2]]]}}, {"type": "Feature", "properties": {"ntot": 1418, "nhx": 930, "noy": 488, "share_in_municipality": 0.0}, "geometry": {"type": "Polygon", "coordinates": [[[5.24093, 52.20002], [5.25556, 52.20004], [5.25553, 52.20903], [5.2409, 52.20901], [5.24093, 52.20002]]]}}, {"type": "Feature", "properties": {"ntot": 1518, "nhx": 1003, "noy": 515, "share_in_municipality": 0.0}, "geometry": {"type": "Polygon", "coordinates": [[[5.25556, 52.20004], [5.27019, 52.20005], [5.27016, 52.20904], [5.25553, 52.20903], [5.25556, 52.20004]]]}}, {"type": "Feature", "properties": {"ntot": 1313, "nhx": 880, "noy": 433, "share_in_municipality": 0.0}, "geometry": {"type": "Polygon", "coordinates": [[[5.27019, 52.20005], [5.28481, 52.20007], [5.28479, 52.20906], [5.27016, 52.20904], [5.27019, 52.20005]]]}}, {"type": "Feature", "properties": {"ntot": 1520, "nhx": 1077, "noy": 444, "share_in_municipality": 0.0}, "geometry": {"type": "Polygon", "coordinates": [[[5.28481, 52.20007], [5.29944, 52.20008], [5.29942, 52.20907], [5.28479, 52.20906], [5.28481, 52.20007]]]}}, {"type": "Feature", "properties": {"ntot": 1203, "nhx": 862, "noy": 341, "share_in_municipality": 0.0}, "geometry": {"type": "Polygon", "coordinates": [[[5.29944, 52.20008], [5.31407, 52.20009], [5.31405, 52.20908], [5.29942, 52.20907], [5.29944, 52.20008]]]}}, {"type": "Feature", "properties": {"ntot": 876, "nhx": 545, "noy": 331, "share_in_municipality": 0.0}, "geometry": {"type": "Polygon", "coordinates": [[[5.31407, 52.20009], [5.32869, 52.2001], [5.32868, 52.20909], [5.31405, 52.20908], [5.31407, 52.20009]]]}}, {"type": "Feature", "properties": {"ntot": 937, "nhx": 598, "noy": 339, "share_in_municipality": 0.0}, "geometry": {"type": "Polygon", "coordinates": [[[5.32869, 52.2001], [5.34332, 52.2001], [5.34331, 52.20909], [5.32868, 52.20909], [5.32869, 52.2001]]]}}, {"type": "Feature", "properties": {"ntot": 970, "nhx": 634, "noy": 336, "share_in_municipality": 0.0}, "geometry": {"type": "Polygon", "coordinates": [[[5.34332, 52.2001], [5.35795, 52.20011], [5.35794, 52.2091], [5.34331, 52.20909], [5.34332, 52.2001]]]}}, {"type": "Feature", "properties": {"ntot": 1169, "nhx": 766, "noy": 403, "share_in_municipality": 0.0}, "geometry": {"type": "Polygon", "coordinates": [[[5.35795, 52.20011], [5.37258, 52.20011], [5.37257, 52.2091], [5.35794, 52.2091], [5.35795, 52.20011]]]}}, {"type": "Feature", "properties": {"ntot": 1768, "nhx": 1268, "noy": 500, "share_in_municipality": 0.0}, "geometry": {"type": "Polygon", "coordinates": [[[5.37258, 52.20011], [5.3872, 52.20011], [5.3872, 52.2091], [5.37257, 52.2091], [5.37258, 52.20011]]]}}, {"type": "Feature", "properties": {"ntot": 1118, "nhx": 744, "noy": 374, "share_in_municipality": 0.0}, "geometry": {"type": "Polygon", "coordinates": [[[5.3872, 52.20011], [5.40183, 52.20011], [5.40183, 52.2091], [5.3872, 52.2091], [5.3872, 52.20011]]]}}, {"type": "Feature", "properties": {"ntot": 1052, "nhx": 722, "noy": 330, "share_in_municipality": 0.0}, "geometry": {"type": "Polygon", "coordinates": [[[5.40183, 52.20011], [5.41646, 52.20011], [5.41646, 52.2091], [5.40183, 52.2091], [5.40183, 52.20011]]]}}, {"type": "Feature", "properties": {"ntot": 1304, "nhx": 958, "noy": 346, "share_in_municipality": 0.015}, "geometry": {"type": "Polygon", "coordinates": [[[5.41646, 52.20011], [5.43109, 52.2001], [5.43109, 52.20909], [5.41646, 52.2091], [5.41646, 52.20011]]]}}, {"type": "Feature", "properties": {"ntot": 1165, "nhx": 763, "noy": 402, "share_in_municipality": 0.603}, "geometry": {"type": "Polygon", "coordinates": [[[5.43109, 52.2001], [5.44571, 52.2001], [5.44572, 52.20909], [5.43109, 52.20909], [5.43109, 52.2001]]]}}, {"type": "Feature", "properties": {"ntot": 1177, "nhx": 835, "noy": 341, "share_in_municipality": 1.0}, "geometry": {"type": "Polygon", "coordinates": [[[5.44571, 52.2001], [5.46034, 52.20009], [5.46035, 52.20908], [5.44572, 52.20909], [5.44571, 52.2001]]]}}, {"type": "Feature", "properties": {"ntot": 1024, "nhx": 703, "noy": 321, "share_in_municipality": 1.0}, "geometry": {"type": "Polygon", "coordinates": [[[5.46034, 52.20009], [5.47497, 52.20008], [5.47499, 52.20907], [5.46035, 52.20908], [5.46034, 52.20009]]]}}, {"type": "Feature", "properties": {"ntot": 1045, "nhx": 724, "noy": 321, "share_in_municipality": 1.0}, "geometry": {"type": "Polygon", "coordinates": [[[5.47497, 52.20008], [5.48959, 52.20007], [5.48962, 52.20906], [5.47499, 52.20907], [5.47497, 52.20008]]]}}, {"type": "Feature", "properties": {"ntot": 1039, "nhx": 724, "noy": 316, "share_in_municipality": 1.0}, "geometry": {"type": "Polygon", "coordinates": [[[5.48959, 52.20007], [5.50422, 52.20005], [5.50425, 52.20904], [5.48962, 52.20906], [5.48959, 52.20007]]]}}, {"type": "Feature", "properties": {"ntot": 1130, "nhx": 782, "noy": 348, "share_in_municipality": 1.0}, "geometry": {"type": "Polygon", "coordinates": [[[5.50422, 52.20005], [5.51885, 52.20004], [5.51888, 52.20903], [5.50425, 52.20904], [5.50422, 52.20005]]]}}, {"type": "Feature", "properties": {"ntot": 1295, "nhx": 928, "noy": 367, "share_in_municipality": 1.0}, "geometry": {"type": "Polygon", "coordinates": [[[5.51885, 52.20004], [5.53348, 52.20002], [5.53351, 52.20901], [5.51888, 52.20903], [5.51885, 52.20004]]]}}, {"type": "Feature", "properties": {"ntot": 1124, "nhx": 798, "noy": 326, "share_in_municipality": 0.949}, "geometry": {"type": "Polygon", "coordinates": [[[5.53348, 52.20002], [5.5481, 52.2], [5.54814, 52.20899], [5.53351, 52.20901], [5.53348, 52.20002]]]}}, {"type": "Feature", "properties": {"ntot": 1298, "nhx": 980, "noy": 317, "share_in_municipality": 0.318}, "geometry": {"type": "Polygon", "coordinates": [[[5.5481, 52.2], [5.56273, 52.19998], [5.56277, 52.20897], [5.54814, 52.20899], [5.5481, 52.2]]]}}, {"type": "Feature", "properties": {"ntot": 1305, "nhx": 958, "noy": 346, "share_in_municipality": 0.364}, "geometry": {"type": "Polygon", "coordinates": [[[5.56273, 52.19998], [5.57736, 52.19996], [5.5774, 52.20895], [5.56277, 52.20897], [5.56273, 52.19998]]]}}, {"type": "Feature", "properties": {"ntot": 1264, "nhx": 915, "noy": 349, "share_in_municipality": 0.44}, "geometry": {"type": "Polygon", "coordinates": [[[5.57736, 52.19996], [5.59199, 52.19993], [5.59203, 52.20892], [5.5774, 52.20895], [5.57736, 52.19996]]]}}, {"type": "Feature", "properties": {"ntot": 1222, "nhx": 886, "noy": 336, "share_in_municipality": 0.515}, "geometry": {"type": "Polygon", "coordinates": [[[5.59199, 52.19993], [5.60661, 52.19991], [5.60666, 52.2089], [5.59203, 52.20892], [5.59199, 52.19993]]]}}, {"type": "Feature", "properties": {"ntot": 1197, "nhx": 854, "noy": 342, "share_in_municipality": 0.66}, "geometry": {"type": "Polygon", "coordinates": [[[5.60661, 52.19991], [5.62124, 52.19988], [5.62129, 52.20887], [5.60666, 52.2089], [5.60661, 52.19991]]]}}, {"type": "Feature", "properties": {"ntot": 996, "nhx": 699, "noy": 298, "share_in_municipality": 0.711}, "geometry": {"type": "Polygon", "coordinates": [[[5.62124, 52.19988], [5.63587, 52.19985], [5.63592, 52.20884], [5.62129, 52.20887], [5.62124, 52.19988]]]}}, {"type": "Feature", "properties": {"ntot": 1008, "nhx": 705, "noy": 303, "share_in_municipality": 0.0}, "geometry": {"type": "Polygon", "coordinates": [[[5.63587, 52.19985], [5.65049, 52.19982], [5.65055, 52.20881], [5.63592, 52.20884], [5.63587, 52.19985]]]}}, {"type": "Feature", "properties": {"ntot": 1607, "nhx": 1174, "noy": 433, "share_in_municipality": 0.0}, "geometry": {"type": "Polygon", "coordinates": [[[5.65049, 52.19982], [5.66512, 52.19978], [5.66518, 52.20877], [5.65055, 52.20881], [5.65049, 52.19982]]]}}, {"type": "Feature", "properties": {"ntot": 1730, "nhx": 1265, "noy": 464, "share_in_municipality": 0.0}, "geometry": {"type": "Polygon", "coordinates": [[[5.66512, 52.19978], [5.67975, 52.19975], [5.67981, 52.20874], [5.66518, 52.20877], [5.66512, 52.19978]]]}}, {"type": "Feature", "properties": {"ntot": 1718, "nhx": 1254, "noy": 464, "share_in_municipality": 0.0}, "geometry": {"type": "Polygon", "coordinates": [[[5.67975, 52.19975], [5.69438, 52.19971], [5.69444, 52.2087], [5.67981, 52.20874], [5.67975, 52.19975]]]}}, {"type": "Feature", "properties": {"ntot": 1748, "nhx": 1259, "noy": 488, "share_in_municipality": 0.0}, "geometry": {"type": "Polygon", "coordinates": [[[5.69438, 52.19971], [5.709, 52.19967], [5.70907, 52.20866], [5.69444, 52.2087], [5.69438, 52.19971]]]}}, {"type": "Feature", "properties": {"ntot": 1611, "nhx": 1172, "noy": 439, "share_in_municipality": 0.0}, "geometry": {"type": "Polygon", "coordinates": [[[5.709, 52.19967], [5.72363, 52.19963], [5.7237, 52.20862], [5.70907, 52.20866], [5.709, 52.19967]]]}}, {"type": "Feature", "properties": {"ntot": 1319, "nhx": 954, "noy": 365, "share_in_municipality": 0.0}, "geometry": {"type": "Polygon", "coordinates": [[[5.72363, 52.19963], [5.73826, 52.19959], [5.73833, 52.20858], [5.7237, 52.20862], [5.72363, 52.19963]]]}}, {"type": "Feature", "properties": {"ntot": 1537, "nhx": 1088, "noy": 449, "share_in_municipality": 0.0}, "geometry": {"type": "Polygon", "coordinates": [[[5.73826, 52.19959], [5.75288, 52.19954], [5.75296, 52.20853], [5.73833, 52.20858], [5.73826, 52.19959]]]}}, {"type": "Feature", "properties": {"ntot": 1309, "nhx": 929, "noy": 380, "share_in_municipality": 0.0}, "geometry": {"type": "Polygon", "coordinates": [[[5.75288, 52.19954], [5.76751, 52.1995], [5.76759, 52.20849], [5.75296, 52.20853], [5.75288, 52.19954]]]}}, {"type": "Feature", "properties": {"ntot": 1118, "nhx": 750, "noy": 368, "share_in_municipality": 0.0}, "geometry": {"type": "Polygon", "coordinates": [[[5.76751, 52.1995], [5.78214, 52.19945], [5.78222, 52.20844], [5.76759, 52.20849], [5.76751, 52.1995]]]}}, {"type": "Feature", "properties": {"ntot": 1428, "nhx": 938, "noy": 490, "share_in_municipality": 0.0}, "geometry": {"type": "Polygon", "coordinates": [[[5.78214, 52.19945], [5.79676, 52.1994], [5.79685, 52.20839], [5.78222, 52.20844], [5.78214, 52.19945]]]}}, {"type": "Feature", "properties": {"ntot": 1540, "nhx": 1009, "noy": 530, "share_in_municipality": 0.0}, "geometry": {"type": "Polygon", "coordinates": [[[5.79676, 52.1994], [5.81139, 52.19935], [5.81148, 52.20834], [5.79685, 52.20839], [5.79676, 52.1994]]]}}, {"type": "Feature", "properties": {"ntot": 1552, "nhx": 1014, "noy": 538, "share_in_municipality": 0.0}, "geometry": {"type": "Polygon", "coordinates": [[[5.81139, 52.19935], [5.82602, 52.1993], [5.82611, 52.20828], [5.81148, 52.20834], [5.81139, 52.19935]]]}}, {"type": "Feature", "properties": {"ntot": 1105, "nhx": 735, "noy": 370, "share_in_municipality": 0.0}, "geometry": {"type": "Polygon", "coordinates": [[[5.82602, 52.1993], [5.84064, 52.19924], [5.84074, 52.20823], [5.82611, 52.20828], [5.82602, 52.1993]]]}}, {"type": "Feature", "properties": {"ntot": 835, "nhx": 538, "noy": 296, "share_in_municipality": 0.0}, "geometry": {"type": "Polygon", "coordinates": [[[5.84064, 52.19924], [5.85527, 52.19918], [5.85536, 52.20817], [5.84074, 52.20823], [5.84064, 52.19924]]]}}, {"type": "Feature", "properties": {"ntot": 1612, "nhx": 1159, "noy": 453, "share_in_municipality": 0.0}, "geometry": {"type": "Polygon", "coordinates": [[[5.16775, 52.2089], [5.18238, 52.20892], [5.18234, 52.21791], [5.16771, 52.21788], [5.16775, 52.2089]]]}}, {"type": "Feature", "properties": {"ntot": 1493, "nhx": 1015, "noy": 478, "share_in_municipality": 0.0}, "geometry": {"type": "Polygon", "coordinates": [[[5.18238, 52.20892], [5.19701, 52.20895], [5.19697, 52.21793], [5.18234, 52.21791], [5.18238, 52.20892]]]}}, {"type": "Feature", "properties": {"ntot": 1458, "nhx": 943, "noy": 515, "share_in_municipality": 0.0}, "geometry": {"type": "Polygon", "coordinates": [[[5.19701, 52.20895], [5.21164, 52.20897], [5.21161, 52.21796], [5.19697, 52.21793], [5.19701, 52.20895]]]}}, {"type": "Feature", "properties": {"ntot": 1505, "nhx": 946, "noy": 559, "share_in_municipality": 0.0}, "geometry": {"type": "Polygon", "coordinates": [[[5.21164, 52.20897], [5.22627, 52.20899], [5.22624, 52.21798], [5.21161, 52.21796], [5.21164, 52.20897]]]}}, {"type": "Feature", "properties": {"ntot": 1374, "nhx": 901, "noy": 472, "share_in_municipality": 0.0}, "geometry": {"type": "Polygon", "coordinates": [[[5.22627, 52.20899], [5.2409, 52.20901], [5.24087, 52.218], [5.22624, 52.21798], [5.22627, 52.20899]]]}}, {"type": "Feature", "properties": {"ntot": 1200, "nhx": 792, "noy": 408, "share_in_municipality": 0.0}, "geometry": {"type": "Polygon", "coordinates": [[[5.2409, 52.20901], [5.25553, 52.20903], [5.2555, 52.21801], [5.24087, 52.218], [5.2409, 52.20901]]]}}, {"type": "Feature", "properties": {"ntot": 1422, "nhx": 936, "noy": 486, "share_in_municipality": 0.0}, "geometry": {"type": "Polygon", "coordinates": [[[5.25553, 52.20903], [5.27016, 52.20904], [5.27014, 52.21803], [5.2555, 52.21801], [5.25553, 52.20903]]]}}, {"type": "Feature", "properties": {"ntot": 1343, "nhx": 935, "noy": 408, "share_in_municipality": 0.0}, "geometry": {"type": "Polygon", "coordinates": [[[5.27016, 52.20904], [5.28479, 52.20906], [5.28477, 52.21804], [5.27014, 52.21803], [5.27016, 52.20904]]]}}, {"type": "Feature", "properties": {"ntot": 1715, "nhx": 1258, "noy": 457, "share_in_municipality": 0.0}, "geometry": {"type": "Polygon", "coordinates": [[[5.28479, 52.20906], [5.29942, 52.20907], [5.2994, 52.21805], [5.28477, 52.21804], [5.28479, 52.20906]]]}}, {"type": "Feature", "properties": {"ntot": 1203, "nhx": 836, "noy": 366, "share_in_municipality": 0.0}, "geometry": {"type": "Polygon", "coordinates": [[[5.29942, 52.20907], [5.31405, 52.20908], [5.31404, 52.21806], [5.2994, 52.21805], [5.29942, 52.20907]]]}}, {"type": "Feature", "properties": {"ntot": 1004, "nhx": 590, "noy": 414, "share_in_municipality": 0.0}, "geometry": {"type": "Polygon", "coordinates": [[[5.31405, 52.20908], [5.32868, 52.20909], [5.32867, 52.21807], [5.31404, 52.21806], [5.31405, 52.20908]]]}}, {"type": "Feature", "properties": {"ntot": 1016, "nhx": 591, "noy": 425, "share_in_municipality": 0.0}, "geometry": {"type": "Polygon", "coordinates": [[[5.32868, 52.20909], [5.34331, 52.20909], [5.3433, 52.21808], [5.32867, 52.21807], [5.32868, 52.20909]]]}}, {"type": "Feature", "properties": {"ntot": 1058, "nhx": 647, "noy": 411, "share_in_municipality": 0.0}, "geometry": {"type": "Polygon", "coordinates": [[[5.34331, 52.20909], [5.35794, 52.2091], [5.35794, 52.21808], [5.3433, 52.21808], [5.34331, 52.20909]]]}}, {"type": "Feature", "properties": {"ntot": 988, "nhx": 631, "noy": 357, "share_in_municipality": 0.0}, "geometry": {"type": "Polygon", "coordinates": [[[5.35794, 52.2091], [5.37257, 52.2091], [5.37257, 52.21809], [5.35794, 52.21808], [5.35794, 52.2091]]]}}, {"type": "Feature", "properties": {"ntot": 909, "nhx": 580, "noy": 330, "share_in_municipality": 0.0}, "geometry": {"type": "Polygon", "coordinates": [[[5.37257, 52.2091], [5.3872, 52.2091], [5.3872, 52.21809], [5.37257, 52.21809], [5.37257, 52.2091]]]}}, {"type": "Feature", "properties": {"ntot": 1024, "nhx": 694, "noy": 330, "share_in_municipality": 0.032}, "geometry": {"type": "Polygon", "coordinates": [[[5.3872, 52.2091], [5.40183, 52.2091], [5.40184, 52.21809], [5.3872, 52.21809], [5.3872, 52.2091]]]}}, {"type": "Feature", "properties": {"ntot": 1078, "nhx": 749, "noy": 330, "share_in_municipality": 0.237}, "geometry": {"type": "Polygon", "coordinates": [[[5.40183, 52.2091], [5.41646, 52.2091], [5.41647, 52.21808], [5.40184, 52.21809], [5.40183, 52.2091]]]}}, {"type": "Feature", "properties": {"ntot": 1141, "nhx": 813, "noy": 328, "share_in_municipality": 0.717}, "geometry": {"type": "Polygon", "coordinates": [[[5.41646, 52.2091], [5.43109, 52.20909], [5.4311, 52.21808], [5.41647, 52.21808], [5.41646, 52.2091]]]}}, {"type": "Feature", "properties": {"ntot": 1105, "nhx": 734, "noy": 371, "share_in_municipality": 1.0}, "geometry": {"type": "Polygon", "coordinates": [[[5.43109, 52.20909], [5.44572, 52.20909], [5.44574, 52.21807], [5.4311, 52.21808], [5.43109, 52.20909]]]}}, {"type": "Feature", "properties": {"ntot": 1245, "nhx": 873, "noy": 372, "share_in_municipality": 1.0}, "geometry": {"type": "Polygon", "coordinates": [[[5.44572, 52.20909], [5.46035, 52.20908], [5.46037, 52.21806], [5.44574, 52.21807], [5.44572, 52.20909]]]}}, {"type": "Feature", "properties": {"ntot": 1177, "nhx": 850, "noy": 327, "share_in_municipality": 1.0}, "geometry": {"type": "Polygon", "coordinates": [[[5.46035, 52.20908], [5.47499, 52.20907], [5.475, 52.21805], [5.46037, 52.21806], [5.46035, 52.20908]]]}}, {"type": "Feature", "properties": {"ntot": 1146, "nhx": 813, "noy": 332, "share_in_municipality": 1.0}, "geometry": {"type": "Polygon", "coordinates": [[[5.47499, 52.20907], [5.48962, 52.20906], [5.48964, 52.21804], [5.475, 52.21805], [5.47499, 52.20907]]]}}, {"type": "Feature", "properties": {"ntot": 1408, "nhx": 1056, "noy": 352, "share_in_municipality": 1.0}, "geometry": {"type": "Polygon", "coordinates": [[[5.48962, 52.20906], [5.50425, 52.20904], [5.50427, 52.21803], [5.48964, 52.21804], [5.48962, 52.20906]]]}}, {"type": "Feature", "properties": {"ntot": 1188, "nhx": 849, "noy": 340, "share_in_municipality": 1.0}, "geometry": {"type": "Polygon", "coordinates": [[[5.50425, 52.20904], [5.51888, 52.20903], [5.5189, 52.21801], [5.50427, 52.21803], [5.50425, 52.20904]]]}}, {"type": "Feature", "properties": {"ntot": 1148, "nhx": 827, "noy": 321, "share_in_municipality": 1.0}, "geometry": {"type": "Polygon", "coordinates": [[[5.51888, 52.20903], [5.53351, 52.20901], [5.53354, 52.218], [5.5189, 52.21801], [5.51888, 52.20903]]]}}, {"type": "Feature", "properties": {"ntot": 1158, "nhx": 828, "noy": 329, "share_in_municipality": 0.446}, "geometry": {"type": "Polygon", "coordinates": [[[5.53351, 52.20901], [5.54814, 52.20899], [5.54817, 52.21798], [5.53354, 52.218], [5.53351, 52.20901]]]}}, {"type": "Feature", "properties": {"ntot": 1289, "nhx": 956, "noy": 333, "share_in_municipality": 0.0}, "geometry": {"type": "Polygon", "coordinates": [[[5.54814, 52.20899], [5.56277, 52.20897], [5.5628, 52.21796], [5.54817, 52.21798], [5.54814, 52.20899]]]}}, {"type": "Feature", "properties": {"ntot": 1282, "nhx": 948, "noy": 334, "share_in_municipality": 0.0}, "geometry": {"type": "Polygon", "coordinates": [[[5.56277, 52.20897], [5.5774, 52.20895], [5.57744, 52.21793], [5.5628, 52.21796], [5.56277, 52.20897]]]}}, {"type": "Feature", "properties": {"ntot": 1317, "nhx": 966, "noy": 352, "share_in_municipality": 0.0}, "geometry": {"type": "Polygon", "coordinates": [[[5.5774, 52.20895], [5.59203, 52.20892], [5.59207, 52.21791], [5.57744, 52.21793], [5.5774, 52.20895]]]}}, {"type": "Feature", "properties": {"ntot": 1279, "nhx": 926, "noy": 353, "share_in_municipality": 0.0}, "geometry": {"type": "Polygon", "coordinates": [[[5.59203, 52.20892], [5.60666, 52.2089], [5.6067, 52.21788], [5.59207, 52.21791], [5.59203, 52.20892]]]}}, {"type": "Feature", "properties": {"ntot": 1230, "nhx": 903, "noy": 327, "share_in_municipality": 0.0}, "geometry": {"type": "Polygon", "coordinates": [[[5.60666, 52.2089], [5.62129, 52.20887], [5.62133, 52.21785], [5.6067, 52.21788], [5.60666, 52.2089]]]}}, {"type": "Feature", "properties": {"ntot": 1095, "nhx": 778, "noy": 317, "share_in_municipality": 0.0}, "geometry": {"type": "Polygon", "coordinates": [[[5.62129, 52.20887], [5.63592, 52.20884], [5.63597, 52.21783], [5.62133, 52.21785], [5.62129, 52.20887]]]}}, {"type": "Feature", "properties": {"ntot": 1417, "nhx": 1042, "noy": 375, "share_in_municipality": 0.0}, "geometry": {"type": "Polygon", "coordinates": [[[5.63592, 52.20884], [5.65055, 52.20881], [5.6506, 52.21779], [5.63597, 52.21783], [5.63592, 52.20884]]]}}, {"type": "Feature", "properties": {"ntot": 1571, "nhx": 1138, "noy": 433, "share_in_municipality": 0.0}, "geometry": {"type": "Polygon", "coordinates": [[[5.65055, 52.20881], [5.66518, 52.20877], [5.66523, 52.21776], [5.6506, 52.21779], [5.65055, 52.20881]]]}}, {"type": "Feature", "properties": {"ntot": 1674, "nhx": 1215, "noy": 459, "share_in_municipality": 0.0}, "geometry": {"type": "Polygon", "coordinates": [[[5.66518, 52.20877], [5.67981, 52.20874], [5.67987, 52.21772], [5.66523, 52.21776], [5.66518, 52.20877]]]}}, {"type": "Feature", "properties": {"ntot": 1580, "nhx": 1136, "noy": 444, "share_in_municipality": 0.0}, "geometry": {"type": "Polygon", "coordinates": [[[5.67981, 52.20874], [5.69444, 52.2087], [5.6945, 52.21769], [5.67987, 52.21772], [5.67981, 52.20874]]]}}, {"type": "Feature", "properties": {"ntot": 1643, "nhx": 1166, "noy": 477, "share_in_municipality": 0.0}, "geometry": {"type": "Polygon", "coordinates": [[[5.69444, 52.2087], [5.70907, 52.20866], [5.70913, 52.21765], [5.6945, 52.21769], [5.69444, 52.2087]]]}}, {"type": "Feature", "properties": {"ntot": 1356, "nhx": 982, "noy": 374, "share_in_municipality": 0.0}, "geometry": {"type": "Polygon", "coordinates": [[[5.70907, 52.20866], [5.7237, 52.20862], [5.72376, 52.21761], [5.70913, 52.21765], [5.70907, 52.20866]]]}}, {"type": "Feature", "properties": {"ntot": 1292, "nhx": 928, "noy": 364, "share_in_municipality": 0.0}, "geometry": {"type": "Polygon", "coordinates": [[[5.7237, 52.20862], [5.73833, 52.20858], [5.7384, 52.21756], [5.72376, 52.21761], [5.7237, 52.20862]]]}}, {"type": "Feature", "properties": {"ntot": 1490, "nhx": 1059, "noy": 431, "share_in_municipality": 0.0}, "geometry": {"type": "Polygon", "coordinates": [[[5.73833, 52.20858], [5.75296, 52.20853], [5.75303, 52.21752], [5.7384, 52.21756], [5.73833, 52.20858]]]}}, {"type": "Feature", "properties": {"ntot": 1189, "nhx": 836, "noy": 353, "share_in_municipality": 0.0}, "geometry": {"type": "Polygon", "coordinates": [[[5.75296, 52.20853], [5.76759, 52.20849], [5.76766, 52.21747], [5.75303, 52.21752], [5.75296, 52.20853]]]}}, {"type": "Feature", "properties": {"ntot": 1407, "nhx": 968, "noy": 439, "share_in_municipality": 0.0}, "geometry": {"type": "Polygon", "coordinates": [[[5.76759, 52.20849], [5.78222, 52.20844], [5.7823, 52.21743], [5.76766, 52.21747], [5.76759, 52.20849]]]}}, {"type": "Feature", "properties": {"ntot": 1491, "nhx": 1041, "noy": 450, "share_in_municipality": 0.0}, "geometry": {"type": "Polygon", "coordinates": [[[5.78222, 52.20844], [5.79685, 52.20839], [5.79693, 52.21738], [5.7823, 52.21743], [5.78222, 52.20844]]]}}, {"type": "Feature", "properties": {"ntot": 1532, "nhx": 1065, "noy": 467, "share_in_municipality": 0.0}, "geometry": {"type": "Polygon", "coordinates": [[[5.79685, 52.20839], [5.81148, 52.20834], [5.81156, 52.21732], [5.79693, 52.21738], [5.79685, 52.20839]]]}}, {"type": "Feature", "properties": {"ntot": 1447, "nhx": 997, "noy": 450, "share_in_municipality": 0.0}, "geometry": {"type": "Polygon", "coordinates": [[[5.81148, 52.20834], [5.82611, 52.20828], [5.82619, 52.21727], [5.81156, 52.21732], [5.81148, 52.20834]]]}}, {"type": "Feature", "properties": {"ntot": 1014, "nhx": 680, "noy": 334, "share_in_municipality": 0.0}, "geometry": {"type": "Polygon", "coordinates": [[[5.82611, 52.20828], [5.84074, 52.20823], [5.84083, 52.21722], [5.82619, 52.21727], [5.82611, 52.20828]]]}}, {"type": "Feature", "properties": {"ntot": 806, "nhx": 518, "noy": 288, "share_in_municipality": 0.0}, "geometry": {"type": "Polygon", "coordinates": [[[5.84074, 52.20823], [5.85536, 52.20817], [5.85546, 52.21716], [5.84083, 52.21722], [5.84074, 52.20823]]]}}, {"type": "Feature", "properties": {"ntot": 1930, "nhx": 1401, "noy": 529, "share_in_municipality": 0.0}, "geometry": {"type": "Polygon", "coordinates": [[[5.16771, 52.21788], [5.18234, 52.21791], [5.1823, 52.2269], [5.16766, 52.22687], [5.16771, 52.21788]]]}}, {"type": "Feature", "properties": {"ntot": 1924, "nhx": 1386, "noy": 538, "share_in_municipality": 0.0}, "geometry": {"type": "Polygon", "coordinates": [[[5.18234, 52.21791], [5.19697, 52.21793], [5.19693, 52.22692], [5.1823, 52.2269], [5.18234, 52.21791]]]}}, {"type": "Feature", "properties": {"ntot": 1467, "nhx": 1007, "noy": 460, "share_in_municipality": 0.0}, "geometry": {"type": "Polygon", "coordinates": [[[5.19697, 52.21793], [5.21161, 52.21796], [5.21157, 52.22694], [5.19693, 52.22692], [5.19697, 52.21793]]]}}, {"type": "Feature", "properties": {"ntot": 1264, "nhx": 768, "noy": 496, "share_in_municipality": 0.0}, "geometry": {"type": "Polygon", "coordinates": [[[5.21161, 52.21796], [5.22624, 52.21798], [5.22621, 52.22697], [5.21157, 52.22694], [5.21161, 52.21796]]]}}, {"type": "Feature", "properties": {"ntot": 1074, "nhx": 679, "noy": 395, "share_in_municipality": 0.0}, "geometry": {"type": "Polygon", "coordinates": [[[5.22624, 52.21798], [5.24087, 52.218], [5.24084, 52.22698], [5.22621, 52.22697], [5.22624, 52.21798]]]}}, {"type": "Feature", "properties": {"ntot": 998, "nhx": 589, "noy": 410, "share_in_municipality": 0.0}, "geometry": {"type": "Polygon", "coordinates": [[[5.24087, 52.218], [5.2555, 52.21801], [5.25548, 52.227], [5.24084, 52.22698], [5.24087, 52.218]]]}}, {"type": "Feature", "properties": {"ntot": 1264, "nhx": 806, "noy": 459, "share_in_municipality": 0.0}, "geometry": {"type": "Polygon", "coordinates": [[[5.2555, 52.21801], [5.27014, 52.21803], [5.27011, 52.22702], [5.25548, 52.227], [5.2555, 52.21801]]]}}, {"type": "Feature", "properties": {"ntot": 1288, "nhx": 840, "noy": 448, "share_in_municipality": 0.0}, "geometry": {"type": "Polygon", "coordinates": [[[5.27014, 52.21803], [5.28477, 52.21804], [5.28475, 52.22703], [5.27011, 52.22702], [5.27014, 52.21803]]]}}, {"type": "Feature", "properties": {"ntot": 1103, "nhx": 666, "noy": 437, "share_in_municipality": 0.0}, "geometry": {"type": "Polygon", "coordinates": [[[5.28477, 52.21804], [5.2994, 52.21805], [5.29939, 52.22704], [5.28475, 52.22703], [5.28477, 52.21804]]]}}, {"type": "Feature", "properties": {"ntot": 1077, "nhx": 661, "noy": 416, "share_in_municipality": 0.0}, "geometry": {"type": "Polygon", "coordinates": [[[5.2994, 52.21805], [5.31404, 52.21806], [5.31402, 52.22705], [5.29939, 52.22704], [5.2994, 52.21805]]]}}, {"type": "Feature", "properties": {"ntot": 939, "nhx": 595, "noy": 344, "share_in_municipality": 0.0}, "geometry": {"type": "Polygon", "coordinates": [[[5.31404, 52.21806], [5.32867, 52.21807], [5.32866, 52.22706], [5.31402, 52.22705], [5.31404, 52.21806]]]}}, {"type": "Feature", "properties": {"ntot": 891, "nhx": 537, "noy": 354, "share_in_municipality": 0.0}, "geometry": {"type": "Polygon", "coordinates": [[[5.32867, 52.21807], [5.3433, 52.21808], [5.3433, 52.22707], [5.32866, 52.22706], [5.32867, 52.21807]]]}}, {"type": "Feature", "properties": {"ntot": 958, "nhx": 606, "noy": 353, "share_in_municipality": 0.0}, "geometry": {"type": "Polygon", "coordinates": [[[5.3433, 52.21808], [5.35794, 52.21808], [5.35793, 52.22707], [5.3433, 52.22707], [5.3433, 52.21808]]]}}, {"type": "Feature", "properties": {"ntot": 1029, "nhx": 661, "noy": 368, "share_in_municipality": 0.0}, "geometry": {"type": "Polygon", "coordinates": [[[5.35794, 52.21808], [5.37257, 52.21809], [5.37257, 52.22707], [5.35793, 52.22707], [5.35794, 52.21808]]]}}, {"type": "Feature", "properties": {"ntot": 1214, "nhx": 868, "noy": 347, "share_in_municipality": 0.0}, "geometry": {"type": "Polygon", "coordinates": [[[5.37257, 52.21809], [5.3872, 52.21809], [5.3872, 52.22708], [5.37257, 52.22707], [5.37257, 52.21809]]]}}, {"type": "Feature", "properties": {"ntot": 950, "nhx": 621, "noy": 329, "share_in_municipality": 0.495}, "geometry": {"type": "Polygon", "coordinates": [[[5.3872, 52.21809], [5.40184, 52.21809], [5.40184, 52.22707], [5.3872, 52.22708], [5.3872, 52.21809]]]}}, {"type": "Feature", "properties": {"ntot": 968, "nhx": 632, "noy": 336, "share_in_municipality": 0.998}, "geometry": {"type": "Polygon", "coordinates": [[[5.40184, 52.21809], [5.41647, 52.21808], [5.41648, 52.22707], [5.40184, 52.22707], [5.40184, 52.21809]]]}}, {"type": "Feature", "properties": {"ntot": 1067, "nhx": 733, "noy": 334, "share_in_municipality": 1.0}, "geometry": {"type": "Polygon", "coordinates": [[[5.41647, 52.21808], [5.4311, 52.21808], [5.43111, 52.22707], [5.41648, 52.22707], [5.41647, 52.21808]]]}}, {"type": "Feature", "properties": {"ntot": 1314, "nhx": 971, "noy": 343, "share_in_municipality": 1.0}, "geometry": {"type": "Polygon", "coordinates": [[[5.4311, 52.21808], [5.44574, 52.21807], [5.44575, 52.22706], [5.43111, 52.22707], [5.4311, 52.21808]]]}}, {"type": "Feature", "properties": {"ntot": 1146, "nhx": 744, "noy": 402, "share_in_municipality": 1.0}, "geometry": {"type": "Polygon", "coordinates": [[[5.44574, 52.21807], [5.46037, 52.21806], [5.46038, 52.22705], [5.44575, 52.22706], [5.44574, 52.21807]]]}}, {"type": "Feature", "properties": {"ntot": 1082, "nhx": 765, "noy": 317, "share_in_municipality": 1.0}, "geometry": {"type": "Polygon", "coordinates": [[[5.46037, 52.21806], [5.475, 52.21805], [5.47502, 52.22704], [5.46038, 52.22705], [5.46037, 52.21806]]]}}, {"type": "Feature", "properties": {"ntot": 1821, "nhx": 1388, "noy": 433, "share_in_municipality": 1.0}, "geometry": {"type": "Polygon", "coordinates": [[[5.475, 52.21805], [5.48964, 52.21804], [5.48966, 52.22703], [5.47502, 52.22704], [5.475, 52.21805]]]}}, {"type": "Feature", "properties": {"ntot": 1611, "nhx": 1194, "noy": 417, "share_in_municipality": 1.0}, "geometry": {"type": "Polygon", "coordinates": [[[5.48964, 52.21804], [5.50427, 52.21803], [5.50429, 52.22702], [5.48966, 52.22703], [5.48964, 52.21804]]]}}, {"type": "Feature", "properties": {"ntot": 1009, "nhx": 684, "noy": 325, "share_in_municipality": 1.0}, "geometry": {"type": "Polygon", "coordinates": [[[5.50427, 52.21803], [5.5189, 52.21801], [5.51893, 52.227], [5.50429, 52.22702], [5.50427, 52.21803]]]}}, {"type": "Feature", "properties": {"ntot": 1033, "nhx": 713, "noy": 320, "share_in_municipality": 0.649}, "geometry": {"type": "Polygon", "coordinates": [[[5.5189, 52.21801], [5.53354, 52.218], [5.53357, 52.22698], [5.51893, 52.227], [5.5189, 52.21801]]]}}, {"type": "Feature", "properties": {"ntot": 1260, "nhx": 906, "noy": 354, "share_in_municipality": 0.016}, "geometry": {"type": "Polygon", "coordinates": [[[5.53354, 52.218], [5.54817, 52.21798], [5.5482, 52.22697], [5.53357, 52.22698], [5.53354, 52.218]]]}}, {"type": "Feature", "properties": {"ntot": 1265, "nhx": 917, "noy": 348, "share_in_municipality": 0.0}, "geometry": {"type": "Polygon", "coordinates": [[[5.54817, 52.21798], [5.5628, 52.21796], [5.56284, 52.22694], [5.5482, 52.22697], [5.54817, 52.21798]]]}}, {"type": "Feature", "properties": {"ntot": 1231, "nhx": 896, "noy": 335, "share_in_municipality": 0.0}, "geometry": {"type": "Polygon", "coordinates": [[[5.5628, 52.21796], [5.57744, 52.21793], [5.57747, 52.22692], [5.56284, 52.22694], [5.5628, 52.21796]]]}}, {"type": "Feature", "properties": {"ntot": 1266, "nhx": 958, "noy": 308, "share_in_municipality": 0.0}, "geometry": {"type": "Polygon", "coordinates": [[[5.57744, 52.21793], [5.59207, 52.21791], [5.59211, 52.2269], [5.57747, 52.22692], [5.57744, 52.21793]]]}}, {"type": "Feature", "properties": {"ntot": 1414, "nhx": 1099, "noy": 315, "share_in_municipality": 0.0}, "geometry": {"type": "Polygon", "coordinates": [[[5.59207, 52.21791], [5.6067, 52.21788], [5.60675, 52.22687], [5.59211, 52.2269], [5.59207, 52.21791]]]}}, {"type": "Feature", "properties": {"ntot": 1465, "nhx": 1129, "noy": 336, "share_in_municipality": 0.0}, "geometry": {"type": "Polygon", "coordinates": [[[5.6067, 52.21788], [5.62133, 52.21785], [5.62138, 52.22684], [5.60675, 52.22687], [5.6067, 52.21788]]]}}, {"type": "Feature", "properties": {"ntot": 1719, "nhx": 1264, "noy": 455, "share_in_municipality": 0.0}, "geometry": {"type": "Polygon", "coordinates": [[[5.62133, 52.21785], [5.63597, 52.21783], [5.63602, 52.22681], [5.62138, 52.22684], [5.62133, 52.21785]]]}}, {"type": "Feature", "properties": {"ntot": 1700, "nhx": 1235, "noy": 465, "share_in_municipality": 0.0}, "geometry": {"type": "Polygon", "coordinates": [[[5.63597, 52.21783], [5.6506, 52.21779], [5.65065, 52.22678], [5.63602, 52.22681], [5.63597, 52.21783]]]}}, {"type": "Feature", "properties": {"ntot": 1597, "nhx": 1158, "noy": 439, "share_in_municipality": 0.0}, "geometry": {"type": "Polygon", "coordinates": [[[5.6506, 52.21779], [5.66523, 52.21776], [5.66529, 52.22675], [5.65065, 52.22678], [5.6506, 52.21779]]]}}, {"type": "Feature", "properties": {"ntot": 1518, "nhx": 1093, "noy": 425, "share_in_municipality": 0.0}, "geometry": {"type": "Polygon", "coordinates": [[[5.66523, 52.21776], [5.67987, 52.21772], [5.67993, 52.22671], [5.66529, 52.22675], [5.66523, 52.21776]]]}}, {"type": "Feature", "properties": {"ntot": 1501, "nhx": 1070, "noy": 431, "share_in_municipality": 0.0}, "geometry": {"type": "Polygon", "coordinates": [[[5.67987, 52.21772], [5.6945, 52.21769], [5.69456, 52.22667], [5.67993, 52.22671], [5.67987, 52.21772]]]}}, {"type": "Feature", "properties": {"ntot": 1540, "nhx": 1090, "noy": 450, "share_in_municipality": 0.0}, "geometry": {"type": "Polygon", "coordinates": [[[5.6945, 52.21769], [5.70913, 52.21765], [5.7092, 52.22664], [5.69456, 52.22667], [5.6945, 52.21769]]]}}, {"type": "Feature", "properties": {"ntot": 1297, "nhx": 924, "noy": 372, "share_in_municipality": 0.0}, "geometry": {"type": "Polygon", "coordinates": [[[5.70913, 52.21765], [5.72376, 52.21761], [5.72383, 52.2266], [5.7092, 52.22664], [5.70913, 52.21765]]]}}, {"type": "Feature", "properties": {"ntot": 1125, "nhx": 788, "noy": 338, "share_in_municipality": 0.0}, "geometry": {"type": "Polygon", "coordinates": [[[5.72376, 52.21761], [5.7384, 52.21756], [5.73847, 52.22655], [5.72383, 52.2266], [5.72376, 52.21761]]]}}, {"type": "Feature", "properties": {"ntot": 1176, "nhx": 827, "noy": 350, "share_in_municipality": 0.0}, "geometry": {"type": "Polygon", "coordinates": [[[5.7384, 52.21756], [5.75303, 52.21752], [5.7531, 52.22651], [5.73847, 52.22655], [5.7384, 52.21756]]]}}, {"type": "Feature", "properties": {"ntot": 1412, "nhx": 1001, "noy": 411, "share_in_municipality": 0.0}, "geometry": {"type": "Polygon", "coordinates": [[[5.75303, 52.21752], [5.76766, 52.21747], [5.76774, 52.22646], [5.7531, 52.22651], [5.75303, 52.21752]]]}}, {"type": "Feature", "properties": {"ntot": 1288, "nhx": 907, "noy": 380, "share_in_municipality": 0.0}, "geometry": {"type": "Polygon", "coordinates": [[[5.76766, 52.21747], [5.7823, 52.21743], [5.78238, 52.22641], [5.76774, 52.22646], [5.76766, 52.21747]]]}}, {"type": "Feature", "properties": {"ntot": 1580, "nhx": 1110, "noy": 470, "share_in_municipality": 0.0}, "geometry": {"type": "Polygon", "coordinates": [[[5.7823, 52.21743], [5.79693, 52.21738], [5.79701, 52.22636], [5.78238, 52.22641], [5.7823, 52.21743]]]}}, {"type": "Feature", "properties": {"ntot": 1486, "nhx": 1026, "noy": 460, "share_in_municipality": 0.0}, "geometry": {"type": "Polygon", "coordinates": [[[5.79693, 52.21738], [5.81156, 52.21732], [5.81165, 52.22631], [5.79701, 52.22636], [5.79693, 52.21738]]]}}, {"type": "Feature", "properties": {"ntot": 1458, "nhx": 1001, "noy": 457, "share_in_municipality": 0.0}, "geometry": {"type": "Polygon", "coordinates": [[[5.81156, 52.21732], [5.82619, 52.21727], [5.82628, 52.22626], [5.81165, 52.22631], [5.81156, 52.21732]]]}}, {"type": "Feature", "properties": {"ntot": 1484, "nhx": 1018, "noy": 466, "share_in_municipality": 0.0}, "geometry": {"type": "Polygon", "coordinates": [[[5.82619, 52.21727], [5.84083, 52.21722], [5.84092, 52.2262], [5.82628, 52.22626], [5.82619, 52.21727]]]}}, {"type": "Feature", "properties": {"ntot": 1449, "nhx": 999, "noy": 450, "share_in_municipality": 0.0}, "geometry": {"type": "Polygon", "coordinates": [[[5.84083, 52.21722], [5.85546, 52.21716], [5.85555, 52.22615], [5.84092, 52.2262], [5.84083, 52.21722]]]}}, {"type": "Feature", "properties": {"ntot": 1643, "nhx": 1178, "noy": 465, "share_in_municipality": 0.0}, "geometry": {"type": "Polygon", "coordinates": [[[5.16766, 52.22687], [5.1823, 52.2269], [5.18226, 52.23589], [5.16762, 52.23586], [5.16766, 52.22687]]]}}, {"type": "Feature", "properties": {"ntot": 1871, "nhx": 1373, "noy": 498, "share_in_municipality": 0.0}, "geometry": {"type": "Polygon", "coordinates": [[[5.1823, 52.2269], [5.19693, 52.22692], [5.1969, 52.23591], [5.18226, 52.23589], [5.1823, 52.2269]]]}}, {"type": "Feature", "properties": {"ntot": 1370, "nhx": 929, "noy": 441, "share_in_municipality": 0.0}, "geometry": {"type": "Polygon", "coordinates": [[[5.19693, 52.22692], [5.21157, 52.22694], [5.21153, 52.23593], [5.1969, 52.23591], [5.19693, 52.22692]]]}}, {"type": "Feature", "properties": {"ntot": 1059, "nhx": 664, "noy": 395, "share_in_municipality": 0.0}, "geometry": {"type": "Polygon", "coordinates": [[[5.21157, 52.22694], [5.22621, 52.22697], [5.22617, 52.23595], [5.21153, 52.23593], [5.21157, 52.22694]]]}}, {"type": "Feature", "properties": {"ntot": 1233, "nhx": 700, "noy": 533, "share_in_municipality": 0.0}, "geometry": {"type": "Polygon", "coordinates": [[[5.22621, 52.22697], [5.24084, 52.22698], [5.24081, 52.23597], [5.22617, 52.23595], [5.22621, 52.22697]]]}}, {"type": "Feature", "properties": {"ntot": 996, "nhx": 578, "noy": 418, "share_in_municipality": 0.0}, "geometry": {"type": "Polygon", "coordinates": [[[5.24084, 52.22698], [5.25548, 52.227], [5.25545, 52.23599], [5.24081, 52.23597], [5.24084, 52.22698]]]}}, {"type": "Feature", "properties": {"ntot": 931, "nhx": 579, "noy": 352, "share_in_municipality": 0.0}, "geometry": {"type": "Polygon", "coordinates": [[[5.25548, 52.227], [5.27011, 52.22702], [5.27009, 52.23601], [5.25545, 52.23599], [5.25548, 52.227]]]}}, {"type": "Feature", "properties": {"ntot": 820, "nhx": 475, "noy": 345, "share_in_municipality": 0.0}, "geometry": {"type": "Polygon", "coordinates": [[[5.27011, 52.22702], [5.28475, 52.22703], [5.28473, 52.23602], [5.27009, 52.23601], [5.27011, 52.22702]]]}}, {"type": "Feature", "properties": {"ntot": 843, "nhx": 499, "noy": 344, "share_in_municipality": 0.0}, "geometry": {"type": "Polygon", "coordinates": [[[5.28475, 52.22703], [5.29939, 52.22704], [5.29937, 52.23603], [5.28473, 52.23602], [5.28475, 52.22703]]]}}, {"type": "Feature", "properties": {"ntot": 944, "nhx": 622, "noy": 322, "share_in_municipality": 0.0}, "geometry": {"type": "Polygon", "coordinates": [[[5.29939, 52.22704], [5.31402, 52.22705], [5.31401, 52.23604], [5.29937, 52.23603], [5.29939, 52.22704]]]}}, {"type": "Feature", "properties": {"ntot": 902, "nhx": 558, "noy": 345, "share_in_municipality": 0.0}, "geometry": {"type": "Polygon", "coordinates": [[[5.31402, 52.22705], [5.32866, 52.22706], [5.32865, 52.23605], [5.31401, 52.23604], [5.31402, 52.22705]]]}}, {"type": "Feature", "properties": {"ntot": 855, "nhx": 518, "noy": 338, "share_in_municipality": 0.0}, "geometry": {"type": "Polygon", "coordinates": [[[5.32866, 52.22706], [5.3433, 52.22707], [5.34329, 52.23605], [5.32865, 52.23605], [5.32866, 52.22706]]]}}, {"type": "Feature", "properties": {"ntot": 923, "nhx": 579, "noy": 344, "share_in_municipality": 0.0}, "geometry": {"type": "Polygon", "coordinates": [[[5.3433, 52.22707], [5.35793, 52.22707], [5.35793, 52.23606], [5.34329, 52.23605], [5.3433, 52.22707]]]}}, {"type": "Feature", "properties": {"ntot": 1777, "nhx": 1314, "noy": 463, "share_in_municipality": 0.0}, "geometry": {"type": "Polygon", "coordinates": [[[5.35793, 52.22707], [5.37257, 52.22707], [5.37256, 52.23606], [5.35793, 52.23606], [5.35793, 52.22707]]]}}, {"type": "Feature", "properties": {"ntot": 1648, "nhx": 1228, "noy": 420, "share_in_municipality": 0.0}, "geometry": {"type": "Polygon", "coordinates": [[[5.37257, 52.22707], [5.3872, 52.22708], [5.3872, 52.23606], [5.37256, 52.23606], [5.37257, 52.22707]]]}}, {"type": "Feature", "properties": {"ntot": 880, "nhx": 552, "noy": 328, "share_in_municipality": 0.305}, "geometry": {"type": "Polygon", "coordinates": [[[5.3872, 52.22708], [5.40184, 52.22707], [5.40184, 52.23606], [5.3872, 52.23606], [5.3872, 52.22708]]]}}, {"type": "Feature", "properties": {"ntot": 843, "nhx": 517, "noy": 326, "share_in_municipality": 1.0}, "geometry": {"type": "Polygon", "coordinates": [[[5.40184, 52.22707], [5.41648, 52.22707], [5.41648, 52.23606], [5.40184, 52.23606], [5.40184, 52.22707]]]}}, {"type": "Feature", "properties": {"ntot": 871, "nhx": 541, "noy": 330, "share_in_municipality": 1.0}, "geometry": {"type": "Polygon", "coordinates": [[[5.41648, 52.22707], [5.43111, 52.22707], [5.43112, 52.23605], [5.41648, 52.23606], [5.41648, 52.22707]]]}}, {"type": "Feature", "properties": {"ntot": 916, "nhx": 593, "noy": 323, "share_in_municipality": 1.0}, "geometry": {"type": "Polygon", "coordinates": [[[5.43111, 52.22707], [5.44575, 52.22706], [5.44576, 52.23605], [5.43112, 52.23605], [5.43111, 52.22707]]]}}, {"type": "Feature", "properties": {"ntot": 1009, "nhx": 633, "noy": 376, "share_in_municipality": 1.0}, "geometry": {"type": "Polygon", "coordinates": [[[5.44575, 52.22706], [5.46038, 52.22705], [5.4604, 52.23604], [5.44576, 52.23605], [5.44575, 52.22706]]]}}, {"type": "Feature", "properties": {"ntot": 1885, "nhx": 1404, "noy": 481, "share_in_municipality": 1.0}, "geometry": {"type": "Polygon", "coordinates": [[[5.46038, 52.22705], [5.47502, 52.22704], [5.47504, 52.23603], [5.4604, 52.23604], [5.46038, 52.22705]]]}}, {"type": "Feature", "properties": {"ntot": 1871, "nhx": 1407, "noy": 464, "share_in_municipality": 1.0}, "geometry": {"type": "Polygon", "coordinates": [[[5.47502, 52.22704], [5.48966, 52.22703], [5.48968, 52.23602], [5.47504, 52.23603], [5.47502, 52.22704]]]}}, {"type": "Feature", "properties": {"ntot": 1248, "nhx": 877, "noy": 370, "share_in_municipality": 0.878}, "geometry": {"type": "Polygon", "coordinates": [[[5.48966, 52.22703], [5.50429, 52.22702], [5.50432, 52.236], [5.48968, 52.23602], [5.48966, 52.22703]]]}}, {"type": "Feature", "properties": {"ntot": 1142, "nhx": 802, "noy": 340, "share_in_municipality": 0.651}, "geometry": {"type": "Polygon", "coordinates": [[[5.50429, 52.22702], [5.51893, 52.227], [5.51896, 52.23599], [5.50432, 52.236], [5.50429, 52.22702]]]}}, {"type": "Feature", "properties": {"ntot": 997, "nhx": 683, "noy": 314, "share_in_municipality": 0.069}, "geometry": {"type": "Polygon", "coordinates": [[[5.51893, 52.227], [5.53357, 52.22698], [5.53359, 52.23597], [5.51896, 52.23599], [5.51893, 52.227]]]}}, {"type": "Feature", "properties": {"ntot": 1151, "nhx": 832, "noy": 319, "share_in_municipality": 0.0}, "geometry": {"type": "Polygon", "coordinates": [[[5.53357, 52.22698], [5.5482, 52.22697], [5.54823, 52.23595], [5.53359, 52.23597], [5.53357, 52.22698]]]}}, {"type": "Feature", "properties": {"ntot": 1226, "nhx": 891, "noy": 335, "share_in_municipality": 0.0}, "geometry": {"type": "Polygon", "coordinates": [[[5.5482, 52.22697], [5.56284, 52.22694], [5.56287, 52.23593], [5.54823, 52.23595], [5.5482, 52.22697]]]}}, {"type": "Feature", "properties": {"ntot": 1144, "nhx": 824, "noy": 319, "share_in_municipality": 0.0}, "geometry": {"type": "Polygon", "coordinates": [[[5.56284, 52.22694], [5.57747, 52.22692], [5.57751, 52.23591], [5.56287, 52.23593], [5.56284, 52.22694]]]}}, {"type": "Feature", "properties": {"ntot": 1472, "nhx": 1175, "noy": 297, "share_in_municipality": 0.0}, "geometry": {"type": "Polygon", "coordinates": [[[5.57747, 52.22692], [5.59211, 52.2269], [5.59215, 52.23588], [5.57751, 52.23591], [5.57747, 52.22692]]]}}, {"type": "Feature", "properties": {"ntot": 1335, "nhx": 1034, "noy": 301, "share_in_municipality": 0.0}, "geometry": {"type": "Polygon", "coordinates": [[[5.59211, 52.2269], [5.60675, 52.22687], [5.60679, 52.23586], [5.59215, 52.23588], [5.59211, 52.2269]]]}}, {"type": "Feature", "properties": {"ntot": 1078, "nhx": 769, "noy": 309, "share_in_municipality": 0.0}, "geometry": {"type": "Polygon", "coordinates": [[[5.60675, 52.22687], [5.62138, 52.22684], [5.62143, 52.23583], [5.60679, 52.23586], [5.60675, 52.22687]]]}}, {"type": "Feature", "properties": {"ntot": 1657, "nhx": 1209, "noy": 448, "share_in_municipality": 0.0}, "geometry": {"type": "Polygon", "coordinates": [[[5.62138, 52.22684], [5.63602, 52.22681], [5.63607, 52.2358], [5.62143, 52.23583], [5.62138, 52.22684]]]}}, {"type": "Feature", "properties": {"ntot": 1499, "nhx": 1071, "noy": 428, "share_in_municipality": 0.0}, "geometry": {"type": "Polygon", "coordinates": [[[5.63602, 52.22681], [5.65065, 52.22678], [5.65071, 52.23577], [5.63607, 52.2358], [5.63602, 52.22681]]]}}, {"type": "Feature", "properties": {"ntot": 1216, "nhx": 871, "noy": 345, "share_in_municipality": 0.0}, "geometry": {"type": "Polygon", "coordinates": [[[5.65065, 52.22678], [5.66529, 52.22675], [5.66535, 52.23574], [5.65071, 52.23577], [5.65065, 52.22678]]]}}, {"type": "Feature", "properties": {"ntot": 1202, "nhx": 852, "noy": 350, "share_in_municipality": 0.0}, "geometry": {"type": "Polygon", "coordinates": [[[5.66529, 52.22675], [5.67993, 52.22671], [5.67998, 52.2357], [5.66535, 52.23574], [5.66529, 52.22675]]]}}, {"type": "Feature", "properties": {"ntot": 1562, "nhx": 1128, "noy": 434, "share_in_municipality": 0.0}, "geometry": {"type": "Polygon", "coordinates": [[[5.67993, 52.22671], [5.69456, 52.22667], [5.69462, 52.23566], [5.67998, 52.2357], [5.67993, 52.22671]]]}}, {"type": "Feature", "properties": {"ntot": 1177, "nhx": 838, "noy": 339, "share_in_municipality": 0.0}, "geometry": {"type": "Polygon", "coordinates": [[[5.69456, 52.22667], [5.7092, 52.22664], [5.70926, 52.23562], [5.69462, 52.23566], [5.69456, 52.22667]]]}}, {"type": "Feature", "properties": {"ntot": 1185, "nhx": 852, "noy": 333, "share_in_municipality": 0.0}, "geometry": {"type": "Polygon", "coordinates": [[[5.7092, 52.22664], [5.72383, 52.2266], [5.7239, 52.23558], [5.70926, 52.23562], [5.7092, 52.22664]]]}}, {"type": "Feature", "properties": {"ntot": 1267, "nhx": 920, "noy": 346, "share_in_municipality": 0.0}, "geometry": {"type": "Polygon", "coordinates": [[[5.72383, 52.2266], [5.73847, 52.22655], [5.73854, 52.23554], [5.7239, 52.23558], [5.72383, 52.2266]]]}}, {"type": "Feature", "properties": {"ntot": 1257, "nhx": 898, "noy": 359, "share_in_municipality": 0.0}, "geometry": {"type": "Polygon", "coordinates": [[[5.73847, 52.22655], [5.7531, 52.22651], [5.75318, 52.2355], [5.73854, 52.23554], [5.73847, 52.22655]]]}}, {"type": "Feature", "properties": {"ntot": 981, "nhx": 673, "noy": 308, "share_in_municipality": 0.0}, "geometry": {"type": "Polygon", "coordinates": [[[5.7531, 52.22651], [5.76774, 52.22646], [5.76782, 52.23545], [5.75318, 52.2355], [5.7531, 52.22651]]]}}, {"type": "Feature", "properties": {"ntot": 1099, "nhx": 760, "noy": 340, "share_in_municipality": 0.0}, "geometry": {"type": "Polygon", "coordinates": [[[5.76774, 52.22646], [5.78238, 52.22641], [5.78246, 52.2354], [5.76782, 52.23545], [5.76774, 52.22646]]]}}, {"type": "Feature", "properties": {"ntot": 1109, "nhx": 768, "noy": 341, "share_in_municipality": 0.0}, "geometry": {"type": "Polygon", "coordinates": [[[5.78238, 52.22641], [5.79701, 52.22636], [5.79709, 52.23535], [5.78246, 52.2354], [5.78238, 52.22641]]]}}, {"type": "Feature", "properties": {"ntot": 1037, "nhx": 706, "noy": 330, "share_in_municipality": 0.0}, "geometry": {"type": "Polygon", "coordinates": [[[5.79701, 52.22636], [5.81165, 52.22631], [5.81173, 52.2353], [5.79709, 52.23535], [5.79701, 52.22636]]]}}, {"type": "Feature", "properties": {"ntot": 1488, "nhx": 1036, "noy": 452, "share_in_municipality": 0.0}, "geometry": {"type": "Polygon", "coordinates": [[[5.81165, 52.22631], [5.82628, 52.22626], [5.82637, 52.23525], [5.81173, 52.2353], [5.81165, 52.22631]]]}}, {"type": "Feature", "properties": {"ntot": 1457, "nhx": 1006, "noy": 451, "share_in_municipality": 0.0}, "geometry": {"type": "Polygon", "coordinates": [[[5.82628, 52.22626], [5.84092, 52.2262], [5.84101, 52.23519], [5.82637, 52.23525], [5.82628, 52.22626]]]}}, {"type": "Feature", "properties": {"ntot": 1366, "nhx": 927, "noy": 440, "share_in_municipality": 0.0}, "geometry": {"type": "Polygon", "coordinates": [[[5.84092, 52.2262], [5.85555, 52.22615], [5.85565, 52.23513], [5.84101, 52.23519], [5.84092, 52.2262]]]}}, {"type": "Feature", "properties": {"ntot": 1576, "nhx": 1107, "noy": 469, "share_in_municipality": 0.0}, "geometry": {"type": "Polygon", "coordinates": [[[5.16762, 52.23586], [5.18226, 52.23589], [5.18222, 52.24487], [5.16757, 52.24485], [5.16762, 52.23586]]]}}, {"type": "Feature", "properties": {"ntot": 1570, "nhx": 1085, "noy": 485, "share_in_municipality": 0.0}, "geometry": {"type": "Polygon", "coordinates": [[[5.18226, 52.23589], [5.1969, 52.23591], [5.19686, 52.2449], [5.18222, 52.24487], [5.18226, 52.23589]]]}}, {"type": "Feature", "properties": {"ntot": 1457, "nhx": 948, "noy": 510, "share_in_municipality": 0.0}, "geometry": {"type": "Polygon", "coordinates": [[[5.1969, 52.23591], [5.21153, 52.23593], [5.2115, 52.24492], [5.19686, 52.2449], [5.1969, 52.23591]]]}}, {"type": "Feature", "properties": {"ntot": 1126, "nhx": 676, "noy": 450, "share_in_municipality": 0.0}, "geometry": {"type": "Polygon", "coordinates": [[[5.21153, 52.23593], [5.22617, 52.23595], [5.22614, 52.24494], [5.2115, 52.24492], [5.21153, 52.23593]]]}}, {"type": "Feature", "properties": {"ntot": 1224, "nhx": 753, "noy": 470, "share_in_municipality": 0.0}, "geometry": {"type": "Polygon", "coordinates": [[[5.22617, 52.23595], [5.24081, 52.23597], [5.24078, 52.24496], [5.22614, 52.24494], [5.22617, 52.23595]]]}}, {"type": "Feature", "properties": {"ntot": 985, "nhx": 577, "noy": 407, "share_in_municipality": 0.0}, "geometry": {"type": "Polygon", "coordinates": [[[5.24081, 52.23597], [5.25545, 52.23599], [5.25543, 52.24498], [5.24078, 52.24496], [5.24081, 52.23597]]]}}, {"type": "Feature", "properties": {"ntot": 949, "nhx": 610, "noy": 339, "share_in_municipality": 0.0}, "geometry": {"type": "Polygon", "coordinates": [[[5.25545, 52.23599], [5.27009, 52.23601], [5.27007, 52.24499], [5.25543, 52.24498], [5.25545, 52.23599]]]}}, {"type": "Feature", "properties": {"ntot": 844, "nhx": 507, "noy": 338, "share_in_municipality": 0.0}, "geometry": {"type": "Polygon", "coordinates": [[[5.27009, 52.23601], [5.28473, 52.23602], [5.28471, 52.24501], [5.27007, 52.24499], [5.27009, 52.23601]]]}}, {"type": "Feature", "properties": {"ntot": 830, "nhx": 494, "noy": 336, "share_in_municipality": 0.0}, "geometry": {"type": "Polygon", "coordinates": [[[5.28473, 52.23602], [5.29937, 52.23603], [5.29935, 52.24502], [5.28471, 52.24501], [5.28473, 52.23602]]]}}, {"type": "Feature", "properties": {"ntot": 900, "nhx": 582, "noy": 318, "share_in_municipality": 0.0}, "geometry": {"type": "Polygon", "coordinates": [[[5.29937, 52.23603], [5.31401, 52.23604], [5.31399, 52.24503], [5.29935, 52.24502], [5.29937, 52.23603]]]}}, {"type": "Feature", "properties": {"ntot": 861, "nhx": 534, "noy": 327, "share_in_municipality": 0.0}, "geometry": {"type": "Polygon", "coordinates": [[[5.31401, 52.23604], [5.32865, 52.23605], [5.32864, 52.24504], [5.31399, 52.24503], [5.31401, 52.23604]]]}}, {"type": "Feature", "properties": {"ntot": 850, "nhx": 517, "noy": 333, "share_in_municipality": 0.0}, "geometry": {"type": "Polygon", "coordinates": [[[5.32865, 52.23605], [5.34329, 52.23605], [5.34328, 52.24504], [5.32864, 52.24504], [5.32865, 52.23605]]]}}, {"type": "Feature", "properties": {"ntot": 916, "nhx": 583, "noy": 333, "share_in_municipality": 0.0}, "geometry": {"type": "Polygon", "coordinates": [[[5.34329, 52.23605], [5.35793, 52.23606], [5.35792, 52.24505], [5.34328, 52.24504], [5.34329, 52.23605]]]}}, {"type": "Feature", "properties": {"ntot": 1253, "nhx": 905, "noy": 348, "share_in_municipality": 0.0}, "geometry": {"type": "Polygon", "coordinates": [[[5.35793, 52.23606], [5.37256, 52.23606], [5.37256, 52.24505], [5.35792, 52.24505], [5.35793, 52.23606]]]}}, {"type": "Feature", "properties": {"ntot": 1311, "nhx": 962, "noy": 349, "share_in_municipality": 0.0}, "geometry": {"type": "Polygon", "coordinates": [[[5.37256, 52.23606], [5.3872, 52.23606], [5.3872, 52.24505], [5.37256, 52.24505], [5.37256, 52.23606]]]}}, {"type": "Feature", "properties": {"ntot": 870, "nhx": 542, "noy": 328, "share_in_municipality": 0.067}, "geometry": {"type": "Polygon", "coordinates": [[[5.3872, 52.23606], [5.40184, 52.23606], [5.40185, 52.24505], [5.3872, 52.24505], [5.3872, 52.23606]]]}}, {"type": "Feature", "properties": {"ntot": 831, "nhx": 512, "noy": 318, "share_in_municipality": 0.991}, "geometry": {"type": "Polygon", "coordinates": [[[5.40184, 52.23606], [5.41648, 52.23606], [5.41649, 52.24505], [5.40185, 52.24505], [5.40184, 52.23606]]]}}, {"type": "Feature", "properties": {"ntot": 808, "nhx": 502, "noy": 307, "share_in_municipality": 1.0}, "geometry": {"type": "Polygon", "coordinates": [[[5.41648, 52.23606], [5.43112, 52.23605], [5.43113, 52.24504], [5.41649, 52.24505], [5.41648, 52.23606]]]}}, {"type": "Feature", "properties": {"ntot": 823, "nhx": 513, "noy": 310, "share_in_municipality": 1.0}, "geometry": {"type": "Polygon", "coordinates": [[[5.43112, 52.23605], [5.44576, 52.23605], [5.44577, 52.24504], [5.43113, 52.24504], [5.43112, 52.23605]]]}}, {"type": "Feature", "properties": {"ntot": 850, "nhx": 531, "noy": 319, "share_in_municipality": 1.0}, "geometry": {"type": "Polygon", "coordinates": [[[5.44576, 52.23605], [5.4604, 52.23604], [5.46041, 52.24503], [5.44577, 52.24504], [5.44576, 52.23605]]]}}, {"type": "Feature", "properties": {"ntot": 1202, "nhx": 797, "noy": 405, "share_in_municipality": 1.0}, "geometry": {"type": "Polygon", "coordinates": [[[5.4604, 52.23604], [5.47504, 52.23603], [5.47506, 52.24502], [5.46041, 52.24503], [5.4604, 52.23604]]]}}, {"type": "Feature", "properties": {"ntot": 1524, "nhx": 1104, "noy": 420, "share_in_municipality": 0.578}, "geometry": {"type": "Polygon", "coordinates": [[[5.47504, 52.23603], [5.48968, 52.23602], [5.4897, 52.24501], [5.47506, 52.24502], [5.47504, 52.23603]]]}}, {"type": "Feature", "properties": {"ntot": 1075, "nhx": 744, "noy": 331, "share_in_municipality": 0.008}, "geometry": {"type": "Polygon", "coordinates": [[[5.48968, 52.23602], [5.50432, 52.236], [5.50434, 52.24499], [5.4897, 52.24501], [5.48968, 52.23602]]]}}, {"type": "Feature", "properties": {"ntot": 1080, "nhx": 737, "noy": 342, "share_in_municipality": 0.0}, "geometry": {"type": "Polygon", "coordinates": [[[5.50432, 52.236], [5.51896, 52.23599], [5.51898, 52.24498], [5.50434, 52.24499], [5.50432, 52.236]]]}}, {"type": "Feature", "properties": {"ntot": 1143, "nhx": 806, "noy": 338, "share_in_municipality": 0.0}, "geometry": {"type": "Polygon", "coordinates": [[[5.51896, 52.23599], [5.53359, 52.23597], [5.53362, 52.24496], [5.51898, 52.24498], [5.51896, 52.23599]]]}}, {"type": "Feature", "properties": {"ntot": 1183, "nhx": 856, "noy": 327, "share_in_municipality": 0.0}, "geometry": {"type": "Polygon", "coordinates": [[[5.53359, 52.23597], [5.54823, 52.23595], [5.54827, 52.24494], [5.53362, 52.24496], [5.53359, 52.23597]]]}}, {"type": "Feature", "properties": {"ntot": 1522, "nhx": 1215, "noy": 307, "share_in_municipality": 0.0}, "geometry": {"type": "Polygon", "coordinates": [[[5.54823, 52.23595], [5.56287, 52.23593], [5.56291, 52.24492], [5.54827, 52.24494], [5.54823, 52.23595]]]}}, {"type": "Feature", "properties": {"ntot": 1281, "nhx": 980, "noy": 300, "share_in_municipality": 0.0}, "geometry": {"type": "Polygon", "coordinates": [[[5.56287, 52.23593], [5.57751, 52.23591], [5.57755, 52.2449], [5.56291, 52.24492], [5.56287, 52.23593]]]}}, {"type": "Feature", "properties": {"ntot": 1349, "nhx": 1047, "noy": 302, "share_in_municipality": 0.0}, "geometry": {"type": "Polygon", "coordinates": [[[5.57751, 52.23591], [5.59215, 52.23588], [5.59219, 52.24487], [5.57755, 52.2449], [5.57751, 52.23591]]]}}, {"type": "Feature", "properties": {"ntot": 1423, "nhx": 1111, "noy": 312, "share_in_municipality": 0.0}, "geometry": {"type": "Polygon", "coordinates": [[[5.59215, 52.23588], [5.60679, 52.23586], [5.60683, 52.24485], [5.59219, 52.24487], [5.59215, 52.23588]]]}}, {"type": "Feature", "properties": {"ntot": 1163, "nhx": 840, "noy": 323, "share_in_municipality": 0.0}, "geometry": {"type": "Polygon", "coordinates": [[[5.60679, 52.23586], [5.62143, 52.23583], [5.62148, 52.24482], [5.60683, 52.24485], [5.60679, 52.23586]]]}}, {"type": "Feature", "properties": {"ntot": 1432, "nhx": 1056, "noy": 376, "share_in_municipality": 0.0}, "geometry": {"type": "Polygon", "coordinates": [[[5.62143, 52.23583], [5.63607, 52.2358], [5.63612, 52.24479], [5.62148, 52.24482], [5.62143, 52.23583]]]}}, {"type": "Feature", "properties": {"ntot": 1563, "nhx": 1119, "noy": 444, "share_in_municipality": 0.0}, "geometry": {"type": "Polygon", "coordinates": [[[5.63607, 52.2358], [5.65071, 52.23577], [5.65076, 52.24476], [5.63612, 52.24479], [5.63607, 52.2358]]]}}, {"type": "Feature", "properties": {"ntot": 1606, "nhx": 1147, "noy": 459, "share_in_municipality": 0.0}, "geometry": {"type": "Polygon", "coordinates": [[[5.65071, 52.23577], [5.66535, 52.23574], [5.6654, 52.24472], [5.65076, 52.24476], [5.65071, 52.23577]]]}}, {"type": "Feature", "properties": {"ntot": 1584, "nhx": 1128, "noy": 456, "share_in_municipality": 0.0}, "geometry": {"type": "Polygon", "coordinates": [[[5.66535, 52.23574], [5.67998, 52.2357], [5.68004, 52.24469], [5.6654, 52.24472], [5.66535, 52.23574]]]}}, {"type": "Feature", "properties": {"ntot": 1487, "nhx": 1056, "noy": 431, "share_in_municipality": 0.0}, "geometry": {"type": "Polygon", "coordinates": [[[5.67998, 52.2357], [5.69462, 52.23566], [5.69469, 52.24465], [5.68004, 52.24469], [5.67998, 52.2357]]]}}, {"type": "Feature", "properties": {"ntot": 1426, "nhx": 1013, "noy": 413, "share_in_municipality": 0.0}, "geometry": {"type": "Polygon", "coordinates": [[[5.69462, 52.23566], [5.70926, 52.23562], [5.70933, 52.24461], [5.69469, 52.24465], [5.69462, 52.23566]]]}}, {"type": "Feature", "properties": {"ntot": 1172, "nhx": 832, "noy": 339, "share_in_municipality": 0.0}, "geometry": {"type": "Polygon", "coordinates": [[[5.70926, 52.23562], [5.7239, 52.23558], [5.72397, 52.24457], [5.70933, 52.24461], [5.70926, 52.23562]]]}}, {"type": "Feature", "properties": {"ntot": 1461, "nhx": 1033, "noy": 428, "share_in_municipality": 0.0}, "geometry": {"type": "Polygon", "coordinates": [[[5.7239, 52.23558], [5.73854, 52.23554], [5.73861, 52.24453], [5.72397, 52.24457], [5.7239, 52.23558]]]}}, {"type": "Feature", "properties": {"ntot": 1284, "nhx": 915, "noy": 370, "share_in_municipality": 0.0}, "geometry": {"type": "Polygon", "coordinates": [[[5.73854, 52.23554], [5.75318, 52.2355], [5.75325, 52.24448], [5.73861, 52.24453], [5.73854, 52.23554]]]}}, {"type": "Feature", "properties": {"ntot": 1024, "nhx": 694, "noy": 329, "share_in_municipality": 0.0}, "geometry": {"type": "Polygon", "coordinates": [[[5.75318, 52.2355], [5.76782, 52.23545], [5.76789, 52.24444], [5.75325, 52.24448], [5.75318, 52.2355]]]}}, {"type": "Feature", "properties": {"ntot": 969, "nhx": 674, "noy": 295, "share_in_municipality": 0.0}, "geometry": {"type": "Polygon", "coordinates": [[[5.76782, 52.23545], [5.78246, 52.2354], [5.78254, 52.24439], [5.76789, 52.24444], [5.76782, 52.23545]]]}}, {"type": "Feature", "properties": {"ntot": 1036, "nhx": 713, "noy": 324, "share_in_municipality": 0.0}, "geometry": {"type": "Polygon", "coordinates": [[[5.78246, 52.2354], [5.79709, 52.23535], [5.79718, 52.24434], [5.78254, 52.24439], [5.78246, 52.2354]]]}}, {"type": "Feature", "properties": {"ntot": 967, "nhx": 650, "noy": 317, "share_in_municipality": 0.0}, "geometry": {"type": "Polygon", "coordinates": [[[5.79709, 52.23535], [5.81173, 52.2353], [5.81182, 52.24429], [5.79718, 52.24434], [5.79709, 52.23535]]]}}, {"type": "Feature", "properties": {"ntot": 1482, "nhx": 1034, "noy": 448, "share_in_municipality": 0.0}, "geometry": {"type": "Polygon", "coordinates": [[[5.81173, 52.2353], [5.82637, 52.23525], [5.82646, 52.24423], [5.81182, 52.24429], [5.81173, 52.2353]]]}}, {"type": "Feature", "properties": {"ntot": 1379, "nhx": 950, "noy": 429, "share_in_municipality": 0.0}, "geometry": {"type": "Polygon", "coordinates": [[[5.82637, 52.23525], [5.84101, 52.23519], [5.8411, 52.24418], [5.82646, 52.24423], [5.82637, 52.23525]]]}}, {"type": "Feature", "properties": {"ntot": 817, "nhx": 529, "noy": 288, "share_in_municipality": 0.0}, "geometry": {"type": "Polygon", "coordinates": [[[5.84101, 52.23519], [5.85565, 52.23513], [5.85574, 52.24412], [5.8411, 52.24418], [5.84101, 52.23519]]]}}, {"type": "Feature", "properties": {"ntot": 1038, "nhx": 664, "noy": 374, "share_in_municipality": 0.0}, "geometry": {"type": "Polygon", "coordinates": [[[5.16757, 52.24485], [5.18222, 52.24487], [5.18217, 52.25386], [5.16753, 52.25383], [5.16757, 52.24485]]]}}, {"type": "Feature", "properties": {"ntot": 866, "nhx": 524, "noy": 341, "share_in_municipality": 0.0}, "geometry": {"type": "Polygon", "coordinates": [[[5.18222, 52.24487], [5.19686, 52.2449], [5.19682, 52.25389], [5.18217, 52.25386], [5.18222, 52.24487]]]}}, {"type": "Feature", "properties": {"ntot": 958, "nhx": 591, "noy": 366, "share_in_municipality": 0.0}, "geometry": {"type": "Polygon", "coordinates": [[[5.19686, 52.2449], [5.2115, 52.24492], [5.21146, 52.25391], [5.19682, 52.25389], [5.19686, 52.2449]]]}}, {"type": "Feature", "properties": {"ntot": 1117, "nhx": 708, "noy": 410, "share_in_municipality": 0.0}, "geometry": {"type": "Polygon", "coordinates": [[[5.2115, 52.24492], [5.22614, 52.24494], [5.22611, 52.25393], [5.21146, 52.25391], [5.2115, 52.24492]]]}}, {"type": "Feature", "properties": {"ntot": 1204, "nhx": 850, "noy": 354, "share_in_municipality": 0.0}, "geometry": {"type": "Polygon", "coordinates": [[[5.22614, 52.24494], [5.24078, 52.24496], [5.24075, 52.25395], [5.22611, 52.25393], [5.22614, 52.24494]]]}}, {"type": "Feature", "properties": {"ntot": 1268, "nhx": 846, "noy": 422, "share_in_municipality": 0.0}, "geometry": {"type": "Polygon", "coordinates": [[[5.24078, 52.24496], [5.25543, 52.24498], [5.2554, 52.25397], [5.24075, 52.25395], [5.24078, 52.24496]]]}}, {"type": "Feature", "properties": {"ntot": 1228, "nhx": 884, "noy": 344, "share_in_municipality": 0.0}, "geometry": {"type": "Polygon", "coordinates": [[[5.25543, 52.24498], [5.27007, 52.24499], [5.27004, 52.25398], [5.2554, 52.25397], [5.25543, 52.24498]]]}}, {"type": "Feature", "properties": {"ntot": 828, "nhx": 494, "noy": 335, "share_in_municipality": 0.0}, "geometry": {"type": "Polygon", "coordinates": [[[5.27007, 52.24499], [5.28471, 52.24501], [5.28469, 52.25399], [5.27004, 52.25398], [5.27007, 52.24499]]]}}, {"type": "Feature", "properties": {"ntot": 829, "nhx": 502, "noy": 327, "share_in_municipality": 0.0}, "geometry": {"type": "Polygon", "coordinates": [[[5.28471, 52.24501], [5.29935, 52.24502], [5.29933, 52.25401], [5.28469, 52.25399], [5.28471, 52.24501]]]}}, {"type": "Feature", "properties": {"ntot": 908, "nhx": 598, "noy": 310, "share_in_municipality": 0.0}, "geometry": {"type": "Polygon", "coordinates": [[[5.29935, 52.24502], [5.31399, 52.24503], [5.31398, 52.25402], [5.29933, 52.25401], [5.29935, 52.24502]]]}}, {"type": "Feature", "properties": {"ntot": 878, "nhx": 565, "noy": 314, "share_in_municipality": 0.0}, "geometry": {"type": "Polygon", "coordinates": [[[5.31399, 52.24503], [5.32864, 52.24504], [5.32862, 52.25402], [5.31398, 52.25402], [5.31399, 52.24503]]]}}, {"type": "Feature", "properties": {"ntot": 865, "nhx": 538, "noy": 326, "share_in_municipality": 0.0}, "geometry": {"type": "Polygon", "coordinates": [[[5.32864, 52.24504], [5.34328, 52.24504], [5.34327, 52.25403], [5.32862, 52.25402], [5.32864, 52.24504]]]}}, {"type": "Feature", "properties": {"ntot": 873, "nhx": 544, "noy": 329, "share_in_municipality": 0.0}, "geometry": {"type": "Polygon", "coordinates": [[[5.34328, 52.24504], [5.35792, 52.24505], [5.35791, 52.25404], [5.34327, 52.25403], [5.34328, 52.24504]]]}}, {"type": "Feature", "properties": {"ntot": 1271, "nhx": 922, "noy": 349, "share_in_municipality": 0.0}, "geometry": {"type": "Polygon", "coordinates": [[[5.35792, 52.24505], [5.37256, 52.24505], [5.37256, 52.25404], [5.35791, 52.25404], [5.35792, 52.24505]]]}}, {"type": "Feature", "properties": {"ntot": 1877, "nhx": 1428, "noy": 449, "share_in_municipality": 0.0}, "geometry": {"type": "Polygon", "coordinates": [[[5.37256, 52.24505], [5.3872, 52.24505], [5.3872, 52.25404], [5.37256, 52.25404], [5.37256, 52.24505]]]}}, {"type": "Feature", "properties": {"ntot": 916, "nhx": 623, "noy": 292, "share_in_municipality": 0.0}, "geometry": {"type": "Polygon", "coordinates": [[[5.3872, 52.24505], [5.40185, 52.24505], [5.40185, 52.25404], [5.3872, 52.25404], [5.3872, 52.24505]]]}}, {"type": "Feature", "properties": {"ntot": 760, "nhx": 508, "noy": 252, "share_in_municipality": 0.52}, "geometry": {"type": "Polygon", "coordinates": [[[5.40185, 52.24505], [5.41649, 52.24505], [5.41649, 52.25403], [5.40185, 52.25404], [5.40185, 52.24505]]]}}, {"type": "Feature", "properties": {"ntot": 726, "nhx": 478, "noy": 248, "share_in_municipality": 0.867}, "geometry": {"type": "Polygon", "coordinates": [[[5.41649, 52.24505], [5.43113, 52.24504], [5.43114, 52.25403], [5.41649, 52.25403], [5.41649, 52.24505]]]}}, {"type": "Feature", "properties": {"ntot": 798, "nhx": 518, "noy": 280, "share_in_municipality": 1.0}, "geometry": {"type": "Polygon", "coordinates": [[[5.43113, 52.24504], [5.44577, 52.24504], [5.44578, 52.25402], [5.43114, 52.25403], [5.43113, 52.24504]]]}}, {"type": "Feature", "properties": {"ntot": 837, "nhx": 530, "noy": 306, "share_in_municipality": 1.0}, "geometry": {"type": "Polygon", "coordinates": [[[5.44577, 52.24504], [5.46041, 52.24503], [5.46043, 52.25402], [5.44578, 52.25402], [5.44577, 52.24504]]]}}, {"type": "Feature", "properties": {"ntot": 846, "nhx": 537, "noy": 309, "share_in_municipality": 1.0}, "geometry": {"type": "Polygon", "coordinates": [[[5.46041, 52.24503], [5.47506, 52.24502], [5.47507, 52.25401], [5.46043, 52.25402], [5.46041, 52.24503]]]}}, {"type": "Feature", "properties": {"ntot": 897, "nhx": 530, "noy": 367, "share_in_municipality": 0.178}, "geometry": {"type": "Polygon", "coordinates": [[[5.47506, 52.24502], [5.4897, 52.24501], [5.48972, 52.25399], [5.47507, 52.25401], [5.47506, 52.24502]]]}}, {"type": "Feature", "properties": {"ntot": 964, "nhx": 582, "noy": 382, "share_in_municipality": 0.0}, "geometry": {"type": "Polygon", "coordinates": [[[5.4897, 52.24501], [5.50434, 52.24499], [5.50436, 52.25398], [5.48972, 52.25399], [5.4897, 52.24501]]]}}, {"type": "Feature", "properties": {"ntot": 886, "nhx": 555, "noy": 331, "share_in_municipality": 0.0}, "geometry": {"type": "Polygon", "coordinates": [[[5.50434, 52.24499], [5.51898, 52.24498], [5.51901, 52.25396], [5.50436, 52.25398], [5.50434, 52.24499]]]}}, {"type": "Feature", "properties": {"ntot": 1032, "nhx": 703, "noy": 329, "share_in_municipality": 0.0}, "geometry": {"type": "Polygon", "coordinates": [[[5.51898, 52.24498], [5.53362, 52.24496], [5.53365, 52.25395], [5.51901, 52.25396], [5.51898, 52.24498]]]}}, {"type": "Feature", "properties": {"ntot": 1425, "nhx": 1106, "noy": 319, "share_in_municipality": 0.0}, "geometry": {"type": "Polygon", "coordinates": [[[5.53362, 52.24496], [5.54827, 52.24494], [5.5483, 52.25393], [5.53365, 52.25395], [5.53362, 52.24496]]]}}, {"type": "Feature", "properties": {"ntot": 1424, "nhx": 1110, "noy": 314, "share_in_municipality": 0.0}, "geometry": {"type": "Polygon", "coordinates": [[[5.54827, 52.24494], [5.56291, 52.24492], [5.56294, 52.25391], [5.5483, 52.25393], [5.54827, 52.24494]]]}}, {"type": "Feature", "properties": {"ntot": 1319, "nhx": 1011, "noy": 308, "share_in_municipality": 0.0}, "geometry": {"type": "Polygon", "coordinates": [[[5.56291, 52.24492], [5.57755, 52.2449], [5.57759, 52.25388], [5.56294, 52.25391], [5.56291, 52.24492]]]}}, {"type": "Feature", "properties": {"ntot": 1502, "nhx": 1192, "noy": 310, "share_in_municipality": 0.0}, "geometry": {"type": "Polygon", "coordinates": [[[5.57755, 52.2449], [5.59219, 52.24487], [5.59223, 52.25386], [5.57759, 52.25388], [5.57755, 52.2449]]]}}, {"type": "Feature", "properties": {"ntot": 1640, "nhx": 1309, "noy": 332, "share_in_municipality": 0.0}, "geometry": {"type": "Polygon", "coordinates": [[[5.59219, 52.24487], [5.60683, 52.24485], [5.60688, 52.25383], [5.59223, 52.25386], [5.59219, 52.24487]]]}}, {"type": "Feature", "properties": {"ntot": 1713, "nhx": 1296, "noy": 417, "share_in_municipality": 0.0}, "geometry": {"type": "Polygon", "coordinates": [[[5.60683, 52.24485], [5.62148, 52.24482], [5.62152, 52.25381], [5.60688, 52.25383], [5.60683, 52.24485]]]}}, {"type": "Feature", "properties": {"ntot": 1657, "nhx": 1196, "noy": 461, "share_in_municipality": 0.0}, "geometry": {"type": "Polygon", "coordinates": [[[5.62148, 52.24482], [5.63612, 52.24479], [5.63617, 52.25378], [5.62152, 52.25381], [5.62148, 52.24482]]]}}, {"type": "Feature", "properties": {"ntot": 1627, "nhx": 1165, "noy": 462, "share_in_municipality": 0.0}, "geometry": {"type": "Polygon", "coordinates": [[[5.63612, 52.24479], [5.65076, 52.24476], [5.65081, 52.25374], [5.63617, 52.25378], [5.63612, 52.24479]]]}}, {"type": "Feature", "properties": {"ntot": 1588, "nhx": 1132, "noy": 456, "share_in_municipality": 0.0}, "geometry": {"type": "Polygon", "coordinates": [[[5.65076, 52.24476], [5.6654, 52.24472], [5.66546, 52.25371], [5.65081, 52.25374], [5.65076, 52.24476]]]}}, {"type": "Feature", "properties": {"ntot": 1589, "nhx": 1131, "noy": 458, "share_in_municipality": 0.0}, "geometry": {"type": "Polygon", "coordinates": [[[5.6654, 52.24472], [5.68004, 52.24469], [5.6801, 52.25368], [5.66546, 52.25371], [5.6654, 52.24472]]]}}, {"type": "Feature", "properties": {"ntot": 1587, "nhx": 1129, "noy": 458, "share_in_municipality": 0.0}, "geometry": {"type": "Polygon", "coordinates": [[[5.68004, 52.24469], [5.69469, 52.24465], [5.69475, 52.25364], [5.6801, 52.25368], [5.68004, 52.24469]]]}}, {"type": "Feature", "properties": {"ntot": 1525, "nhx": 1091, "noy": 434, "share_in_municipality": 0.0}, "geometry": {"type": "Polygon", "coordinates": [[[5.69469, 52.24465], [5.70933, 52.24461], [5.70939, 52.2536], [5.69475, 52.25364], [5.69469, 52.24465]]]}}, {"type": "Feature", "properties": {"ntot": 1096, "nhx": 762, "noy": 334, "share_in_municipality": 0.0}, "geometry": {"type": "Polygon", "coordinates": [[[5.70933, 52.24461], [5.72397, 52.24457], [5.72404, 52.25356], [5.70939, 52.2536], [5.70933, 52.24461]]]}}, {"type": "Feature", "properties": {"ntot": 840, "nhx": 553, "noy": 288, "share_in_municipality": 0.0}, "geometry": {"type": "Polygon", "coordinates": [[[5.72397, 52.24457], [5.73861, 52.24453], [5.73868, 52.25352], [5.72404, 52.25356], [5.72397, 52.24457]]]}}, {"type": "Feature", "properties": {"ntot": 1077, "nhx": 740, "noy": 336, "share_in_municipality": 0.0}, "geometry": {"type": "Polygon", "coordinates": [[[5.73861, 52.24453], [5.75325, 52.24448], [5.75333, 52.25347], [5.73868, 52.25352], [5.73861, 52.24453]]]}}, {"type": "Feature", "properties": {"ntot": 1137, "nhx": 792, "noy": 345, "share_in_municipality": 0.0}, "geometry": {"type": "Polygon", "coordinates": [[[5.75325, 52.24448], [5.76789, 52.24444], [5.76797, 52.25342], [5.75333, 52.25347], [5.75325, 52.24448]]]}}, {"type": "Feature", "properties": {"ntot": 1022, "nhx": 699, "noy": 322, "share_in_municipality": 0.0}, "geometry": {"type": "Polygon", "coordinates": [[[5.76789, 52.24444], [5.78254, 52.24439], [5.78262, 52.25338], [5.76797, 52.25342], [5.76789, 52.24444]]]}}, {"type": "Feature", "properties": {"ntot": 1049, "nhx": 721, "noy": 328, "share_in_municipality": 0.0}, "geometry": {"type": "Polygon", "coordinates": [[[5.78254, 52.24439], [5.79718, 52.24434], [5.79726, 52.25333], [5.78262, 52.25338], [5.78254, 52.24439]]]}}, {"type": "Feature", "properties": {"ntot": 972, "nhx": 655, "noy": 317, "share_in_municipality": 0.0}, "geometry": {"type": "Polygon", "coordinates": [[[5.79718, 52.24434], [5.81182, 52.24429], [5.8119, 52.25327], [5.79726, 52.25333], [5.79718, 52.24434]]]}}, {"type": "Feature", "properties": {"ntot": 1052, "nhx": 717, "noy": 335, "share_in_municipality": 0.0}, "geometry": {"type": "Polygon", "coordinates": [[[5.81182, 52.24429], [5.82646, 52.24423], [5.82655, 52.25322], [5.8119, 52.25327], [5.81182, 52.24429]]]}}, {"type": "Feature", "properties": {"ntot": 1172, "nhx": 816, "noy": 356, "share_in_municipality": 0.0}, "geometry": {"type": "Polygon", "coordinates": [[[5.82646, 52.24423], [5.8411, 52.24418], [5.84119, 52.25317], [5.82655, 52.25322], [5.82646, 52.24423]]]}}, {"type": "Feature", "properties": {"ntot": 1047, "nhx": 713, "noy": 334, "share_in_municipality": 0.0}, "geometry": {"type": "Polygon", "coordinates": [[[5.8411, 52.24418], [5.85574, 52.24412], [5.85584, 52.25311], [5.84119, 52.25317], [5.8411, 52.24418]]]}}, {"type": "Feature", "properties": {"ntot": 928, "nhx": 583, "noy": 345, "share_in_municipality": 0.0}, "geometry": {"type": "Polygon", "coordinates": [[[5.16753, 52.25383], [5.18217, 52.25386], [5.18213, 52.26285], [5.16748, 52.26282], [5.16753, 52.25383]]]}}, {"type": "Feature", "properties": {"ntot": 970, "nhx": 602, "noy": 367, "share_in_municipality": 0.0}, "geometry": {"type": "Polygon", "coordinates": [[[5.18217, 52.25386], [5.19682, 52.25389], [5.19678, 52.26287], [5.18213, 52.26285], [5.18217, 52.25386]]]}}, {"type": "Feature", "properties": {"ntot": 1397, "nhx": 881, "noy": 515, "share_in_municipality": 0.0}, "geometry": {"type": "Polygon", "coordinates": [[[5.19682, 52.25389], [5.21146, 52.25391], [5.21143, 52.2629], [5.19678, 52.26287], [5.19682, 52.25389]]]}}, {"type": "Feature", "properties": {"ntot": 1313, "nhx": 890, "noy": 422, "share_in_municipality": 0.0}, "geometry": {"type": "Polygon", "coordinates": [[[5.21146, 52.25391], [5.22611, 52.25393], [5.22608, 52.26292], [5.21143, 52.2629], [5.21146, 52.25391]]]}}, {"type": "Feature", "properties": {"ntot": 1390, "nhx": 960, "noy": 430, "share_in_municipality": 0.0}, "geometry": {"type": "Polygon", "coordinates": [[[5.22611, 52.25393], [5.24075, 52.25395], [5.24072, 52.26294], [5.22608, 52.26292], [5.22611, 52.25393]]]}}, {"type": "Feature", "properties": {"ntot": 1112, "nhx": 701, "noy": 411, "share_in_municipality": 0.0}, "geometry": {"type": "Polygon", "coordinates": [[[5.24075, 52.25395], [5.2554, 52.25397], [5.25537, 52.26295], [5.24072, 52.26294], [5.24075, 52.25395]]]}}, {"type": "Feature", "properties": {"ntot": 1392, "nhx": 989, "noy": 403, "share_in_municipality": 0.0}, "geometry": {"type": "Polygon", "coordinates": [[[5.2554, 52.25397], [5.27004, 52.25398], [5.27002, 52.26297], [5.25537, 52.26295], [5.2554, 52.25397]]]}}, {"type": "Feature", "properties": {"ntot": 831, "nhx": 500, "noy": 331, "share_in_municipality": 0.0}, "geometry": {"type": "Polygon", "coordinates": [[[5.27004, 52.25398], [5.28469, 52.25399], [5.28467, 52.26298], [5.27002, 52.26297], [5.27004, 52.25398]]]}}, {"type": "Feature", "properties": {"ntot": 793, "nhx": 474, "noy": 319, "share_in_municipality": 0.0}, "geometry": {"type": "Polygon", "coordinates": [[[5.28469, 52.25399], [5.29933, 52.25401], [5.29932, 52.26299], [5.28467, 52.26298], [5.28469, 52.25399]]]}}, {"type": "Feature", "properties": {"ntot": 821, "nhx": 510, "noy": 311, "share_in_municipality": 0.0}, "geometry": {"type": "Polygon", "coordinates": [[[5.29933, 52.25401], [5.31398, 52.25402], [5.31396, 52.263], [5.29932, 52.26299], [5.29933, 52.25401]]]}}, {"type": "Feature", "properties": {"ntot": 907, "nhx": 599, "noy": 309, "share_in_municipality": 0.0}, "geometry": {"type": "Polygon", "coordinates": [[[5.31398, 52.25402], [5.32862, 52.25402], [5.32861, 52.26301], [5.31396, 52.263], [5.31398, 52.25402]]]}}, {"type": "Feature", "properties": {"ntot": 920, "nhx": 604, "noy": 317, "share_in_municipality": 0.0}, "geometry": {"type": "Polygon", "coordinates": [[[5.32862, 52.25402], [5.34327, 52.25403], [5.34326, 52.26302], [5.32861, 52.26301], [5.32862, 52.25402]]]}}, {"type": "Feature", "properties": {"ntot": 860, "nhx": 537, "noy": 324, "share_in_municipality": 0.0}, "geometry": {"type": "Polygon", "coordinates": [[[5.34327, 52.25403], [5.35791, 52.25404], [5.35791, 52.26302], [5.34326, 52.26302], [5.34327, 52.25403]]]}}, {"type": "Feature", "properties": {"ntot": 940, "nhx": 621, "noy": 319, "share_in_municipality": 0.0}, "geometry": {"type": "Polygon", "coordinates": [[[5.35791, 52.25404], [5.37256, 52.25404], [5.37256, 52.26303], [5.35791, 52.26302], [5.35791, 52.25404]]]}}, {"type": "Feature", "properties": {"ntot": 989, "nhx": 696, "noy": 293, "share_in_municipality": 0.0}, "geometry": {"type": "Polygon", "coordinates": [[[5.37256, 52.25404], [5.3872, 52.25404], [5.3872, 52.26303], [5.37256, 52.26303], [5.37256, 52.25404]]]}}, {"type": "Feature", "properties": {"ntot": 955, "nhx": 652, "noy": 304, "share_in_municipality": 0.0}, "geometry": {"type": "Polygon", "coordinates": [[[5.3872, 52.25404], [5.40185, 52.25404], [5.40185, 52.26303], [5.3872, 52.26303], [5.3872, 52.25404]]]}}, {"type": "Feature", "properties": {"ntot": 1427, "nhx": 990, "noy": 438, "share_in_municipality": 0.0}, "geometry": {"type": "Polygon", "coordinates": [[[5.40185, 52.25404], [5.41649, 52.25403], [5.4165, 52.26302], [5.40185, 52.26303], [5.40185, 52.25404]]]}}, {"type": "Feature", "properties": {"ntot": 1428, "nhx": 986, "noy": 442, "share_in_municipality": 0.0}, "geometry": {"type": "Polygon", "coordinates": [[[5.41649, 52.25403], [5.43114, 52.25403], [5.43115, 52.26302], [5.4165, 52.26302], [5.41649, 52.25403]]]}}, {"type": "Feature", "properties": {"ntot": 1002, "nhx": 684, "noy": 318, "share_in_municipality": 0.163}, "geometry": {"type": "Polygon", "coordinates": [[[5.43114, 52.25403], [5.44578, 52.25402], [5.4458, 52.26301], [5.43115, 52.26302], [5.43114, 52.25403]]]}}, {"type": "Feature", "properties": {"ntot": 901, "nhx": 616, "noy": 284, "share_in_municipality": 0.459}, "geometry": {"type": "Polygon", "coordinates": [[[5.44578, 52.25402], [5.46043, 52.25402], [5.46044, 52.263], [5.4458, 52.26301], [5.44578, 52.25402]]]}}, {"type": "Feature", "properties": {"ntot": 797, "nhx": 517, "noy": 280, "share_in_municipality": 0.869}, "geometry": {"type": "Polygon", "coordinates": [[[5.46043, 52.25402], [5.47507, 52.25401], [5.47509, 52.26299], [5.46044, 52.263], [5.46043, 52.25402]]]}}, {"type": "Feature", "properties": {"ntot": 827, "nhx": 553, "noy": 273, "share_in_municipality": 0.127}, "geometry": {"type": "Polygon", "coordinates": [[[5.47507, 52.25401], [5.48972, 52.25399], [5.48974, 52.26298], [5.47509, 52.26299], [5.47507, 52.25401]]]}}, {"type": "Feature", "properties": {"ntot": 825, "nhx": 520, "noy": 305, "share_in_municipality": 0.0}, "geometry": {"type": "Polygon", "coordinates": [[[5.48972, 52.25399], [5.50436, 52.25398], [5.50439, 52.26297], [5.48974, 52.26298], [5.48972, 52.25399]]]}}, {"type": "Feature", "properties": {"ntot": 901, "nhx": 554, "noy": 348, "share_in_municipality": 0.0}, "geometry": {"type": "Polygon", "coordinates": [[[5.50436, 52.25398], [5.51901, 52.25396], [5.51904, 52.26295], [5.50439, 52.26297], [5.50436, 52.25398]]]}}, {"type": "Feature", "properties": {"ntot": 977, "nhx": 606, "noy": 371, "share_in_municipality": 0.0}, "geometry": {"type": "Polygon", "coordinates": [[[5.51901, 52.25396], [5.53365, 52.25395], [5.53368, 52.26294], [5.51904, 52.26295], [5.51901, 52.25396]]]}}, {"type": "Feature", "properties": {"ntot": 1163, "nhx": 849, "noy": 314, "share_in_municipality": 0.0}, "geometry": {"type": "Polygon", "coordinates": [[[5.53365, 52.25395], [5.5483, 52.25393], [5.54833, 52.26292], [5.53368, 52.26294], [5.53365, 52.25395]]]}}, {"type": "Feature", "properties": {"ntot": 1134, "nhx": 824, "noy": 310, "share_in_municipality": 0.0}, "geometry": {"type": "Polygon", "coordinates": [[[5.5483, 52.25393], [5.56294, 52.25391], [5.56298, 52.2629], [5.54833, 52.26292], [5.5483, 52.25393]]]}}, {"type": "Feature", "properties": {"ntot": 1281, "nhx": 971, "noy": 310, "share_in_municipality": 0.0}, "geometry": {"type": "Polygon", "coordinates": [[[5.56294, 52.25391], [5.57759, 52.25388], [5.57763, 52.26287], [5.56298, 52.2629], [5.56294, 52.25391]]]}}, {"type": "Feature", "properties": {"ntot": 1453, "nhx": 1129, "noy": 324, "share_in_municipality": 0.0}, "geometry": {"type": "Polygon", "coordinates": [[[5.57759, 52.25388], [5.59223, 52.25386], [5.59228, 52.26285], [5.57763, 52.26287], [5.57759, 52.25388]]]}}, {"type": "Feature", "properties": {"ntot": 1859, "nhx": 1450, "noy": 409, "share_in_municipality": 0.0}, "geometry": {"type": "Polygon", "coordinates": [[[5.59223, 52.25386], [5.60688, 52.25383], [5.60692, 52.26282], [5.59228, 52.26285], [5.59223, 52.25386]]]}}, {"type": "Feature", "properties": {"ntot": 1667, "nhx": 1276, "noy": 391, "share_in_municipality": 0.0}, "geometry": {"type": "Polygon", "coordinates": [[[5.60688, 52.25383], [5.62152, 52.25381], [5.62157, 52.26279], [5.60692, 52.26282], [5.60688, 52.25383]]]}}, {"type": "Feature", "properties": {"ntot": 1614, "nhx": 1163, "noy": 451, "share_in_municipality": 0.0}, "geometry": {"type": "Polygon", "coordinates": [[[5.62152, 52.25381], [5.63617, 52.25378], [5.63622, 52.26276], [5.62157, 52.26279], [5.62152, 52.25381]]]}}, {"type": "Feature", "properties": {"ntot": 1611, "nhx": 1150, "noy": 461, "share_in_municipality": 0.0}, "geometry": {"type": "Polygon", "coordinates": [[[5.63617, 52.25378], [5.65081, 52.25374], [5.65087, 52.26273], [5.63622, 52.26276], [5.63617, 52.25378]]]}}, {"type": "Feature", "properties": {"ntot": 1578, "nhx": 1122, "noy": 456, "share_in_municipality": 0.0}, "geometry": {"type": "Polygon", "coordinates": [[[5.65081, 52.25374], [5.66546, 52.25371], [5.66551, 52.2627], [5.65087, 52.26273], [5.65081, 52.25374]]]}}, {"type": "Feature", "properties": {"ntot": 1563, "nhx": 1109, "noy": 454, "share_in_municipality": 0.0}, "geometry": {"type": "Polygon", "coordinates": [[[5.66546, 52.25371], [5.6801, 52.25368], [5.68016, 52.26266], [5.66551, 52.2627], [5.66546, 52.25371]]]}}, {"type": "Feature", "properties": {"ntot": 1574, "nhx": 1118, "noy": 456, "share_in_municipality": 0.0}, "geometry": {"type": "Polygon", "coordinates": [[[5.6801, 52.25368], [5.69475, 52.25364], [5.69481, 52.26263], [5.68016, 52.26266], [5.6801, 52.25368]]]}}, {"type": "Feature", "properties": {"ntot": 1612, "nhx": 1158, "noy": 454, "share_in_municipality": 0.0}, "geometry": {"type": "Polygon", "coordinates": [[[5.69475, 52.25364], [5.70939, 52.2536], [5.70946, 52.26259], [5.69481, 52.26263], [5.69475, 52.25364]]]}}, {"type": "Feature", "properties": {"ntot": 868, "nhx": 578, "noy": 291, "share_in_municipality": 0.0}, "geometry": {"type": "Polygon", "coordinates": [[[5.70939, 52.2536], [5.72404, 52.25356], [5.7241, 52.26255], [5.70946, 52.26259], [5.70939, 52.2536]]]}}, {"type": "Feature", "properties": {"ntot": 741, "nhx": 477, "noy": 264, "share_in_municipality": 0.0}, "geometry": {"type": "Polygon", "coordinates": [[[5.72404, 52.25356], [5.73868, 52.25352], [5.73875, 52.2625], [5.7241, 52.26255], [5.72404, 52.25356]]]}}, {"type": "Feature", "properties": {"ntot": 1014, "nhx": 690, "noy": 324, "share_in_municipality": 0.0}, "geometry": {"type": "Polygon", "coordinates": [[[5.73868, 52.25352], [5.75333, 52.25347], [5.7534, 52.26246], [5.73875, 52.2625], [5.73868, 52.25352]]]}}, {"type": "Feature", "properties": {"ntot": 990, "nhx": 685, "noy": 305, "share_in_municipality": 0.0}, "geometry": {"type": "Polygon", "coordinates": [[[5.75333, 52.25347], [5.76797, 52.25342], [5.76805, 52.26241], [5.7534, 52.26246], [5.75333, 52.25347]]]}}, {"type": "Feature", "properties": {"ntot": 1293, "nhx": 995, "noy": 298, "share_in_municipality": 0.0}, "geometry": {"type": "Polygon", "coordinates": [[[5.76797, 52.25342], [5.78262, 52.25338], [5.7827, 52.26236], [5.76805, 52.26241], [5.76797, 52.25342]]]}}, {"type": "Feature", "properties": {"ntot": 1159, "nhx": 833, "noy": 326, "share_in_municipality": 0.0}, "geometry": {"type": "Polygon", "coordinates": [[[5.78262, 52.25338], [5.79726, 52.25333], [5.79734, 52.26231], [5.7827, 52.26236], [5.78262, 52.25338]]]}}, {"type": "Feature", "properties": {"ntot": 1465, "nhx": 1028, "noy": 437, "share_in_municipality": 0.0}, "geometry": {"type": "Polygon", "coordinates": [[[5.79726, 52.25333], [5.8119, 52.25327], [5.81199, 52.26226], [5.79734, 52.26231], [5.79726, 52.25333]]]}}, {"type": "Feature", "properties": {"ntot": 1369, "nhx": 950, "noy": 419, "share_in_municipality": 0.0}, "geometry": {"type": "Polygon", "coordinates": [[[5.8119, 52.25327], [5.82655, 52.25322], [5.82664, 52.26221], [5.81199, 52.26226], [5.8119, 52.25327]]]}}, {"type": "Feature", "properties": {"ntot": 1463, "nhx": 1020, "noy": 443, "share_in_municipality": 0.0}, "geometry": {"type": "Polygon", "coordinates": [[[5.82655, 52.25322], [5.84119, 52.25317], [5.84128, 52.26215], [5.82664, 52.26221], [5.82655, 52.25322]]]}}, {"type": "Feature", "properties": {"ntot": 1445, "nhx": 1005, "noy": 440, "share_in_municipality": 0.0}, "geometry": {"type": "Polygon", "coordinates": [[[5.84119, 52.25317], [5.85584, 52.25311], [5.85593, 52.2621], [5.84128, 52.26215], [5.84119, 52.25317]]]}}, {"type": "Feature", "properties": {"ntot": 1496, "nhx": 1062, "noy": 434, "share_in_municipality": 0.0}, "geometry": {"type": "Polygon", "coordinates": [[[5.16748, 52.26282], [5.18213, 52.26285], [5.18209, 52.27184], [5.16744, 52.27181], [5.16748, 52.26282]]]}}, {"type": "Feature", "properties": {"ntot": 1487, "nhx": 1024, "noy": 463, "share_in_municipality": 0.0}, "geometry": {"type": "Polygon", "coordinates": [[[5.18213, 52.26285], [5.19678, 52.26287], [5.19674, 52.27186], [5.18209, 52.27184], [5.18213, 52.26285]]]}}, {"type": "Feature", "properties": {"ntot": 1282, "nhx": 780, "noy": 502, "share_in_municipality": 0.0}, "geometry": {"type": "Polygon", "coordinates": [[[5.19678, 52.26287], [5.21143, 52.2629], [5.21139, 52.27188], [5.19674, 52.27186], [5.19678, 52.26287]]]}}, {"type": "Feature", "properties": {"ntot": 1164, "nhx": 764, "noy": 400, "share_in_municipality": 0.0}, "geometry": {"type": "Polygon", "coordinates": [[[5.21143, 52.2629], [5.22608, 52.26292], [5.22604, 52.2719], [5.21139, 52.27188], [5.21143, 52.2629]]]}}, {"type": "Feature", "properties": {"ntot": 1046, "nhx": 702, "noy": 344, "share_in_municipality": 0.0}, "geometry": {"type": "Polygon", "coordinates": [[[5.22608, 52.26292], [5.24072, 52.26294], [5.24069, 52.27192], [5.22604, 52.2719], [5.22608, 52.26292]]]}}, {"type": "Feature", "properties": {"ntot": 966, "nhx": 624, "noy": 342, "share_in_municipality": 0.0}, "geometry": {"type": "Polygon", "coordinates": [[[5.24072, 52.26294], [5.25537, 52.26295], [5.25535, 52.27194], [5.24069, 52.27192], [5.24072, 52.26294]]]}}, {"type": "Feature", "properties": {"ntot": 892, "nhx": 499, "noy": 393, "share_in_municipality": 0.0}, "geometry": {"type": "Polygon", "coordinates": [[[5.25537, 52.26295], [5.27002, 52.26297], [5.27, 52.27196], [5.25535, 52.27194], [5.25537, 52.26295]]]}}, {"type": "Feature", "properties": {"ntot": 816, "nhx": 486, "noy": 330, "share_in_municipality": 0.0}, "geometry": {"type": "Polygon", "coordinates": [[[5.27002, 52.26297], [5.28467, 52.26298], [5.28465, 52.27197], [5.27, 52.27196], [5.27002, 52.26297]]]}}, {"type": "Feature", "properties": {"ntot": 788, "nhx": 468, "noy": 320, "share_in_municipality": 0.0}, "geometry": {"type": "Polygon", "coordinates": [[[5.28467, 52.26298], [5.29932, 52.26299], [5.2993, 52.27198], [5.28465, 52.27197], [5.28467, 52.26298]]]}}, {"type": "Feature", "properties": {"ntot": 785, "nhx": 486, "noy": 299, "share_in_municipality": 0.0}, "geometry": {"type": "Polygon", "coordinates": [[[5.29932, 52.26299], [5.31396, 52.263], [5.31395, 52.27199], [5.2993, 52.27198], [5.29932, 52.26299]]]}}, {"type": "Feature", "properties": {"ntot": 920, "nhx": 608, "noy": 312, "share_in_municipality": 0.0}, "geometry": {"type": "Polygon", "coordinates": [[[5.31396, 52.263], [5.32861, 52.26301], [5.3286, 52.272], [5.31395, 52.27199], [5.31396, 52.263]]]}}, {"type": "Feature", "properties": {"ntot": 902, "nhx": 601, "noy": 301, "share_in_municipality": 0.0}, "geometry": {"type": "Polygon", "coordinates": [[[5.32861, 52.26301], [5.34326, 52.26302], [5.34325, 52.27201], [5.3286, 52.272], [5.32861, 52.26301]]]}}, {"type": "Feature", "properties": {"ntot": 822, "nhx": 543, "noy": 280, "share_in_municipality": 0.0}, "geometry": {"type": "Polygon", "coordinates": [[[5.34326, 52.26302], [5.35791, 52.26302], [5.3579, 52.27201], [5.34325, 52.27201], [5.34326, 52.26302]]]}}, {"type": "Feature", "properties": {"ntot": 748, "nhx": 493, "noy": 255, "share_in_municipality": 0.0}, "geometry": {"type": "Polygon", "coordinates": [[[5.35791, 52.26302], [5.37256, 52.26303], [5.37255, 52.27201], [5.3579, 52.27201], [5.35791, 52.26302]]]}}, {"type": "Feature", "properties": {"ntot": 864, "nhx": 583, "noy": 281, "share_in_municipality": 0.0}, "geometry": {"type": "Polygon", "coordinates": [[[5.37256, 52.26303], [5.3872, 52.26303], [5.3872, 52.27201], [5.37255, 52.27201], [5.37256, 52.26303]]]}}, {"type": "Feature", "properties": {"ntot": 1188, "nhx": 830, "noy": 358, "share_in_municipality": 0.0}, "geometry": {"type": "Polygon", "coordinates": [[[5.3872, 52.26303], [5.40185, 52.26303], [5.40185, 52.27201], [5.3872, 52.27201], [5.3872, 52.26303]]]}}, {"type": "Feature", "properties": {"ntot": 1244, "nhx": 870, "noy": 374, "share_in_municipality": 0.0}, "geometry": {"type": "Polygon", "coordinates": [[[5.40185, 52.26303], [5.4165, 52.26302], [5.41651, 52.27201], [5.40185, 52.27201], [5.40185, 52.26303]]]}}, {"type": "Feature", "properties": {"ntot": 1431, "nhx": 992, "noy": 439, "share_in_municipality": 0.0}, "geometry": {"type": "Polygon", "coordinates": [[[5.4165, 52.26302], [5.43115, 52.26302], [5.43116, 52.27201], [5.41651, 52.27201], [5.4165, 52.26302]]]}}, {"type": "Feature", "properties": {"ntot": 1432, "nhx": 991, "noy": 441, "share_in_municipality": 0.0}, "geometry": {"type": "Polygon", "coordinates": [[[5.43115, 52.26302], [5.4458, 52.26301], [5.44581, 52.272], [5.43116, 52.27201], [5.43115, 52.26302]]]}}, {"type": "Feature", "properties": {"ntot": 1475, "nhx": 1021, "noy": 454, "share_in_municipality": 0.0}, "geometry": {"type": "Polygon", "coordinates": [[[5.4458, 52.26301], [5.46044, 52.263], [5.46046, 52.27199], [5.44581, 52.272], [5.4458, 52.26301]]]}}, {"type": "Feature", "properties": {"ntot": 1128, "nhx": 744, "noy": 383, "share_in_municipality": 0.022}, "geometry": {"type": "Polygon", "coordinates": [[[5.46044, 52.263], [5.47509, 52.26299], [5.47511, 52.27198], [5.46046, 52.27199], [5.46044, 52.263]]]}}, {"type": "Feature", "properties": {"ntot": 950, "nhx": 642, "noy": 308, "share_in_municipality": 0.008}, "geometry": {"type": "Polygon", "coordinates": [[[5.47509, 52.26299], [5.48974, 52.26298], [5.48976, 52.27197], [5.47511, 52.27198], [5.47509, 52.26299]]]}}, {"type": "Feature", "properties": {"ntot": 818, "nhx": 552, "noy": 266, "share_in_municipality": 0.0}, "geometry": {"type": "Polygon", "coordinates": [[[5.48974, 52.26298], [5.50439, 52.26297], [5.50441, 52.27196], [5.48976, 52.27197], [5.48974, 52.26298]]]}}, {"type": "Feature", "properties": {"ntot": 805, "nhx": 553, "noy": 253, "share_in_municipality": 0.0}, "geometry": {"type": "Polygon", "coordinates": [[[5.50439, 52.26297], [5.51904, 52.26295], [5.51906, 52.27194], [5.50441, 52.27196], [5.50439, 52.26297]]]}}, {"type": "Feature", "properties": {"ntot": 825, "nhx": 569, "noy": 256, "share_in_municipality": 0.0}, "geometry": {"type": "Polygon", "coordinates": [[[5.51904, 52.26295], [5.53368, 52.26294], [5.53371, 52.27192], [5.51906, 52.27194], [5.51904, 52.26295]]]}}, {"type": "Feature", "properties": {"ntot": 1129, "nhx": 762, "noy": 367, "share_in_municipality": 0.0}, "geometry": {"type": "Polygon", "coordinates": [[[5.53368, 52.26294], [5.54833, 52.26292], [5.54836, 52.2719], [5.53371, 52.27192], [5.53368, 52.26294]]]}}, {"type": "Feature", "properties": {"ntot": 1104, "nhx": 791, "noy": 313, "share_in_municipality": 0.0}, "geometry": {"type": "Polygon", "coordinates": [[[5.54833, 52.26292], [5.56298, 52.2629], [5.56301, 52.27188], [5.54836, 52.2719], [5.54833, 52.26292]]]}}, {"type": "Feature", "properties": {"ntot": 1514, "nhx": 1187, "noy": 327, "share_in_municipality": 0.0}, "geometry": {"type": "Polygon", "coordinates": [[[5.56298, 52.2629], [5.57763, 52.26287], [5.57767, 52.27186], [5.56301, 52.27188], [5.56298, 52.2629]]]}}, {"type": "Feature", "properties": {"ntot": 1726, "nhx": 1339, "noy": 387, "share_in_municipality": 0.0}, "geometry": {"type": "Polygon", "coordinates": [[[5.57763, 52.26287], [5.59228, 52.26285], [5.59232, 52.27184], [5.57767, 52.27186], [5.57763, 52.26287]]]}}, {"type": "Feature", "properties": {"ntot": 1236, "nhx": 878, "noy": 358, "share_in_municipality": 0.0}, "geometry": {"type": "Polygon", "coordinates": [[[5.59228, 52.26285], [5.60692, 52.26282], [5.60697, 52.27181], [5.59232, 52.27184], [5.59228, 52.26285]]]}}, {"type": "Feature", "properties": {"ntot": 1194, "nhx": 864, "noy": 330, "share_in_municipality": 0.0}, "geometry": {"type": "Polygon", "coordinates": [[[5.60692, 52.26282], [5.62157, 52.26279], [5.62162, 52.27178], [5.60697, 52.27181], [5.60692, 52.26282]]]}}, {"type": "Feature", "properties": {"ntot": 1618, "nhx": 1159, "noy": 459, "share_in_municipality": 0.0}, "geometry": {"type": "Polygon", "coordinates": [[[5.62157, 52.26279], [5.63622, 52.26276], [5.63627, 52.27175], [5.62162, 52.27178], [5.62157, 52.26279]]]}}, {"type": "Feature", "properties": {"ntot": 1588, "nhx": 1130, "noy": 458, "share_in_municipality": 0.0}, "geometry": {"type": "Polygon", "coordinates": [[[5.63622, 52.26276], [5.65087, 52.26273], [5.65092, 52.27172], [5.63627, 52.27175], [5.63622, 52.26276]]]}}, {"type": "Feature", "properties": {"ntot": 1571, "nhx": 1115, "noy": 456, "share_in_municipality": 0.0}, "geometry": {"type": "Polygon", "coordinates": [[[5.65087, 52.26273], [5.66551, 52.2627], [5.66557, 52.27169], [5.65092, 52.27172], [5.65087, 52.26273]]]}}, {"type": "Feature", "properties": {"ntot": 1484, "nhx": 1045, "noy": 439, "share_in_municipality": 0.0}, "geometry": {"type": "Polygon", "coordinates": [[[5.66551, 52.2627], [5.68016, 52.26266], [5.68022, 52.27165], [5.66557, 52.27169], [5.66551, 52.2627]]]}}, {"type": "Feature", "properties": {"ntot": 1544, "nhx": 1092, "noy": 452, "share_in_municipality": 0.0}, "geometry": {"type": "Polygon", "coordinates": [[[5.68016, 52.26266], [5.69481, 52.26263], [5.69487, 52.27161], [5.68022, 52.27165], [5.68016, 52.26266]]]}}, {"type": "Feature", "properties": {"ntot": 1234, "nhx": 889, "noy": 344, "share_in_municipality": 0.0}, "geometry": {"type": "Polygon", "coordinates": [[[5.69481, 52.26263], [5.70946, 52.26259], [5.70952, 52.27157], [5.69487, 52.27161], [5.69481, 52.26263]]]}}, {"type": "Feature", "properties": {"ntot": 959, "nhx": 647, "noy": 312, "share_in_municipality": 0.0}, "geometry": {"type": "Polygon", "coordinates": [[[5.70946, 52.26259], [5.7241, 52.26255], [5.72417, 52.27153], [5.70952, 52.27157], [5.70946, 52.26259]]]}}, {"type": "Feature", "properties": {"ntot": 831, "nhx": 539, "noy": 291, "share_in_municipality": 0.0}, "geometry": {"type": "Polygon", "coordinates": [[[5.7241, 52.26255], [5.73875, 52.2625], [5.73882, 52.27149], [5.72417, 52.27153], [5.7241, 52.26255]]]}}, {"type": "Feature", "properties": {"ntot": 1101, "nhx": 762, "noy": 339, "share_in_municipality": 0.0}, "geometry": {"type": "Polygon", "coordinates": [[[5.73875, 52.2625], [5.7534, 52.26246], [5.75347, 52.27145], [5.73882, 52.27149], [5.73875, 52.2625]]]}}, {"type": "Feature", "properties": {"ntot": 1054, "nhx": 745, "noy": 308, "share_in_municipality": 0.0}, "geometry": {"type": "Polygon", "coordinates": [[[5.7534, 52.26246], [5.76805, 52.26241], [5.76812, 52.2714], [5.75347, 52.27145], [5.7534, 52.26246]]]}}, {"type": "Feature", "properties": {"ntot": 1639, "nhx": 1319, "noy": 320, "share_in_municipality": 0.0}, "geometry": {"type": "Polygon", "coordinates": [[[5.76805, 52.26241], [5.7827, 52.26236], [5.78278, 52.27135], [5.76812, 52.2714], [5.76805, 52.26241]]]}}, {"type": "Feature", "properties": {"ntot": 1695, "nhx": 1238, "noy": 457, "share_in_municipality": 0.0}, "geometry": {"type": "Polygon", "coordinates": [[[5.7827, 52.26236], [5.79734, 52.26231], [5.79743, 52.2713], [5.78278, 52.27135], [5.7827, 52.26236]]]}}, {"type": "Feature", "properties": {"ntot": 1527, "nhx": 1081, "noy": 446, "share_in_municipality": 0.0}, "geometry": {"type": "Polygon", "coordinates": [[[5.79734, 52.26231], [5.81199, 52.26226], [5.81208, 52.27125], [5.79743, 52.2713], [5.79734, 52.26231]]]}}, {"type": "Feature", "properties": {"ntot": 1487, "nhx": 1043, "noy": 444, "share_in_municipality": 0.0}, "geometry": {"type": "Polygon", "coordinates": [[[5.81199, 52.26226], [5.82664, 52.26221], [5.82673, 52.2712], [5.81208, 52.27125], [5.81199, 52.26226]]]}}, {"type": "Feature", "properties": {"ntot": 1475, "nhx": 1032, "noy": 443, "share_in_municipality": 0.0}, "geometry": {"type": "Polygon", "coordinates": [[[5.82664, 52.26221], [5.84128, 52.26215], [5.84138, 52.27114], [5.82673, 52.2712], [5.82664, 52.26221]]]}}, {"type": "Feature", "properties": {"ntot": 1443, "nhx": 1005, "noy": 438, "share_in_municipality": 0.0}, "geometry": {"type": "Polygon", "coordinates": [[[5.84128, 52.26215], [5.85593, 52.2621], [5.85603, 52.27108], [5.84138, 52.27114], [5.84128, 52.26215]]]}}, {"type": "Feature", "properties": {"ntot": 1418, "nhx": 1008, "noy": 410, "share_in_municipality": 0.0}, "geometry": {"type": "Polygon", "coordinates": [[[5.16744, 52.27181], [5.18209, 52.27184], [5.18205, 52.28082], [5.1674, 52.2808], [5.16744, 52.27181]]]}}, {"type": "Feature", "properties": {"ntot": 1235, "nhx": 767, "noy": 468, "share_in_municipality": 0.0}, "geometry": {"type": "Polygon", "coordinates": [[[5.18209, 52.27184], [5.19674, 52.27186], [5.1967, 52.28085], [5.18205, 52.28082], [5.18209, 52.27184]]]}}, {"type": "Feature", "properties": {"ntot": 1461, "nhx": 951, "noy": 510, "share_in_municipality": 0.0}, "geometry": {"type": "Polygon", "coordinates": [[[5.19674, 52.27186], [5.21139, 52.27188], [5.21136, 52.28087], [5.1967, 52.28085], [5.19674, 52.27186]]]}}, {"type": "Feature", "properties": {"ntot": 971, "nhx": 599, "noy": 372, "share_in_municipality": 0.0}, "geometry": {"type": "Polygon", "coordinates": [[[5.21139, 52.27188], [5.22604, 52.2719], [5.22601, 52.28089], [5.21136, 52.28087], [5.21139, 52.27188]]]}}, {"type": "Feature", "properties": {"ntot": 1067, "nhx": 715, "noy": 352, "share_in_municipality": 0.0}, "geometry": {"type": "Polygon", "coordinates": [[[5.22604, 52.2719], [5.24069, 52.27192], [5.24067, 52.28091], [5.22601, 52.28089], [5.22604, 52.2719]]]}}, {"type": "Feature", "properties": {"ntot": 1067, "nhx": 713, "noy": 353, "share_in_municipality": 0.0}, "geometry": {"type": "Polygon", "coordinates": [[[5.24069, 52.27192], [5.25535, 52.27194], [5.25532, 52.28093], [5.24067, 52.28091], [5.24069, 52.27192]]]}}, {"type": "Feature", "properties": {"ntot": 948, "nhx": 546, "noy": 402, "share_in_municipality": 0.0}, "geometry": {"type": "Polygon", "coordinates": [[[5.25535, 52.27194], [5.27, 52.27196], [5.26997, 52.28094], [5.25532, 52.28093], [5.25535, 52.27194]]]}}, {"type": "Feature", "properties": {"ntot": 912, "nhx": 557, "noy": 355, "share_in_municipality": 0.0}, "geometry": {"type": "Polygon", "coordinates": [[[5.27, 52.27196], [5.28465, 52.27197], [5.28463, 52.28096], [5.26997, 52.28094], [5.27, 52.27196]]]}}, {"type": "Feature", "properties": {"ntot": 773, "nhx": 467, "noy": 306, "share_in_municipality": 0.0}, "geometry": {"type": "Polygon", "coordinates": [[[5.28465, 52.27197], [5.2993, 52.27198], [5.29928, 52.28097], [5.28463, 52.28096], [5.28465, 52.27197]]]}}, {"type": "Feature", "properties": {"ntot": 715, "nhx": 453, "noy": 262, "share_in_municipality": 0.0}, "geometry": {"type": "Polygon", "coordinates": [[[5.2993, 52.27198], [5.31395, 52.27199], [5.31393, 52.28098], [5.29928, 52.28097], [5.2993, 52.27198]]]}}, {"type": "Feature", "properties": {"ntot": 639, "nhx": 413, "noy": 226, "share_in_municipality": 0.0}, "geometry": {"type": "Polygon", "coordinates": [[[5.31395, 52.27199], [5.3286, 52.272], [5.32859, 52.28099], [5.31393, 52.28098], [5.31395, 52.27199]]]}}, {"type": "Feature", "properties": {"ntot": 630, "nhx": 409, "noy": 221, "share_in_municipality": 0.0}, "geometry": {"type": "Polygon", "coordinates": [[[5.3286, 52.272], [5.34325, 52.27201], [5.34324, 52.28099], [5.32859, 52.28099], [5.3286, 52.272]]]}}, {"type": "Feature", "properties": {"ntot": 614, "nhx": 400, "noy": 214, "share_in_municipality": 0.0}, "geometry": {"type": "Polygon", "coordinates": [[[5.34325, 52.27201], [5.3579, 52.27201], [5.3579, 52.281], [5.34324, 52.28099], [5.34325, 52.27201]]]}}, {"type": "Feature", "properties": {"ntot": 860, "nhx": 592, "noy": 268, "share_in_municipality": 0.0}, "geometry": {"type": "Polygon", "coordinates": [[[5.3579, 52.27201], [5.37255, 52.27201], [5.37255, 52.281], [5.3579, 52.281], [5.3579, 52.27201]]]}}, {"type": "Feature", "properties": {"ntot": 982, "nhx": 668, "noy": 314, "share_in_municipality": 0.0}, "geometry": {"type": "Polygon", "coordinates": [[[5.37255, 52.27201], [5.3872, 52.27201], [5.3872, 52.281], [5.37255, 52.281], [5.37255, 52.27201]]]}}, {"type": "Feature", "properties": {"ntot": 1016, "nhx": 709, "noy": 307, "share_in_municipality": 0.0}, "geometry": {"type": "Polygon", "coordinates": [[[5.3872, 52.27201], [5.40185, 52.27201], [5.40186, 52.281], [5.3872, 52.281], [5.3872, 52.27201]]]}}, {"type": "Feature", "properties": {"ntot": 937, "nhx": 637, "noy": 300, "share_in_municipality": 0.0}, "geometry": {"type": "Polygon", "coordinates": [[[5.40185, 52.27201], [5.41651, 52.27201], [5.41651, 52.281], [5.40186, 52.281], [5.40185, 52.27201]]]}}, {"type": "Feature", "properties": {"ntot": 1068, "nhx": 738, "noy": 330, "share_in_municipality": 0.0}, "geometry": {"type": "Polygon", "coordinates": [[[5.41651, 52.27201], [5.43116, 52.27201], [5.43117, 52.28099], [5.41651, 52.281], [5.41651, 52.27201]]]}}, {"type": "Feature", "properties": {"ntot": 1100, "nhx": 749, "noy": 351, "share_in_municipality": 0.0}, "geometry": {"type": "Polygon", "coordinates": [[[5.43116, 52.27201], [5.44581, 52.272], [5.44582, 52.28099], [5.43117, 52.28099], [5.43116, 52.27201]]]}}, {"type": "Feature", "properties": {"ntot": 1382, "nhx": 1002, "noy": 380, "share_in_municipality": 0.0}, "geometry": {"type": "Polygon", "coordinates": [[[5.44581, 52.272], [5.46046, 52.27199], [5.46047, 52.28098], [5.44582, 52.28099], [5.44581, 52.272]]]}}, {"type": "Feature", "properties": {"ntot": 996, "nhx": 658, "noy": 337, "share_in_municipality": 0.0}, "geometry": {"type": "Polygon", "coordinates": [[[5.46046, 52.27199], [5.47511, 52.27198], [5.47513, 52.28097], [5.46047, 52.28098], [5.46046, 52.27199]]]}}, {"type": "Feature", "properties": {"ntot": 1106, "nhx": 769, "noy": 337, "share_in_municipality": 0.0}, "geometry": {"type": "Polygon", "coordinates": [[[5.47511, 52.27198], [5.48976, 52.27197], [5.48978, 52.28096], [5.47513, 52.28097], [5.47511, 52.27198]]]}}, {"type": "Feature", "properties": {"ntot": 1102, "nhx": 766, "noy": 336, "share_in_municipality": 0.0}, "geometry": {"type": "Polygon", "coordinates": [[[5.48976, 52.27197], [5.50441, 52.27196], [5.50444, 52.28094], [5.48978, 52.28096], [5.48976, 52.27197]]]}}, {"type": "Feature", "properties": {"ntot": 1137, "nhx": 784, "noy": 353, "share_in_municipality": 0.0}, "geometry": {"type": "Polygon", "coordinates": [[[5.50441, 52.27196], [5.51906, 52.27194], [5.51909, 52.28093], [5.50444, 52.28094], [5.50441, 52.27196]]]}}, {"type": "Feature", "properties": {"ntot": 1139, "nhx": 814, "noy": 325, "share_in_municipality": 0.0}, "geometry": {"type": "Polygon", "coordinates": [[[5.51906, 52.27194], [5.53371, 52.27192], [5.53374, 52.28091], [5.51909, 52.28093], [5.51906, 52.27194]]]}}, {"type": "Feature", "properties": {"ntot": 1180, "nhx": 869, "noy": 311, "share_in_municipality": 0.0}, "geometry": {"type": "Polygon", "coordinates": [[[5.53371, 52.27192], [5.54836, 52.2719], [5.5484, 52.28089], [5.53374, 52.28091], [5.53371, 52.27192]]]}}, {"type": "Feature", "properties": {"ntot": 1116, "nhx": 802, "noy": 314, "share_in_municipality": 0.0}, "geometry": {"type": "Polygon", "coordinates": [[[5.54836, 52.2719], [5.56301, 52.27188], [5.56305, 52.28087], [5.5484, 52.28089], [5.54836, 52.2719]]]}}, {"type": "Feature", "properties": {"ntot": 1161, "nhx": 848, "noy": 313, "share_in_municipality": 0.0}, "geometry": {"type": "Polygon", "coordinates": [[[5.56301, 52.27188], [5.57767, 52.27186], [5.5777, 52.28085], [5.56305, 52.28087], [5.56301, 52.27188]]]}}, {"type": "Feature", "properties": {"ntot": 1129, "nhx": 806, "noy": 323, "share_in_municipality": 0.0}, "geometry": {"type": "Polygon", "coordinates": [[[5.57767, 52.27186], [5.59232, 52.27184], [5.59236, 52.28082], [5.5777, 52.28085], [5.57767, 52.27186]]]}}, {"type": "Feature", "properties": {"ntot": 1331, "nhx": 961, "noy": 370, "share_in_municipality": 0.0}, "geometry": {"type": "Polygon", "coordinates": [[[5.59232, 52.27184], [5.60697, 52.27181], [5.60701, 52.2808], [5.59236, 52.28082], [5.59232, 52.27184]]]}}, {"type": "Feature", "properties": {"ntot": 1470, "nhx": 1038, "noy": 432, "share_in_municipality": 0.0}, "geometry": {"type": "Polygon", "coordinates": [[[5.60697, 52.27181], [5.62162, 52.27178], [5.62167, 52.28077], [5.60701, 52.2808], [5.60697, 52.27181]]]}}, {"type": "Feature", "properties": {"ntot": 1552, "nhx": 1102, "noy": 450, "share_in_municipality": 0.0}, "geometry": {"type": "Polygon", "coordinates": [[[5.62162, 52.27178], [5.63627, 52.27175], [5.63632, 52.28074], [5.62167, 52.28077], [5.62162, 52.27178]]]}}, {"type": "Feature", "properties": {"ntot": 1610, "nhx": 1145, "noy": 465, "share_in_municipality": 0.0}, "geometry": {"type": "Polygon", "coordinates": [[[5.63627, 52.27175], [5.65092, 52.27172], [5.65097, 52.28071], [5.63632, 52.28074], [5.63627, 52.27175]]]}}, {"type": "Feature", "properties": {"ntot": 1579, "nhx": 1118, "noy": 461, "share_in_municipality": 0.0}, "geometry": {"type": "Polygon", "coordinates": [[[5.65092, 52.27172], [5.66557, 52.27169], [5.66563, 52.28067], [5.65097, 52.28071], [5.65092, 52.27172]]]}}, {"type": "Feature", "properties": {"ntot": 1351, "nhx": 943, "noy": 408, "share_in_municipality": 0.0}, "geometry": {"type": "Polygon", "coordinates": [[[5.66557, 52.27169], [5.68022, 52.27165], [5.68028, 52.28064], [5.66563, 52.28067], [5.66557, 52.27169]]]}}, {"type": "Feature", "properties": {"ntot": 1257, "nhx": 891, "noy": 366, "share_in_municipality": 0.0}, "geometry": {"type": "Polygon", "coordinates": [[[5.68022, 52.27165], [5.69487, 52.27161], [5.69493, 52.2806], [5.68028, 52.28064], [5.68022, 52.27165]]]}}, {"type": "Feature", "properties": {"ntot": 1089, "nhx": 754, "noy": 335, "share_in_municipality": 0.0}, "geometry": {"type": "Polygon", "coordinates": [[[5.69487, 52.27161], [5.70952, 52.27157], [5.70959, 52.28056], [5.69493, 52.2806], [5.69487, 52.27161]]]}}, {"type": "Feature", "properties": {"ntot": 1094, "nhx": 784, "noy": 310, "share_in_municipality": 0.0}, "geometry": {"type": "Polygon", "coordinates": [[[5.70952, 52.27157], [5.72417, 52.27153], [5.72424, 52.28052], [5.70959, 52.28056], [5.70952, 52.27157]]]}}, {"type": "Feature", "properties": {"ntot": 1120, "nhx": 775, "noy": 345, "share_in_municipality": 0.0}, "geometry": {"type": "Polygon", "coordinates": [[[5.72417, 52.27153], [5.73882, 52.27149], [5.73889, 52.28048], [5.72424, 52.28052], [5.72417, 52.27153]]]}}, {"type": "Feature", "properties": {"ntot": 1371, "nhx": 964, "noy": 407, "share_in_municipality": 0.0}, "geometry": {"type": "Polygon", "coordinates": [[[5.73882, 52.27149], [5.75347, 52.27145], [5.75355, 52.28043], [5.73889, 52.28048], [5.73882, 52.27149]]]}}, {"type": "Feature", "properties": {"ntot": 1013, "nhx": 698, "noy": 315, "share_in_municipality": 0.0}, "geometry": {"type": "Polygon", "coordinates": [[[5.75347, 52.27145], [5.76812, 52.2714], [5.7682, 52.28039], [5.75355, 52.28043], [5.75347, 52.27145]]]}}, {"type": "Feature", "properties": {"ntot": 930, "nhx": 642, "noy": 288, "share_in_municipality": 0.0}, "geometry": {"type": "Polygon", "coordinates": [[[5.76812, 52.2714], [5.78278, 52.27135], [5.78286, 52.28034], [5.7682, 52.28039], [5.76812, 52.2714]]]}}, {"type": "Feature", "properties": {"ntot": 1344, "nhx": 970, "noy": 374, "share_in_municipality": 0.0}, "geometry": {"type": "Polygon", "coordinates": [[[5.78278, 52.27135], [5.79743, 52.2713], [5.79751, 52.28029], [5.78286, 52.28034], [5.78278, 52.27135]]]}}, {"type": "Feature", "properties": {"ntot": 1469, "nhx": 1039, "noy": 430, "share_in_municipality": 0.0}, "geometry": {"type": "Polygon", "coordinates": [[[5.79743, 52.2713], [5.81208, 52.27125], [5.81216, 52.28024], [5.79751, 52.28029], [5.79743, 52.2713]]]}}, {"type": "Feature", "properties": {"ntot": 1505, "nhx": 1061, "noy": 444, "share_in_municipality": 0.0}, "geometry": {"type": "Polygon", "coordinates": [[[5.81208, 52.27125], [5.82673, 52.2712], [5.82682, 52.28018], [5.81216, 52.28024], [5.81208, 52.27125]]]}}, {"type": "Feature", "properties": {"ntot": 1457, "nhx": 1019, "noy": 438, "share_in_municipality": 0.0}, "geometry": {"type": "Polygon", "coordinates": [[[5.82673, 52.2712], [5.84138, 52.27114], [5.84147, 52.28013], [5.82682, 52.28018], [5.82673, 52.2712]]]}}, {"type": "Feature", "properties": {"ntot": 1439, "nhx": 1003, "noy": 436, "share_in_municipality": 0.0}, "geometry": {"type": "Polygon", "coordinates": [[[5.84138, 52.27114], [5.85603, 52.27108], [5.85612, 52.28007], [5.84147, 52.28013], [5.84138, 52.27114]]]}}, {"type": "Feature", "properties": {"ntot": 1038, "nhx": 699, "noy": 340, "share_in_municipality": 0.0}, "geometry": {"type": "Polygon", "coordinates": [[[5.1674, 52.2808], [5.18205, 52.28082], [5.18201, 52.28981], [5.16735, 52.28979], [5.1674, 52.2808]]]}}, {"type": "Feature", "properties": {"ntot": 1232, "nhx": 757, "noy": 475, "share_in_municipality": 0.0}, "geometry": {"type": "Polygon", "coordinates": [[[5.18205, 52.28082], [5.1967, 52.28085], [5.19667, 52.28984], [5.18201, 52.28981], [5.18205, 52.28082]]]}}, {"type": "Feature", "properties": {"ntot": 1220, "nhx": 808, "noy": 412, "share_in_municipality": 0.0}, "geometry": {"type": "Polygon", "coordinates": [[[5.1967, 52.28085], [5.21136, 52.28087], [5.21132, 52.28986], [5.19667, 52.28984], [5.1967, 52.28085]]]}}, {"type": "Feature", "properties": {"ntot": 1434, "nhx": 939, "noy": 495, "share_in_municipality": 0.0}, "geometry": {"type": "Polygon", "coordinates": [[[5.21136, 52.28087], [5.22601, 52.28089], [5.22598, 52.28988], [5.21132, 52.28986], [5.21136, 52.28087]]]}}, {"type": "Feature", "properties": {"ntot": 1204, "nhx": 802, "noy": 403, "share_in_municipality": 0.0}, "geometry": {"type": "Polygon", "coordinates": [[[5.22601, 52.28089], [5.24067, 52.28091], [5.24064, 52.2899], [5.22598, 52.28988], [5.22601, 52.28089]]]}}, {"type": "Feature", "properties": {"ntot": 1161, "nhx": 783, "noy": 379, "share_in_municipality": 0.0}, "geometry": {"type": "Polygon", "coordinates": [[[5.24067, 52.28091], [5.25532, 52.28093], [5.25529, 52.28992], [5.24064, 52.2899], [5.24067, 52.28091]]]}}, {"type": "Feature", "properties": {"ntot": 1438, "nhx": 993, "noy": 444, "share_in_municipality": 0.0}, "geometry": {"type": "Polygon", "coordinates": [[[5.25532, 52.28093], [5.26997, 52.28094], [5.26995, 52.28993], [5.25529, 52.28992], [5.25532, 52.28093]]]}}, {"type": "Feature", "properties": {"ntot": 1088, "nhx": 679, "noy": 409, "share_in_municipality": 0.0}, "geometry": {"type": "Polygon", "coordinates": [[[5.26997, 52.28094], [5.28463, 52.28096], [5.28461, 52.28995], [5.26995, 52.28993], [5.26997, 52.28094]]]}}, {"type": "Feature", "properties": {"ntot": 769, "nhx": 468, "noy": 301, "share_in_municipality": 0.0}, "geometry": {"type": "Polygon", "coordinates": [[[5.28463, 52.28096], [5.29928, 52.28097], [5.29926, 52.28996], [5.28461, 52.28995], [5.28463, 52.28096]]]}}, {"type": "Feature", "properties": {"ntot": 591, "nhx": 372, "noy": 219, "share_in_municipality": 0.0}, "geometry": {"type": "Polygon", "coordinates": [[[5.29928, 52.28097], [5.31393, 52.28098], [5.31392, 52.28997], [5.29926, 52.28996], [5.29928, 52.28097]]]}}, {"type": "Feature", "properties": {"ntot": 589, "nhx": 377, "noy": 212, "share_in_municipality": 0.0}, "geometry": {"type": "Polygon", "coordinates": [[[5.31393, 52.28098], [5.32859, 52.28099], [5.32858, 52.28998], [5.31392, 52.28997], [5.31393, 52.28098]]]}}, {"type": "Feature", "properties": {"ntot": 594, "nhx": 379, "noy": 215, "share_in_municipality": 0.0}, "geometry": {"type": "Polygon", "coordinates": [[[5.32859, 52.28099], [5.34324, 52.28099], [5.34323, 52.28998], [5.32858, 52.28998], [5.32859, 52.28099]]]}}, {"type": "Feature", "properties": {"ntot": 875, "nhx": 596, "noy": 279, "share_in_municipality": 0.0}, "geometry": {"type": "Polygon", "coordinates": [[[5.34324, 52.28099], [5.3579, 52.281], [5.35789, 52.28999], [5.34323, 52.28998], [5.34324, 52.28099]]]}}, {"type": "Feature", "properties": {"ntot": 1002, "nhx": 694, "noy": 309, "share_in_municipality": 0.0}, "geometry": {"type": "Polygon", "coordinates": [[[5.3579, 52.281], [5.37255, 52.281], [5.37255, 52.28999], [5.35789, 52.28999], [5.3579, 52.281]]]}}, {"type": "Feature", "properties": {"ntot": 828, "nhx": 538, "noy": 290, "share_in_municipality": 0.0}, "geometry": {"type": "Polygon", "coordinates": [[[5.37255, 52.281], [5.3872, 52.281], [5.3872, 52.28999], [5.37255, 52.28999], [5.37255, 52.281]]]}}, {"type": "Feature", "properties": {"ntot": 992, "nhx": 681, "noy": 310, "share_in_municipality": 0.0}, "geometry": {"type": "Polygon", "coordinates": [[[5.3872, 52.281], [5.40186, 52.281], [5.40186, 52.28999], [5.3872, 52.28999], [5.3872, 52.281]]]}}, {"type": "Feature", "properties": {"ntot": 1037, "nhx": 730, "noy": 307, "share_in_municipality": 0.0}, "geometry": {"type": "Polygon", "coordinates": [[[5.40186, 52.281], [5.41651, 52.281], [5.41652, 52.28999], [5.40186, 52.28999], [5.40186, 52.281]]]}}, {"type": "Feature", "properties": {"ntot": 1006, "nhx": 698, "noy": 308, "share_in_municipality": 0.0}, "geometry": {"type": "Polygon", "coordinates": [[[5.41651, 52.281], [5.43117, 52.28099], [5.43117, 52.28998], [5.41652, 52.28999], [5.41651, 52.281]]]}}, {"type": "Feature", "properties": {"ntot": 1001, "nhx": 697, "noy": 305, "share_in_municipality": 0.0}, "geometry": {"type": "Polygon", "coordinates": [[[5.43117, 52.28099], [5.44582, 52.28099], [5.44583, 52.28997], [5.43117, 52.28998], [5.43117, 52.28099]]]}}, {"type": "Feature", "properties": {"ntot": 966, "nhx": 648, "noy": 318, "share_in_municipality": 0.0}, "geometry": {"type": "Polygon", "coordinates": [[[5.44582, 52.28099], [5.46047, 52.28098], [5.46049, 52.28997], [5.44583, 52.28997], [5.44582, 52.28099]]]}}, {"type": "Feature", "properties": {"ntot": 1297, "nhx": 907, "noy": 391, "share_in_municipality": 0.0}, "geometry": {"type": "Polygon", "coordinates": [[[5.46047, 52.28098], [5.47513, 52.28097], [5.47515, 52.28996], [5.46049, 52.28997], [5.46047, 52.28098]]]}}, {"type": "Feature", "properties": {"ntot": 1446, "nhx": 1009, "noy": 437, "share_in_municipality": 0.0}, "geometry": {"type": "Polygon", "coordinates": [[[5.47513, 52.28097], [5.48978, 52.28096], [5.4898, 52.28994], [5.47515, 52.28996], [5.47513, 52.28097]]]}}, {"type": "Feature", "properties": {"ntot": 1446, "nhx": 1012, "noy": 434, "share_in_municipality": 0.0}, "geometry": {"type": "Polygon", "coordinates": [[[5.48978, 52.28096], [5.50444, 52.28094], [5.50446, 52.28993], [5.4898, 52.28994], [5.48978, 52.28096]]]}}, {"type": "Feature", "properties": {"ntot": 1106, "nhx": 773, "noy": 333, "share_in_municipality": 0.0}, "geometry": {"type": "Polygon", "coordinates": [[[5.50444, 52.28094], [5.51909, 52.28093], [5.51912, 52.28992], [5.50446, 52.28993], [5.50444, 52.28094]]]}}, {"type": "Feature", "properties": {"ntot": 1111, "nhx": 772, "noy": 339, "share_in_municipality": 0.0}, "geometry": {"type": "Polygon", "coordinates": [[[5.51909, 52.28093], [5.53374, 52.28091], [5.53377, 52.2899], [5.51912, 52.28992], [5.51909, 52.28093]]]}}, {"type": "Feature", "properties": {"ntot": 913, "nhx": 635, "noy": 278, "share_in_municipality": 0.0}, "geometry": {"type": "Polygon", "coordinates": [[[5.53374, 52.28091], [5.5484, 52.28089], [5.54843, 52.28988], [5.53377, 52.2899], [5.53374, 52.28091]]]}}, {"type": "Feature", "properties": {"ntot": 1475, "nhx": 1145, "noy": 330, "share_in_municipality": 0.0}, "geometry": {"type": "Polygon", "coordinates": [[[5.5484, 52.28089], [5.56305, 52.28087], [5.56309, 52.28986], [5.54843, 52.28988], [5.5484, 52.28089]]]}}, {"type": "Feature", "properties": {"ntot": 1267, "nhx": 966, "noy": 301, "share_in_municipality": 0.0}, "geometry": {"type": "Polygon", "coordinates": [[[5.56305, 52.28087], [5.5777, 52.28085], [5.57774, 52.28984], [5.56309, 52.28986], [5.56305, 52.28087]]]}}, {"type": "Feature", "properties": {"ntot": 1179, "nhx": 868, "noy": 310, "share_in_municipality": 0.0}, "geometry": {"type": "Polygon", "coordinates": [[[5.5777, 52.28085], [5.59236, 52.28082], [5.5924, 52.28981], [5.57774, 52.28984], [5.5777, 52.28085]]]}}, {"type": "Feature", "properties": {"ntot": 1165, "nhx": 822, "noy": 342, "share_in_municipality": 0.0}, "geometry": {"type": "Polygon", "coordinates": [[[5.59236, 52.28082], [5.60701, 52.2808], [5.60706, 52.28978], [5.5924, 52.28981], [5.59236, 52.28082]]]}}, {"type": "Feature", "properties": {"ntot": 1168, "nhx": 831, "noy": 336, "share_in_municipality": 0.0}, "geometry": {"type": "Polygon", "coordinates": [[[5.60701, 52.2808], [5.62167, 52.28077], [5.62171, 52.28976], [5.60706, 52.28978], [5.60701, 52.2808]]]}}, {"type": "Feature", "properties": {"ntot": 1592, "nhx": 1121, "noy": 471, "share_in_municipality": 0.0}, "geometry": {"type": "Polygon", "coordinates": [[[5.62167, 52.28077], [5.63632, 52.28074], [5.63637, 52.28973], [5.62171, 52.28976], [5.62167, 52.28077]]]}}, {"type": "Feature", "properties": {"ntot": 1444, "nhx": 1014, "noy": 430, "share_in_municipality": 0.0}, "geometry": {"type": "Polygon", "coordinates": [[[5.63632, 52.28074], [5.65097, 52.28071], [5.65103, 52.28969], [5.63637, 52.28973], [5.63632, 52.28074]]]}}, {"type": "Feature", "properties": {"ntot": 1525, "nhx": 1080, "noy": 445, "share_in_municipality": 0.0}, "geometry": {"type": "Polygon", "coordinates": [[[5.65097, 52.28071], [5.66563, 52.28067], [5.66568, 52.28966], [5.65103, 52.28969], [5.65097, 52.28071]]]}}, {"type": "Feature", "properties": {"ntot": 843, "nhx": 552, "noy": 291, "share_in_municipality": 0.0}, "geometry": {"type": "Polygon", "coordinates": [[[5.66563, 52.28067], [5.68028, 52.28064], [5.68034, 52.28963], [5.66568, 52.28966], [5.66563, 52.28067]]]}}, {"type": "Feature", "properties": {"ntot": 1017, "nhx": 678, "noy": 339, "share_in_municipality": 0.0}, "geometry": {"type": "Polygon", "coordinates": [[[5.68028, 52.28064], [5.69493, 52.2806], [5.695, 52.28959], [5.68034, 52.28963], [5.68028, 52.28064]]]}}, {"type": "Feature", "properties": {"ntot": 1241, "nhx": 867, "noy": 374, "share_in_municipality": 0.0}, "geometry": {"type": "Polygon", "coordinates": [[[5.69493, 52.2806], [5.70959, 52.28056], [5.70965, 52.28955], [5.695, 52.28959], [5.69493, 52.2806]]]}}, {"type": "Feature", "properties": {"ntot": 1183, "nhx": 841, "noy": 342, "share_in_municipality": 0.0}, "geometry": {"type": "Polygon", "coordinates": [[[5.70959, 52.28056], [5.72424, 52.28052], [5.72431, 52.28951], [5.70965, 52.28955], [5.70959, 52.28056]]]}}, {"type": "Feature", "properties": {"ntot": 1114, "nhx": 780, "noy": 334, "share_in_municipality": 0.0}, "geometry": {"type": "Polygon", "coordinates": [[[5.72424, 52.28052], [5.73889, 52.28048], [5.73897, 52.28947], [5.72431, 52.28951], [5.72424, 52.28052]]]}}, {"type": "Feature", "properties": {"ntot": 1198, "nhx": 846, "noy": 352, "share_in_municipality": 0.0}, "geometry": {"type": "Polygon", "coordinates": [[[5.73889, 52.28048], [5.75355, 52.28043], [5.75362, 52.28942], [5.73897, 52.28947], [5.73889, 52.28048]]]}}, {"type": "Feature", "properties": {"ntot": 957, "nhx": 650, "noy": 307, "share_in_municipality": 0.0}, "geometry": {"type": "Polygon", "coordinates": [[[5.75355, 52.28043], [5.7682, 52.28039], [5.76828, 52.28937], [5.75362, 52.28942], [5.75355, 52.28043]]]}}, {"type": "Feature", "properties": {"ntot": 954, "nhx": 657, "noy": 296, "share_in_municipality": 0.0}, "geometry": {"type": "Polygon", "coordinates": [[[5.7682, 52.28039], [5.78286, 52.28034], [5.78294, 52.28933], [5.76828, 52.28937], [5.7682, 52.28039]]]}}, {"type": "Feature", "properties": {"ntot": 1235, "nhx": 885, "noy": 350, "share_in_municipality": 0.0}, "geometry": {"type": "Polygon", "coordinates": [[[5.78286, 52.28034], [5.79751, 52.28029], [5.79759, 52.28928], [5.78294, 52.28933], [5.78286, 52.28034]]]}}, {"type": "Feature", "properties": {"ntot": 1508, "nhx": 1068, "noy": 440, "share_in_municipality": 0.0}, "geometry": {"type": "Polygon", "coordinates": [[[5.79751, 52.28029], [5.81216, 52.28024], [5.81225, 52.28922], [5.79759, 52.28928], [5.79751, 52.28029]]]}}, {"type": "Feature", "properties": {"ntot": 1477, "nhx": 1039, "noy": 438, "share_in_municipality": 0.0}, "geometry": {"type": "Polygon", "coordinates": [[[5.81216, 52.28024], [5.82682, 52.28018], [5.8269, 52.28917], [5.81225, 52.28922], [5.81216, 52.28024]]]}}, {"type": "Feature", "properties": {"ntot": 1376, "nhx": 957, "noy": 420, "share_in_municipality": 0.0}, "geometry": {"type": "Polygon", "coordinates": [[[5.82682, 52.28018], [5.84147, 52.28013], [5.84156, 52.28912], [5.8269, 52.28917], [5.82682, 52.28018]]]}}, {"type": "Feature", "properties": {"ntot": 1380, "nhx": 958, "noy": 422, "share_in_municipality": 0.0}, "geometry": {"type": "Polygon", "coordinates": [[[5.84147, 52.28013], [5.85612, 52.28007], [5.85622, 52.28906], [5.84156, 52.28912], [5.84147, 52.28013]]]}}, {"type": "Feature", "properties": {"ntot": 1057, "nhx": 633, "noy": 424, "share_in_municipality": 0.0}, "geometry": {"type": "Polygon", "coordinates": [[[5.16735, 52.28979], [5.18201, 52.28981], [5.18197, 52.2988], [5.16731, 52.29877], [5.16735, 52.28979]]]}}, {"type": "Feature", "properties": {"ntot": 1146, "nhx": 751, "noy": 396, "share_in_municipality": 0.0}, "geometry": {"type": "Polygon", "coordinates": [[[5.18201, 52.28981], [5.19667, 52.28984], [5.19663, 52.29882], [5.18197, 52.2988], [5.18201, 52.28981]]]}}, {"type": "Feature", "properties": {"ntot": 1068, "nhx": 686, "noy": 382, "share_in_municipality": 0.0}, "geometry": {"type": "Polygon", "coordinates": [[[5.19667, 52.28984], [5.21132, 52.28986], [5.21129, 52.29885], [5.19663, 52.29882], [5.19667, 52.28984]]]}}, {"type": "Feature", "properties": {"ntot": 1076, "nhx": 712, "noy": 364, "share_in_municipality": 0.0}, "geometry": {"type": "Polygon", "coordinates": [[[5.21132, 52.28986], [5.22598, 52.28988], [5.22595, 52.29887], [5.21129, 52.29885], [5.21132, 52.28986]]]}}, {"type": "Feature", "properties": {"ntot": 1390, "nhx": 985, "noy": 406, "share_in_municipality": 0.0}, "geometry": {"type": "Polygon", "coordinates": [[[5.22598, 52.28988], [5.24064, 52.2899], [5.24061, 52.29889], [5.22595, 52.29887], [5.22598, 52.28988]]]}}, {"type": "Feature", "properties": {"ntot": 1518, "nhx": 1094, "noy": 424, "share_in_municipality": 0.0}, "geometry": {"type": "Polygon", "coordinates": [[[5.24064, 52.2899], [5.25529, 52.28992], [5.25527, 52.2989], [5.24061, 52.29889], [5.24064, 52.2899]]]}}, {"type": "Feature", "properties": {"ntot": 1517, "nhx": 1091, "noy": 426, "share_in_municipality": 0.0}, "geometry": {"type": "Polygon", "coordinates": [[[5.25529, 52.28992], [5.26995, 52.28993], [5.26993, 52.29892], [5.25527, 52.2989], [5.25529, 52.28992]]]}}, {"type": "Feature", "properties": {"ntot": 1073, "nhx": 744, "noy": 329, "share_in_municipality": 0.0}, "geometry": {"type": "Polygon", "coordinates": [[[5.26995, 52.28993], [5.28461, 52.28995], [5.28459, 52.29893], [5.26993, 52.29892], [5.26995, 52.28993]]]}}, {"type": "Feature", "properties": {"ntot": 867, "nhx": 541, "noy": 326, "share_in_municipality": 0.0}, "geometry": {"type": "Polygon", "coordinates": [[[5.28461, 52.28995], [5.29926, 52.28996], [5.29925, 52.29894], [5.28459, 52.29893], [5.28461, 52.28995]]]}}, {"type": "Feature", "properties": {"ntot": 653, "nhx": 410, "noy": 243, "share_in_municipality": 0.0}, "geometry": {"type": "Polygon", "coordinates": [[[5.29926, 52.28996], [5.31392, 52.28997], [5.3139, 52.29895], [5.29925, 52.29894], [5.29926, 52.28996]]]}}, {"type": "Feature", "properties": {"ntot": 860, "nhx": 567, "noy": 293, "share_in_municipality": 0.0}, "geometry": {"type": "Polygon", "coordinates": [[[5.31392, 52.28997], [5.32858, 52.28998], [5.32856, 52.29896], [5.3139, 52.29895], [5.31392, 52.28997]]]}}, {"type": "Feature", "properties": {"ntot": 884, "nhx": 603, "noy": 280, "share_in_municipality": 0.0}, "geometry": {"type": "Polygon", "coordinates": [[[5.32858, 52.28998], [5.34323, 52.28998], [5.34322, 52.29897], [5.32856, 52.29896], [5.32858, 52.28998]]]}}, {"type": "Feature", "properties": {"ntot": 1026, "nhx": 710, "noy": 317, "share_in_municipality": 0.0}, "geometry": {"type": "Polygon", "coordinates": [[[5.34323, 52.28998], [5.35789, 52.28999], [5.35788, 52.29897], [5.34322, 52.29897], [5.34323, 52.28998]]]}}, {"type": "Feature", "properties": {"ntot": 942, "nhx": 634, "noy": 308, "share_in_municipality": 0.0}, "geometry": {"type": "Polygon", "coordinates": [[[5.35789, 52.28999], [5.37255, 52.28999], [5.37254, 52.29898], [5.35788, 52.29897], [5.35789, 52.28999]]]}}, {"type": "Feature", "properties": {"ntot": 947, "nhx": 642, "noy": 306, "share_in_municipality": 0.0}, "geometry": {"type": "Polygon", "coordinates": [[[5.37255, 52.28999], [5.3872, 52.28999], [5.3872, 52.29898], [5.37254, 52.29898], [5.37255, 52.28999]]]}}, {"type": "Feature", "properties": {"ntot": 1071, "nhx": 763, "noy": 309, "share_in_municipality": 0.0}, "geometry": {"type": "Polygon", "coordinates": [[[5.3872, 52.28999], [5.40186, 52.28999], [5.40186, 52.29898], [5.3872, 52.29898], [5.3872, 52.28999]]]}}, {"type": "Feature", "properties": {"ntot": 1054, "nhx": 744, "noy": 310, "share_in_municipality": 0.0}, "geometry": {"type": "Polygon", "coordinates": [[[5.40186, 52.28999], [5.41652, 52.28999], [5.41652, 52.29897], [5.40186, 52.29898], [5.40186, 52.28999]]]}}, {"type": "Feature", "properties": {"ntot": 1020, "nhx": 710, "noy": 310, "share_in_municipality": 0.0}, "geometry": {"type": "Polygon", "coordinates": [[[5.41652, 52.28999], [5.43117, 52.28998], [5.43118, 52.29897], [5.41652, 52.29897], [5.41652, 52.28999]]]}}, {"type": "Feature", "properties": {"ntot": 1041, "nhx": 731, "noy": 310, "share_in_municipality": 0.0}, "geometry": {"type": "Polygon", "coordinates": [[[5.43117, 52.28998], [5.44583, 52.28997], [5.44584, 52.29896], [5.43118, 52.29897], [5.43117, 52.28998]]]}}, {"type": "Feature", "properties": {"ntot": 1088, "nhx": 738, "noy": 350, "share_in_municipality": 0.0}, "geometry": {"type": "Polygon", "coordinates": [[[5.44583, 52.28997], [5.46049, 52.28997], [5.4605, 52.29895], [5.44584, 52.29896], [5.44583, 52.28997]]]}}, {"type": "Feature", "properties": {"ntot": 1520, "nhx": 1062, "noy": 458, "share_in_municipality": 0.0}, "geometry": {"type": "Polygon", "coordinates": [[[5.46049, 52.28997], [5.47515, 52.28996], [5.47516, 52.29894], [5.4605, 52.29895], [5.46049, 52.28997]]]}}, {"type": "Feature", "properties": {"ntot": 1414, "nhx": 981, "noy": 433, "share_in_municipality": 0.0}, "geometry": {"type": "Polygon", "coordinates": [[[5.47515, 52.28996], [5.4898, 52.28994], [5.48982, 52.29893], [5.47516, 52.29894], [5.47515, 52.28996]]]}}, {"type": "Feature", "properties": {"ntot": 1479, "nhx": 1034, "noy": 445, "share_in_municipality": 0.0}, "geometry": {"type": "Polygon", "coordinates": [[[5.4898, 52.28994], [5.50446, 52.28993], [5.50448, 52.29892], [5.48982, 52.29893], [5.4898, 52.28994]]]}}, {"type": "Feature", "properties": {"ntot": 1315, "nhx": 932, "noy": 382, "share_in_municipality": 0.0}, "geometry": {"type": "Polygon", "coordinates": [[[5.50446, 52.28993], [5.51912, 52.28992], [5.51914, 52.2989], [5.50448, 52.29892], [5.50446, 52.28993]]]}}, {"type": "Feature", "properties": {"ntot": 1496, "nhx": 1054, "noy": 442, "share_in_municipality": 0.0}, "geometry": {"type": "Polygon", "coordinates": [[[5.51912, 52.28992], [5.53377, 52.2899], [5.5338, 52.29889], [5.51914, 52.2989], [5.51912, 52.28992]]]}}, {"type": "Feature", "properties": {"ntot": 980, "nhx": 688, "noy": 292, "share_in_municipality": 0.0}, "geometry": {"type": "Polygon", "coordinates": [[[5.53377, 52.2899], [5.54843, 52.28988], [5.54846, 52.29887], [5.5338, 52.29889], [5.53377, 52.2899]]]}}, {"type": "Feature", "properties": {"ntot": 1029, "nhx": 681, "noy": 348, "share_in_municipality": 0.0}, "geometry": {"type": "Polygon", "coordinates": [[[5.54843, 52.28988], [5.56309, 52.28986], [5.56312, 52.29885], [5.54846, 52.29887], [5.54843, 52.28988]]]}}, {"type": "Feature", "properties": {"ntot": 1078, "nhx": 771, "noy": 307, "share_in_municipality": 0.0}, "geometry": {"type": "Polygon", "coordinates": [[[5.56309, 52.28986], [5.57774, 52.28984], [5.57778, 52.29882], [5.56312, 52.29885], [5.56309, 52.28986]]]}}, {"type": "Feature", "properties": {"ntot": 1166, "nhx": 859, "noy": 307, "share_in_municipality": 0.0}, "geometry": {"type": "Polygon", "coordinates": [[[5.57774, 52.28984], [5.5924, 52.28981], [5.59244, 52.2988], [5.57778, 52.29882], [5.57774, 52.28984]]]}}, {"type": "Feature", "properties": {"ntot": 1647, "nhx": 1257, "noy": 390, "share_in_municipality": 0.0}, "geometry": {"type": "Polygon", "coordinates": [[[5.5924, 52.28981], [5.60706, 52.28978], [5.6071, 52.29877], [5.59244, 52.2988], [5.5924, 52.28981]]]}}, {"type": "Feature", "properties": {"ntot": 1644, "nhx": 1251, "noy": 393, "share_in_municipality": 0.0}, "geometry": {"type": "Polygon", "coordinates": [[[5.60706, 52.28978], [5.62171, 52.28976], [5.62176, 52.29874], [5.6071, 52.29877], [5.60706, 52.28978]]]}}, {"type": "Feature", "properties": {"ntot": 1430, "nhx": 1045, "noy": 385, "share_in_municipality": 0.0}, "geometry": {"type": "Polygon", "coordinates": [[[5.62171, 52.28976], [5.63637, 52.28973], [5.63642, 52.29871], [5.62176, 52.29874], [5.62171, 52.28976]]]}}, {"type": "Feature", "properties": {"ntot": 1416, "nhx": 1008, "noy": 408, "share_in_municipality": 0.0}, "geometry": {"type": "Polygon", "coordinates": [[[5.63637, 52.28973], [5.65103, 52.28969], [5.65108, 52.29868], [5.63642, 52.29871], [5.63637, 52.28973]]]}}, {"type": "Feature", "properties": {"ntot": 1412, "nhx": 994, "noy": 417, "share_in_municipality": 0.0}, "geometry": {"type": "Polygon", "coordinates": [[[5.65103, 52.28969], [5.66568, 52.28966], [5.66574, 52.29865], [5.65108, 52.29868], [5.65103, 52.28969]]]}}, {"type": "Feature", "properties": {"ntot": 1052, "nhx": 717, "noy": 335, "share_in_municipality": 0.0}, "geometry": {"type": "Polygon", "coordinates": [[[5.66568, 52.28966], [5.68034, 52.28963], [5.6804, 52.29861], [5.66574, 52.29865], [5.66568, 52.28966]]]}}, {"type": "Feature", "properties": {"ntot": 1390, "nhx": 956, "noy": 434, "share_in_municipality": 0.0}, "geometry": {"type": "Polygon", "coordinates": [[[5.68034, 52.28963], [5.695, 52.28959], [5.69506, 52.29858], [5.6804, 52.29861], [5.68034, 52.28963]]]}}, {"type": "Feature", "properties": {"ntot": 1478, "nhx": 1039, "noy": 439, "share_in_municipality": 0.0}, "geometry": {"type": "Polygon", "coordinates": [[[5.695, 52.28959], [5.70965, 52.28955], [5.70972, 52.29854], [5.69506, 52.29858], [5.695, 52.28959]]]}}, {"type": "Feature", "properties": {"ntot": 1103, "nhx": 773, "noy": 330, "share_in_municipality": 0.0}, "geometry": {"type": "Polygon", "coordinates": [[[5.70965, 52.28955], [5.72431, 52.28951], [5.72438, 52.2985], [5.70972, 52.29854], [5.70965, 52.28955]]]}}, {"type": "Feature", "properties": {"ntot": 1140, "nhx": 814, "noy": 326, "share_in_municipality": 0.0}, "geometry": {"type": "Polygon", "coordinates": [[[5.72431, 52.28951], [5.73897, 52.28947], [5.73904, 52.29845], [5.72438, 52.2985], [5.72431, 52.28951]]]}}, {"type": "Feature", "properties": {"ntot": 1153, "nhx": 818, "noy": 335, "share_in_municipality": 0.0}, "geometry": {"type": "Polygon", "coordinates": [[[5.73897, 52.28947], [5.75362, 52.28942], [5.7537, 52.29841], [5.73904, 52.29845], [5.73897, 52.28947]]]}}, {"type": "Feature", "properties": {"ntot": 1207, "nhx": 862, "noy": 346, "share_in_municipality": 0.0}, "geometry": {"type": "Polygon", "coordinates": [[[5.75362, 52.28942], [5.76828, 52.28937], [5.76836, 52.29836], [5.7537, 52.29841], [5.75362, 52.28942]]]}}, {"type": "Feature", "properties": {"ntot": 1151, "nhx": 838, "noy": 313, "share_in_municipality": 0.0}, "geometry": {"type": "Polygon", "coordinates": [[[5.76828, 52.28937], [5.78294, 52.28933], [5.78302, 52.29831], [5.76836, 52.29836], [5.76828, 52.28937]]]}}, {"type": "Feature", "properties": {"ntot": 1618, "nhx": 1248, "noy": 370, "share_in_municipality": 0.0}, "geometry": {"type": "Polygon", "coordinates": [[[5.78294, 52.28933], [5.79759, 52.28928], [5.79767, 52.29826], [5.78302, 52.29831], [5.78294, 52.28933]]]}}, {"type": "Feature", "properties": {"ntot": 1397, "nhx": 986, "noy": 412, "share_in_municipality": 0.0}, "geometry": {"type": "Polygon", "coordinates": [[[5.79759, 52.28928], [5.81225, 52.28922], [5.81233, 52.29821], [5.79767, 52.29826], [5.79759, 52.28928]]]}}, {"type": "Feature", "properties": {"ntot": 1471, "nhx": 1035, "noy": 436, "share_in_municipality": 0.0}, "geometry": {"type": "Polygon", "coordinates": [[[5.81225, 52.28922], [5.8269, 52.28917], [5.82699, 52.29816], [5.81233, 52.29821], [5.81225, 52.28922]]]}}, {"type": "Feature", "properties": {"ntot": 1432, "nhx": 1001, "noy": 431, "share_in_municipality": 0.0}, "geometry": {"type": "Polygon", "coordinates": [[[5.8269, 52.28917], [5.84156, 52.28912], [5.84165, 52.2981], [5.82699, 52.29816], [5.8269, 52.28917]]]}}, {"type": "Feature", "properties": {"ntot": 1363, "nhx": 945, "noy": 418, "share_in_municipality": 0.0}, "geometry": {"type": "Polygon", "coordinates": [[[5.84156, 52.28912], [5.85622, 52.28906], [5.85631, 52.29805], [5.84165, 52.2981], [5.84156, 52.28912]]]}}, {"type": "Feature", "properties": {"ntot": 811, "nhx": 481, "noy": 330, "share_in_municipality": 0.0}, "geometry": {"type": "Polygon", "coordinates": [[[5.16731, 52.29877], [5.18197, 52.2988], [5.18193, 52.30779], [5.16726, 52.30776], [5.16731, 52.29877]]]}}, {"type": "Feature", "properties": {"ntot": 1033, "nhx": 662, "noy": 371, "share_in_municipality": 0.0}, "geometry": {"type": "Polygon", "coordinates": [[[5.18197, 52.2988], [5.19663, 52.29882], [5.19659, 52.30781], [5.18193, 52.30779], [5.18197, 52.2988]]]}}, {"type": "Feature", "properties": {"ntot": 1201, "nhx": 797, "noy": 404, "share_in_municipality": 0.0}, "geometry": {"type": "Polygon", "coordinates": [[[5.19663, 52.29882], [5.21129, 52.29885], [5.21125, 52.30783], [5.19659, 52.30781], [5.19663, 52.29882]]]}}, {"type": "Feature", "properties": {"ntot": 1212, "nhx": 814, "noy": 398, "share_in_municipality": 0.0}, "geometry": {"type": "Polygon", "coordinates": [[[5.21129, 52.29885], [5.22595, 52.29887], [5.22591, 52.30786], [5.21125, 52.30783], [5.21129, 52.29885]]]}}, {"type": "Feature", "properties": {"ntot": 1525, "nhx": 1080, "noy": 445, "share_in_municipality": 0.0}, "geometry": {"type": "Polygon", "coordinates": [[[5.22595, 52.29887], [5.24061, 52.29889], [5.24058, 52.30787], [5.22591, 52.30786], [5.22595, 52.29887]]]}}, {"type": "Feature", "properties": {"ntot": 1567, "nhx": 1131, "noy": 436, "share_in_municipality": 0.0}, "geometry": {"type": "Polygon", "coordinates": [[[5.24061, 52.29889], [5.25527, 52.2989], [5.25524, 52.30789], [5.24058, 52.30787], [5.24061, 52.29889]]]}}, {"type": "Feature", "properties": {"ntot": 1080, "nhx": 754, "noy": 326, "share_in_municipality": 0.0}, "geometry": {"type": "Polygon", "coordinates": [[[5.25527, 52.2989], [5.26993, 52.29892], [5.2699, 52.30791], [5.25524, 52.30789], [5.25527, 52.2989]]]}}, {"type": "Feature", "properties": {"ntot": 794, "nhx": 523, "noy": 272, "share_in_municipality": 0.0}, "geometry": {"type": "Polygon", "coordinates": [[[5.26993, 52.29892], [5.28459, 52.29893], [5.28456, 52.30792], [5.2699, 52.30791], [5.26993, 52.29892]]]}}, {"type": "Feature", "properties": {"ntot": 578, "nhx": 354, "noy": 224, "share_in_municipality": 0.0}, "geometry": {"type": "Polygon", "coordinates": [[[5.28459, 52.29893], [5.29925, 52.29894], [5.29923, 52.30793], [5.28456, 52.30792], [5.28459, 52.29893]]]}}, {"type": "Feature", "properties": {"ntot": 821, "nhx": 516, "noy": 304, "share_in_municipality": 0.0}, "geometry": {"type": "Polygon", "coordinates": [[[5.29925, 52.29894], [5.3139, 52.29895], [5.31389, 52.30794], [5.29923, 52.30793], [5.29925, 52.29894]]]}}, {"type": "Feature", "properties": {"ntot": 949, "nhx": 604, "noy": 346, "share_in_municipality": 0.0}, "geometry": {"type": "Polygon", "coordinates": [[[5.3139, 52.29895], [5.32856, 52.29896], [5.32855, 52.30795], [5.31389, 52.30794], [5.3139, 52.29895]]]}}, {"type": "Feature", "properties": {"ntot": 1117, "nhx": 772, "noy": 345, "share_in_municipality": 0.0}, "geometry": {"type": "Polygon", "coordinates": [[[5.32856, 52.29896], [5.34322, 52.29897], [5.34322, 52.30796], [5.32855, 52.30795], [5.32856, 52.29896]]]}}, {"type": "Feature", "properties": {"ntot": 1001, "nhx": 688, "noy": 313, "share_in_municipality": 0.0}, "geometry": {"type": "Polygon", "coordinates": [[[5.34322, 52.29897], [5.35788, 52.29897], [5.35788, 52.30796], [5.34322, 52.30796], [5.34322, 52.29897]]]}}, {"type": "Feature", "properties": {"ntot": 926, "nhx": 624, "noy": 303, "share_in_municipality": 0.0}, "geometry": {"type": "Polygon", "coordinates": [[[5.35788, 52.29897], [5.37254, 52.29898], [5.37254, 52.30796], [5.35788, 52.30796], [5.35788, 52.29897]]]}}, {"type": "Feature", "properties": {"ntot": 1045, "nhx": 735, "noy": 310, "share_in_municipality": 0.0}, "geometry": {"type": "Polygon", "coordinates": [[[5.37254, 52.29898], [5.3872, 52.29898], [5.3872, 52.30796], [5.37254, 52.30796], [5.37254, 52.29898]]]}}, {"type": "Feature", "properties": {"ntot": 1198, "nhx": 890, "noy": 308, "share_in_municipality": 0.0}, "geometry": {"type": "Polygon", "coordinates": [[[5.3872, 52.29898], [5.40186, 52.29898], [5.40187, 52.30796], [5.3872, 52.30796], [5.3872, 52.29898]]]}}, {"type": "Feature", "properties": {"ntot": 1100, "nhx": 792, "noy": 308, "share_in_municipality": 0.0}, "geometry": {"type": "Polygon", "coordinates": [[[5.40186, 52.29898], [5.41652, 52.29897], [5.41653, 52.30796], [5.40187, 52.30796], [5.40186, 52.29898]]]}}, {"type": "Feature", "properties": {"ntot": 992, "nhx": 686, "noy": 306, "share_in_municipality": 0.0}, "geometry": {"type": "Polygon", "coordinates": [[[5.41652, 52.29897], [5.43118, 52.29897], [5.43119, 52.30796], [5.41653, 52.30796], [5.41652, 52.29897]]]}}, {"type": "Feature", "properties": {"ntot": 1071, "nhx": 763, "noy": 308, "share_in_municipality": 0.0}, "geometry": {"type": "Polygon", "coordinates": [[[5.43118, 52.29897], [5.44584, 52.29896], [5.44586, 52.30795], [5.43119, 52.30796], [5.43118, 52.29897]]]}}, {"type": "Feature", "properties": {"ntot": 1257, "nhx": 871, "noy": 386, "share_in_municipality": 0.0}, "geometry": {"type": "Polygon", "coordinates": [[[5.44584, 52.29896], [5.4605, 52.29895], [5.46052, 52.30794], [5.44586, 52.30795], [5.44584, 52.29896]]]}}, {"type": "Feature", "properties": {"ntot": 1382, "nhx": 959, "noy": 423, "share_in_municipality": 0.0}, "geometry": {"type": "Polygon", "coordinates": [[[5.4605, 52.29895], [5.47516, 52.29894], [5.47518, 52.30793], [5.46052, 52.30794], [5.4605, 52.29895]]]}}, {"type": "Feature", "properties": {"ntot": 1392, "nhx": 963, "noy": 429, "share_in_municipality": 0.0}, "geometry": {"type": "Polygon", "coordinates": [[[5.47516, 52.29894], [5.48982, 52.29893], [5.48984, 52.30792], [5.47518, 52.30793], [5.47516, 52.29894]]]}}, {"type": "Feature", "properties": {"ntot": 1204, "nhx": 842, "noy": 362, "share_in_municipality": 0.0}, "geometry": {"type": "Polygon", "coordinates": [[[5.48982, 52.29893], [5.50448, 52.29892], [5.50451, 52.30791], [5.48984, 52.30792], [5.48982, 52.29893]]]}}, {"type": "Feature", "properties": {"ntot": 1423, "nhx": 987, "noy": 437, "share_in_municipality": 0.0}, "geometry": {"type": "Polygon", "coordinates": [[[5.50448, 52.29892], [5.51914, 52.2989], [5.51917, 52.30789], [5.50451, 52.30791], [5.50448, 52.29892]]]}}, {"type": "Feature", "properties": {"ntot": 1388, "nhx": 966, "noy": 422, "share_in_municipality": 0.0}, "geometry": {"type": "Polygon", "coordinates": [[[5.51914, 52.2989], [5.5338, 52.29889], [5.53383, 52.30787], [5.51917, 52.30789], [5.51914, 52.2989]]]}}, {"type": "Feature", "properties": {"ntot": 1118, "nhx": 786, "noy": 333, "share_in_municipality": 0.0}, "geometry": {"type": "Polygon", "coordinates": [[[5.5338, 52.29889], [5.54846, 52.29887], [5.54849, 52.30785], [5.53383, 52.30787], [5.5338, 52.29889]]]}}, {"type": "Feature", "properties": {"ntot": 926, "nhx": 619, "noy": 307, "share_in_municipality": 0.0}, "geometry": {"type": "Polygon", "coordinates": [[[5.54846, 52.29887], [5.56312, 52.29885], [5.56316, 52.30783], [5.54849, 52.30785], [5.54846, 52.29887]]]}}, {"type": "Feature", "properties": {"ntot": 1106, "nhx": 791, "noy": 316, "share_in_municipality": 0.0}, "geometry": {"type": "Polygon", "coordinates": [[[5.56312, 52.29885], [5.57778, 52.29882], [5.57782, 52.30781], [5.56316, 52.30783], [5.56312, 52.29885]]]}}, {"type": "Feature", "properties": {"ntot": 1069, "nhx": 763, "noy": 306, "share_in_municipality": 0.0}, "geometry": {"type": "Polygon", "coordinates": [[[5.57778, 52.29882], [5.59244, 52.2988], [5.59248, 52.30779], [5.57782, 52.30781], [5.57778, 52.29882]]]}}, {"type": "Feature", "properties": {"ntot": 1231, "nhx": 902, "noy": 329, "share_in_municipality": 0.0}, "geometry": {"type": "Polygon", "coordinates": [[[5.59244, 52.2988], [5.6071, 52.29877], [5.60715, 52.30776], [5.59248, 52.30779], [5.59244, 52.2988]]]}}, {"type": "Feature", "properties": {"ntot": 1369, "nhx": 1008, "noy": 361, "share_in_municipality": 0.0}, "geometry": {"type": "Polygon", "coordinates": [[[5.6071, 52.29877], [5.62176, 52.29874], [5.62181, 52.30773], [5.60715, 52.30776], [5.6071, 52.29877]]]}}, {"type": "Feature", "properties": {"ntot": 1468, "nhx": 1079, "noy": 389, "share_in_municipality": 0.0}, "geometry": {"type": "Polygon", "coordinates": [[[5.62176, 52.29874], [5.63642, 52.29871], [5.63647, 52.3077], [5.62181, 52.30773], [5.62176, 52.29874]]]}}, {"type": "Feature", "properties": {"ntot": 1520, "nhx": 1063, "noy": 457, "share_in_municipality": 0.0}, "geometry": {"type": "Polygon", "coordinates": [[[5.63642, 52.29871], [5.65108, 52.29868], [5.65113, 52.30767], [5.63647, 52.3077], [5.63642, 52.29871]]]}}, {"type": "Feature", "properties": {"ntot": 1503, "nhx": 1060, "noy": 443, "share_in_municipality": 0.0}, "geometry": {"type": "Polygon", "coordinates": [[[5.65108, 52.29868], [5.66574, 52.29865], [5.6658, 52.30764], [5.65113, 52.30767], [5.65108, 52.29868]]]}}, {"type": "Feature", "properties": {"ntot": 1540, "nhx": 1072, "noy": 468, "share_in_municipality": 0.0}, "geometry": {"type": "Polygon", "coordinates": [[[5.66574, 52.29865], [5.6804, 52.29861], [5.68046, 52.3076], [5.6658, 52.30764], [5.66574, 52.29865]]]}}, {"type": "Feature", "properties": {"ntot": 1239, "nhx": 861, "noy": 378, "share_in_municipality": 0.0}, "geometry": {"type": "Polygon", "coordinates": [[[5.6804, 52.29861], [5.69506, 52.29858], [5.69512, 52.30756], [5.68046, 52.3076], [5.6804, 52.29861]]]}}, {"type": "Feature", "properties": {"ntot": 1497, "nhx": 1051, "noy": 446, "share_in_municipality": 0.0}, "geometry": {"type": "Polygon", "coordinates": [[[5.69506, 52.29858], [5.70972, 52.29854], [5.70978, 52.30752], [5.69512, 52.30756], [5.69506, 52.29858]]]}}, {"type": "Feature", "properties": {"ntot": 1252, "nhx": 894, "noy": 358, "share_in_municipality": 0.0}, "geometry": {"type": "Polygon", "coordinates": [[[5.70972, 52.29854], [5.72438, 52.2985], [5.72445, 52.30748], [5.70978, 52.30752], [5.70972, 52.29854]]]}}, {"type": "Feature", "properties": {"ntot": 1180, "nhx": 833, "noy": 348, "share_in_municipality": 0.0}, "geometry": {"type": "Polygon", "coordinates": [[[5.72438, 52.2985], [5.73904, 52.29845], [5.73911, 52.30744], [5.72445, 52.30748], [5.72438, 52.2985]]]}}, {"type": "Feature", "properties": {"ntot": 1040, "nhx": 732, "noy": 308, "share_in_municipality": 0.0}, "geometry": {"type": "Polygon", "coordinates": [[[5.73904, 52.29845], [5.7537, 52.29841], [5.75377, 52.3074], [5.73911, 52.30744], [5.73904, 52.29845]]]}}, {"type": "Feature", "properties": {"ntot": 1101, "nhx": 790, "noy": 312, "share_in_municipality": 0.0}, "geometry": {"type": "Polygon", "coordinates": [[[5.7537, 52.29841], [5.76836, 52.29836], [5.76843, 52.30735], [5.75377, 52.3074], [5.7537, 52.29841]]]}}, {"type": "Feature", "properties": {"ntot": 1448, "nhx": 1036, "noy": 412, "share_in_municipality": 0.0}, "geometry": {"type": "Polygon", "coordinates": [[[5.76836, 52.29836], [5.78302, 52.29831], [5.7831, 52.3073], [5.76843, 52.30735], [5.76836, 52.29836]]]}}, {"type": "Feature", "properties": {"ntot": 1208, "nhx": 855, "noy": 353, "share_in_municipality": 0.0}, "geometry": {"type": "Polygon", "coordinates": [[[5.78302, 52.29831], [5.79767, 52.29826], [5.79776, 52.30725], [5.7831, 52.3073], [5.78302, 52.29831]]]}}, {"type": "Feature", "properties": {"ntot": 1369, "nhx": 970, "noy": 400, "share_in_municipality": 0.0}, "geometry": {"type": "Polygon", "coordinates": [[[5.79767, 52.29826], [5.81233, 52.29821], [5.81242, 52.3072], [5.79776, 52.30725], [5.79767, 52.29826]]]}}, {"type": "Feature", "properties": {"ntot": 1123, "nhx": 784, "noy": 338, "share_in_municipality": 0.0}, "geometry": {"type": "Polygon", "coordinates": [[[5.81233, 52.29821], [5.82699, 52.29816], [5.82708, 52.30715], [5.81242, 52.3072], [5.81233, 52.29821]]]}}, {"type": "Feature", "properties": {"ntot": 1400, "nhx": 976, "noy": 424, "share_in_municipality": 0.0}, "geometry": {"type": "Polygon", "coordinates": [[[5.82699, 52.29816], [5.84165, 52.2981], [5.84174, 52.30709], [5.82708, 52.30715], [5.82699, 52.29816]]]}}, {"type": "Feature", "properties": {"ntot": 1321, "nhx": 912, "noy": 408, "share_in_municipality": 0.0}, "geometry": {"type": "Polygon", "coordinates": [[[5.84165, 52.2981], [5.85631, 52.29805], [5.85641, 52.30703], [5.84174, 52.30709], [5.84165, 52.2981]]]}}, {"type": "Feature", "properties": {"ntot": 556, "nhx": 332, "noy": 224, "share_in_municipality": 0.0}, "geometry": {"type": "Polygon", "coordinates": [[[5.16726, 52.30776], [5.18193, 52.30779], [5.18188, 52.31677], [5.16722, 52.31675], [5.16726, 52.30776]]]}}, {"type": "Feature", "properties": {"ntot": 554, "nhx": 332, "noy": 222, "share_in_municipality": 0.0}, "geometry": {"type": "Polygon", "coordinates": [[[5.18193, 52.30779], [5.19659, 52.30781], [5.19655, 52.3168], [5.18188, 52.31677], [5.18193, 52.30779]]]}}, {"type": "Feature", "properties": {"ntot": 659, "nhx": 404, "noy": 255, "share_in_municipality": 0.0}, "geometry": {"type": "Polygon", "coordinates": [[[5.19659, 52.30781], [5.21125, 52.30783], [5.21122, 52.31682], [5.19655, 52.3168], [5.19659, 52.30781]]]}}, {"type": "Feature", "properties": {"ntot": 766, "nhx": 483, "noy": 283, "share_in_municipality": 0.0}, "geometry": {"type": "Polygon", "coordinates": [[[5.21125, 52.30783], [5.22591, 52.30786], [5.22588, 52.31684], [5.21122, 52.31682], [5.21125, 52.30783]]]}}, {"type": "Feature", "properties": {"ntot": 760, "nhx": 475, "noy": 285, "share_in_municipality": 0.0}, "geometry": {"type": "Polygon", "coordinates": [[[5.22591, 52.30786], [5.24058, 52.30787], [5.24055, 52.31686], [5.22588, 52.31684], [5.22591, 52.30786]]]}}, {"type": "Feature", "properties": {"ntot": 793, "nhx": 507, "noy": 287, "share_in_municipality": 0.0}, "geometry": {"type": "Polygon", "coordinates": [[[5.24058, 52.30787], [5.25524, 52.30789], [5.25521, 52.31688], [5.24055, 52.31686], [5.24058, 52.30787]]]}}, {"type": "Feature", "properties": {"ntot": 543, "nhx": 329, "noy": 214, "share_in_municipality": 0.0}, "geometry": {"type": "Polygon", "coordinates": [[[5.25524, 52.30789], [5.2699, 52.30791], [5.26988, 52.31689], [5.25521, 52.31688], [5.25524, 52.30789]]]}}, {"type": "Feature", "properties": {"ntot": 542, "nhx": 329, "noy": 214, "share_in_municipality": 0.0}, "geometry": {"type": "Polygon", "coordinates": [[[5.2699, 52.30791], [5.28456, 52.30792], [5.28454, 52.31691], [5.26988, 52.31689], [5.2699, 52.30791]]]}}, {"type": "Feature", "properties": {"ntot": 729, "nhx": 463, "noy": 267, "share_in_municipality": 0.0}, "geometry": {"type": "Polygon", "coordinates": [[[5.28456, 52.30792], [5.29923, 52.30793], [5.29921, 52.31692], [5.28454, 52.31691], [5.28456, 52.30792]]]}}, {"type": "Feature", "properties": {"ntot": 1084, "nhx": 753, "noy": 332, "share_in_municipality": 0.0}, "geometry": {"type": "Polygon", "coordinates": [[[5.29923, 52.30793], [5.31389, 52.30794], [5.31388, 52.31693], [5.29921, 52.31692], [5.29923, 52.30793]]]}}, {"type": "Feature", "properties": {"ntot": 1192, "nhx": 819, "noy": 372, "share_in_municipality": 0.0}, "geometry": {"type": "Polygon", "coordinates": [[[5.31389, 52.30794], [5.32855, 52.30795], [5.32854, 52.31694], [5.31388, 52.31693], [5.31389, 52.30794]]]}}, {"type": "Feature", "properties": {"ntot": 1009, "nhx": 640, "noy": 368, "share_in_municipality": 0.0}, "geometry": {"type": "Polygon", "coordinates": [[[5.32855, 52.30795], [5.34322, 52.30796], [5.34321, 52.31694], [5.32854, 52.31694], [5.32855, 52.30795]]]}}, {"type": "Feature", "properties": {"ntot": 1028, "nhx": 689, "noy": 338, "share_in_municipality": 0.0}, "geometry": {"type": "Polygon", "coordinates": [[[5.34322, 52.30796], [5.35788, 52.30796], [5.35787, 52.31695], [5.34321, 52.31694], [5.34322, 52.30796]]]}}, {"type": "Feature", "properties": {"ntot": 976, "nhx": 643, "noy": 334, "share_in_municipality": 0.0}, "geometry": {"type": "Polygon", "coordinates": [[[5.35788, 52.30796], [5.37254, 52.30796], [5.37254, 52.31695], [5.35787, 52.31695], [5.35788, 52.30796]]]}}, {"type": "Feature", "properties": {"ntot": 1007, "nhx": 673, "noy": 334, "share_in_municipality": 0.0}, "geometry": {"type": "Polygon", "coordinates": [[[5.37254, 52.30796], [5.3872, 52.30796], [5.3872, 52.31695], [5.37254, 52.31695], [5.37254, 52.30796]]]}}, {"type": "Feature", "properties": {"ntot": 1010, "nhx": 684, "noy": 326, "share_in_municipality": 0.0}, "geometry": {"type": "Polygon", "coordinates": [[[5.3872, 52.30796], [5.40187, 52.30796], [5.40187, 52.31695], [5.3872, 52.31695], [5.3872, 52.30796]]]}}, {"type": "Feature", "properties": {"ntot": 1053, "nhx": 738, "noy": 315, "share_in_municipality": 0.0}, "geometry": {"type": "Polygon", "coordinates": [[[5.40187, 52.30796], [5.41653, 52.30796], [5.41654, 52.31695], [5.40187, 52.31695], [5.40187, 52.30796]]]}}, {"type": "Feature", "properties": {"ntot": 1002, "nhx": 693, "noy": 309, "share_in_municipality": 0.0}, "geometry": {"type": "Polygon", "coordinates": [[[5.41653, 52.30796], [5.43119, 52.30796], [5.4312, 52.31694], [5.41654, 52.31695], [5.41653, 52.30796]]]}}, {"type": "Feature", "properties": {"ntot": 1019, "nhx": 688, "noy": 331, "share_in_municipality": 0.0}, "geometry": {"type": "Polygon", "coordinates": [[[5.43119, 52.30796], [5.44586, 52.30795], [5.44587, 52.31694], [5.4312, 52.31694], [5.43119, 52.30796]]]}}, {"type": "Feature", "properties": {"ntot": 1076, "nhx": 738, "noy": 338, "share_in_municipality": 0.0}, "geometry": {"type": "Polygon", "coordinates": [[[5.44586, 52.30795], [5.46052, 52.30794], [5.46053, 52.31693], [5.44587, 52.31694], [5.44586, 52.30795]]]}}, {"type": "Feature", "properties": {"ntot": 1210, "nhx": 849, "noy": 360, "share_in_municipality": 0.0}, "geometry": {"type": "Polygon", "coordinates": [[[5.46052, 52.30794], [5.47518, 52.30793], [5.4752, 52.31692], [5.46053, 52.31693], [5.46052, 52.30794]]]}}, {"type": "Feature", "properties": {"ntot": 1433, "nhx": 995, "noy": 438, "share_in_municipality": 0.0}, "geometry": {"type": "Polygon", "coordinates": [[[5.47518, 52.30793], [5.48984, 52.30792], [5.48986, 52.31691], [5.4752, 52.31692], [5.47518, 52.30793]]]}}, {"type": "Feature", "properties": {"ntot": 1456, "nhx": 1013, "noy": 443, "share_in_municipality": 0.0}, "geometry": {"type": "Polygon", "coordinates": [[[5.48984, 52.30792], [5.50451, 52.30791], [5.50453, 52.31689], [5.48986, 52.31691], [5.48984, 52.30792]]]}}, {"type": "Feature", "properties": {"ntot": 1379, "nhx": 952, "noy": 428, "share_in_municipality": 0.0}, "geometry": {"type": "Polygon", "coordinates": [[[5.50451, 52.30791], [5.51917, 52.30789], [5.5192, 52.31688], [5.50453, 52.31689], [5.50451, 52.30791]]]}}, {"type": "Feature", "properties": {"ntot": 1437, "nhx": 998, "noy": 438, "share_in_municipality": 0.0}, "geometry": {"type": "Polygon", "coordinates": [[[5.51917, 52.30789], [5.53383, 52.30787], [5.53386, 52.31686], [5.5192, 52.31688], [5.51917, 52.30789]]]}}, {"type": "Feature", "properties": {"ntot": 1049, "nhx": 717, "noy": 332, "share_in_municipality": 0.0}, "geometry": {"type": "Polygon", "coordinates": [[[5.53383, 52.30787], [5.54849, 52.30785], [5.54853, 52.31684], [5.53386, 52.31686], [5.53383, 52.30787]]]}}, {"type": "Feature", "properties": {"ntot": 802, "nhx": 539, "noy": 263, "share_in_municipality": 0.0}, "geometry": {"type": "Polygon", "coordinates": [[[5.54849, 52.30785], [5.56316, 52.30783], [5.56319, 52.31682], [5.54853, 52.31684], [5.54849, 52.30785]]]}}, {"type": "Feature", "properties": {"ntot": 1093, "nhx": 733, "noy": 360, "share_in_municipality": 0.0}, "geometry": {"type": "Polygon", "coordinates": [[[5.56316, 52.30783], [5.57782, 52.30781], [5.57786, 52.3168], [5.56319, 52.31682], [5.56316, 52.30783]]]}}, {"type": "Feature", "properties": {"ntot": 1138, "nhx": 834, "noy": 304, "share_in_municipality": 0.0}, "geometry": {"type": "Polygon", "coordinates": [[[5.57782, 52.30781], [5.59248, 52.30779], [5.59252, 52.31677], [5.57786, 52.3168], [5.57782, 52.30781]]]}}, {"type": "Feature", "properties": {"ntot": 1166, "nhx": 835, "noy": 331, "share_in_municipality": 0.0}, "geometry": {"type": "Polygon", "coordinates": [[[5.59248, 52.30779], [5.60715, 52.30776], [5.60719, 52.31675], [5.59252, 52.31677], [5.59248, 52.30779]]]}}, {"type": "Feature", "properties": {"ntot": 1465, "nhx": 1085, "noy": 380, "share_in_municipality": 0.0}, "geometry": {"type": "Polygon", "coordinates": [[[5.60715, 52.30776], [5.62181, 52.30773], [5.62186, 52.31672], [5.60719, 52.31675], [5.60715, 52.30776]]]}}, {"type": "Feature", "properties": {"ntot": 1318, "nhx": 933, "noy": 385, "share_in_municipality": 0.0}, "geometry": {"type": "Polygon", "coordinates": [[[5.62181, 52.30773], [5.63647, 52.3077], [5.63652, 52.31669], [5.62186, 52.31672], [5.62181, 52.30773]]]}}, {"type": "Feature", "properties": {"ntot": 1442, "nhx": 1007, "noy": 435, "share_in_municipality": 0.0}, "geometry": {"type": "Polygon", "coordinates": [[[5.63647, 52.3077], [5.65113, 52.30767], [5.65119, 52.31666], [5.63652, 52.31669], [5.63647, 52.3077]]]}}, {"type": "Feature", "properties": {"ntot": 1566, "nhx": 1099, "noy": 467, "share_in_municipality": 0.0}, "geometry": {"type": "Polygon", "coordinates": [[[5.65113, 52.30767], [5.6658, 52.30764], [5.66585, 52.31662], [5.65119, 52.31666], [5.65113, 52.30767]]]}}, {"type": "Feature", "properties": {"ntot": 1367, "nhx": 928, "noy": 439, "share_in_municipality": 0.0}, "geometry": {"type": "Polygon", "coordinates": [[[5.6658, 52.30764], [5.68046, 52.3076], [5.68052, 52.31659], [5.66585, 52.31662], [5.6658, 52.30764]]]}}, {"type": "Feature", "properties": {"ntot": 1445, "nhx": 1002, "noy": 443, "share_in_municipality": 0.0}, "geometry": {"type": "Polygon", "coordinates": [[[5.68046, 52.3076], [5.69512, 52.30756], [5.69518, 52.31655], [5.68052, 52.31659], [5.68046, 52.3076]]]}}, {"type": "Feature", "properties": {"ntot": 1543, "nhx": 1085, "noy": 458, "share_in_municipality": 0.0}, "geometry": {"type": "Polygon", "coordinates": [[[5.69512, 52.30756], [5.70978, 52.30752], [5.70985, 52.31651], [5.69518, 52.31655], [5.69512, 52.30756]]]}}, {"type": "Feature", "properties": {"ntot": 1535, "nhx": 1084, "noy": 451, "share_in_municipality": 0.0}, "geometry": {"type": "Polygon", "coordinates": [[[5.70978, 52.30752], [5.72445, 52.30748], [5.72451, 52.31647], [5.70985, 52.31651], [5.70978, 52.30752]]]}}, {"type": "Feature", "properties": {"ntot": 1556, "nhx": 1104, "noy": 452, "share_in_municipality": 0.0}, "geometry": {"type": "Polygon", "coordinates": [[[5.72445, 52.30748], [5.73911, 52.30744], [5.73918, 52.31643], [5.72451, 52.31647], [5.72445, 52.30748]]]}}, {"type": "Feature", "properties": {"ntot": 1525, "nhx": 1092, "noy": 433, "share_in_municipality": 0.0}, "geometry": {"type": "Polygon", "coordinates": [[[5.73911, 52.30744], [5.75377, 52.3074], [5.75384, 52.31638], [5.73918, 52.31643], [5.73911, 52.30744]]]}}, {"type": "Feature", "properties": {"ntot": 1023, "nhx": 712, "noy": 312, "share_in_municipality": 0.0}, "geometry": {"type": "Polygon", "coordinates": [[[5.75377, 52.3074], [5.76843, 52.30735], [5.76851, 52.31634], [5.75384, 52.31638], [5.75377, 52.3074]]]}}, {"type": "Feature", "properties": {"ntot": 1063, "nhx": 738, "noy": 325, "share_in_municipality": 0.0}, "geometry": {"type": "Polygon", "coordinates": [[[5.76843, 52.30735], [5.7831, 52.3073], [5.78318, 52.31629], [5.76851, 52.31634], [5.76843, 52.30735]]]}}, {"type": "Feature", "properties": {"ntot": 974, "nhx": 658, "noy": 316, "share_in_municipality": 0.0}, "geometry": {"type": "Polygon", "coordinates": [[[5.7831, 52.3073], [5.79776, 52.30725], [5.79784, 52.31624], [5.78318, 52.31629], [5.7831, 52.3073]]]}}, {"type": "Feature", "properties": {"ntot": 834, "nhx": 549, "noy": 285, "share_in_municipality": 0.0}, "geometry": {"type": "Polygon", "coordinates": [[[5.79776, 52.30725], [5.81242, 52.3072], [5.81251, 52.31619], [5.79784, 52.31624], [5.79776, 52.30725]]]}}, {"type": "Feature", "properties": {"ntot": 1032, "nhx": 708, "noy": 323, "share_in_municipality": 0.0}, "geometry": {"type": "Polygon", "coordinates": [[[5.81242, 52.3072], [5.82708, 52.30715], [5.82717, 52.31613], [5.81251, 52.31619], [5.81242, 52.3072]]]}}, {"type": "Feature", "properties": {"ntot": 1466, "nhx": 1029, "noy": 437, "share_in_municipality": 0.0}, "geometry": {"type": "Polygon", "coordinates": [[[5.82708, 52.30715], [5.84174, 52.30709], [5.84184, 52.31608], [5.82717, 52.31613], [5.82708, 52.30715]]]}}, {"type": "Feature", "properties": {"ntot": 1407, "nhx": 980, "noy": 427, "share_in_municipality": 0.0}, "geometry": {"type": "Polygon", "coordinates": [[[5.84174, 52.30709], [5.85641, 52.30703], [5.8565, 52.31602], [5.84184, 52.31608], [5.84174, 52.30709]]]}}, {"type": "Feature", "properties": {"ntot": 551, "nhx": 329, "noy": 222, "share_in_municipality": 0.0}, "geometry": {"type": "Polygon", "coordinates": [[[5.16722, 52.31675], [5.18188, 52.31677], [5.18184, 52.32576], [5.16717, 52.32574], [5.16722, 52.31675]]]}}, {"type": "Feature", "properties": {"ntot": 541, "nhx": 321, "noy": 220, "share_in_municipality": 0.0}, "geometry": {"type": "Polygon", "coordinates": [[[5.18188, 52.31677], [5.19655, 52.3168], [5.19651, 52.32579], [5.18184, 52.32576], [5.18188, 52.31677]]]}}, {"type": "Feature", "properties": {"ntot": 532, "nhx": 314, "noy": 217, "share_in_municipality": 0.0}, "geometry": {"type": "Polygon", "coordinates": [[[5.19655, 52.3168], [5.21122, 52.31682], [5.21118, 52.32581], [5.19651, 52.32579], [5.19655, 52.3168]]]}}, {"type": "Feature", "properties": {"ntot": 531, "nhx": 316, "noy": 215, "share_in_municipality": 0.0}, "geometry": {"type": "Polygon", "coordinates": [[[5.21122, 52.31682], [5.22588, 52.31684], [5.22585, 52.32583], [5.21118, 52.32581], [5.21122, 52.31682]]]}}, {"type": "Feature", "properties": {"ntot": 534, "nhx": 319, "noy": 215, "share_in_municipality": 0.0}, "geometry": {"type": "Polygon", "coordinates": [[[5.22588, 52.31684], [5.24055, 52.31686], [5.24052, 52.32585], [5.22585, 52.32583], [5.22588, 52.31684]]]}}, {"type": "Feature", "properties": {"ntot": 538, "nhx": 322, "noy": 216, "share_in_municipality": 0.0}, "geometry": {"type": "Polygon", "coordinates": [[[5.24055, 52.31686], [5.25521, 52.31688], [5.25519, 52.32587], [5.24052, 52.32585], [5.24055, 52.31686]]]}}, {"type": "Feature", "properties": {"ntot": 618, "nhx": 386, "noy": 233, "share_in_municipality": 0.0}, "geometry": {"type": "Polygon", "coordinates": [[[5.25521, 52.31688], [5.26988, 52.31689], [5.26985, 52.32588], [5.25519, 52.32587], [5.25521, 52.31688]]]}}, {"type": "Feature", "properties": {"ntot": 813, "nhx": 525, "noy": 288, "share_in_municipality": 0.0}, "geometry": {"type": "Polygon", "coordinates": [[[5.26988, 52.31689], [5.28454, 52.31691], [5.28452, 52.3259], [5.26985, 52.32588], [5.26988, 52.31689]]]}}, {"type": "Feature", "properties": {"ntot": 1188, "nhx": 798, "noy": 389, "share_in_municipality": 0.0}, "geometry": {"type": "Polygon", "coordinates": [[[5.28454, 52.31691], [5.29921, 52.31692], [5.29919, 52.32591], [5.28452, 52.3259], [5.28454, 52.31691]]]}}, {"type": "Feature", "properties": {"ntot": 1246, "nhx": 852, "noy": 394, "share_in_municipality": 0.0}, "geometry": {"type": "Polygon", "coordinates": [[[5.29921, 52.31692], [5.31388, 52.31693], [5.31386, 52.32592], [5.29919, 52.32591], [5.29921, 52.31692]]]}}, {"type": "Feature", "properties": {"ntot": 1243, "nhx": 864, "noy": 379, "share_in_municipality": 0.0}, "geometry": {"type": "Polygon", "coordinates": [[[5.31388, 52.31693], [5.32854, 52.31694], [5.32853, 52.32593], [5.31386, 52.32592], [5.31388, 52.31693]]]}}, {"type": "Feature", "properties": {"ntot": 1119, "nhx": 744, "noy": 375, "share_in_municipality": 0.0}, "geometry": {"type": "Polygon", "coordinates": [[[5.32854, 52.31694], [5.34321, 52.31694], [5.3432, 52.32593], [5.32853, 52.32593], [5.32854, 52.31694]]]}}, {"type": "Feature", "properties": {"ntot": 1022, "nhx": 691, "noy": 331, "share_in_municipality": 0.0}, "geometry": {"type": "Polygon", "coordinates": [[[5.34321, 52.31694], [5.35787, 52.31695], [5.35787, 52.32594], [5.3432, 52.32593], [5.34321, 52.31694]]]}}, {"type": "Feature", "properties": {"ntot": 968, "nhx": 659, "noy": 309, "share_in_municipality": 0.0}, "geometry": {"type": "Polygon", "coordinates": [[[5.35787, 52.31695], [5.37254, 52.31695], [5.37254, 52.32594], [5.35787, 52.32594], [5.35787, 52.31695]]]}}, {"type": "Feature", "properties": {"ntot": 1008, "nhx": 698, "noy": 309, "share_in_municipality": 0.0}, "geometry": {"type": "Polygon", "coordinates": [[[5.37254, 52.31695], [5.3872, 52.31695], [5.3872, 52.32594], [5.37254, 52.32594], [5.37254, 52.31695]]]}}, {"type": "Feature", "properties": {"ntot": 1407, "nhx": 1086, "noy": 321, "share_in_municipality": 0.0}, "geometry": {"type": "Polygon", "coordinates": [[[5.3872, 52.31695], [5.40187, 52.31695], [5.40187, 52.32594], [5.3872, 52.32594], [5.3872, 52.31695]]]}}, {"type": "Feature", "properties": {"ntot": 1212, "nhx": 846, "noy": 366, "share_in_municipality": 0.0}, "geometry": {"type": "Polygon", "coordinates": [[[5.40187, 52.31695], [5.41654, 52.31695], [5.41654, 52.32594], [5.40187, 52.32594], [5.40187, 52.31695]]]}}, {"type": "Feature", "properties": {"ntot": 889, "nhx": 565, "noy": 324, "share_in_municipality": 0.0}, "geometry": {"type": "Polygon", "coordinates": [[[5.41654, 52.31695], [5.4312, 52.31694], [5.43121, 52.32593], [5.41654, 52.32594], [5.41654, 52.31695]]]}}, {"type": "Feature", "properties": {"ntot": 1007, "nhx": 651, "noy": 356, "share_in_municipality": 0.0}, "geometry": {"type": "Polygon", "coordinates": [[[5.4312, 52.31694], [5.44587, 52.31694], [5.44588, 52.32593], [5.43121, 52.32593], [5.4312, 52.31694]]]}}, {"type": "Feature", "properties": {"ntot": 1136, "nhx": 773, "noy": 363, "share_in_municipality": 0.0}, "geometry": {"type": "Polygon", "coordinates": [[[5.44587, 52.31694], [5.46053, 52.31693], [5.46055, 52.32592], [5.44588, 52.32593], [5.44587, 52.31694]]]}}, {"type": "Feature", "properties": {"ntot": 1429, "nhx": 994, "noy": 435, "share_in_municipality": 0.0}, "geometry": {"type": "Polygon", "coordinates": [[[5.46053, 52.31693], [5.4752, 52.31692], [5.47522, 52.32591], [5.46055, 52.32592], [5.46053, 52.31693]]]}}, {"type": "Feature", "properties": {"ntot": 1417, "nhx": 984, "noy": 432, "share_in_municipality": 0.0}, "geometry": {"type": "Polygon", "coordinates": [[[5.4752, 52.31692], [5.48986, 52.31691], [5.48989, 52.3259], [5.47522, 52.32591], [5.4752, 52.31692]]]}}, {"type": "Feature", "properties": {"ntot": 1222, "nhx": 856, "noy": 366, "share_in_municipality": 0.0}, "geometry": {"type": "Polygon", "coordinates": [[[5.48986, 52.31691], [5.50453, 52.31689], [5.50455, 52.32588], [5.48989, 52.3259], [5.48986, 52.31691]]]}}, {"type": "Feature", "properties": {"ntot": 990, "nhx": 666, "noy": 324, "share_in_municipality": 0.0}, "geometry": {"type": "Polygon", "coordinates": [[[5.50453, 52.31689], [5.5192, 52.31688], [5.51922, 52.32587], [5.50455, 52.32588], [5.50453, 52.31689]]]}}, {"type": "Feature", "properties": {"ntot": 1263, "nhx": 889, "noy": 373, "share_in_municipality": 0.0}, "geometry": {"type": "Polygon", "coordinates": [[[5.5192, 52.31688], [5.53386, 52.31686], [5.53389, 52.32585], [5.51922, 52.32587], [5.5192, 52.31688]]]}}, {"type": "Feature", "properties": {"ntot": 1011, "nhx": 711, "noy": 300, "share_in_municipality": 0.0}, "geometry": {"type": "Polygon", "coordinates": [[[5.53386, 52.31686], [5.54853, 52.31684], [5.54856, 52.32583], [5.53389, 52.32585], [5.53386, 52.31686]]]}}, {"type": "Feature", "properties": {"ntot": 716, "nhx": 476, "noy": 239, "share_in_municipality": 0.0}, "geometry": {"type": "Polygon", "coordinates": [[[5.54853, 52.31684], [5.56319, 52.31682], [5.56323, 52.32581], [5.54856, 52.32583], [5.54853, 52.31684]]]}}, {"type": "Feature", "properties": {"ntot": 955, "nhx": 626, "noy": 328, "share_in_municipality": 0.0}, "geometry": {"type": "Polygon", "coordinates": [[[5.56319, 52.31682], [5.57786, 52.3168], [5.5779, 52.32579], [5.56323, 52.32581], [5.56319, 52.31682]]]}}, {"type": "Feature", "properties": {"ntot": 1094, "nhx": 769, "noy": 325, "share_in_municipality": 0.0}, "geometry": {"type": "Polygon", "coordinates": [[[5.57786, 52.3168], [5.59252, 52.31677], [5.59257, 52.32576], [5.5779, 52.32579], [5.57786, 52.3168]]]}}, {"type": "Feature", "properties": {"ntot": 1329, "nhx": 992, "noy": 337, "share_in_municipality": 0.0}, "geometry": {"type": "Polygon", "coordinates": [[[5.59252, 52.31677], [5.60719, 52.31675], [5.60723, 52.32574], [5.59257, 52.32576], [5.59252, 52.31677]]]}}, {"type": "Feature", "properties": {"ntot": 1539, "nhx": 1125, "noy": 414, "share_in_municipality": 0.0}, "geometry": {"type": "Polygon", "coordinates": [[[5.60719, 52.31675], [5.62186, 52.31672], [5.6219, 52.32571], [5.60723, 52.32574], [5.60719, 52.31675]]]}}, {"type": "Feature", "properties": {"ntot": 1499, "nhx": 1072, "noy": 427, "share_in_municipality": 0.0}, "geometry": {"type": "Polygon", "coordinates": [[[5.62186, 52.31672], [5.63652, 52.31669], [5.63657, 52.32568], [5.6219, 52.32571], [5.62186, 52.31672]]]}}, {"type": "Feature", "properties": {"ntot": 1418, "nhx": 985, "noy": 434, "share_in_municipality": 0.0}, "geometry": {"type": "Polygon", "coordinates": [[[5.63652, 52.31669], [5.65119, 52.31666], [5.65124, 52.32565], [5.63657, 52.32568], [5.63652, 52.31669]]]}}, {"type": "Feature", "properties": {"ntot": 1517, "nhx": 1051, "noy": 466, "share_in_municipality": 0.0}, "geometry": {"type": "Polygon", "coordinates": [[[5.65119, 52.31666], [5.66585, 52.31662], [5.66591, 52.32561], [5.65124, 52.32565], [5.65119, 52.31666]]]}}, {"type": "Feature", "properties": {"ntot": 1529, "nhx": 1070, "noy": 459, "share_in_municipality": 0.0}, "geometry": {"type": "Polygon", "coordinates": [[[5.66585, 52.31662], [5.68052, 52.31659], [5.68058, 52.32558], [5.66591, 52.32561], [5.66585, 52.31662]]]}}, {"type": "Feature", "properties": {"ntot": 1529, "nhx": 1062, "noy": 467, "share_in_municipality": 0.0}, "geometry": {"type": "Polygon", "coordinates": [[[5.68052, 52.31659], [5.69518, 52.31655], [5.69525, 52.32554], [5.68058, 52.32558], [5.68052, 52.31659]]]}}, {"type": "Feature", "properties": {"ntot": 1529, "nhx": 1072, "noy": 457, "share_in_municipality": 0.0}, "geometry": {"type": "Polygon", "coordinates": [[[5.69518, 52.31655], [5.70985, 52.31651], [5.70991, 52.3255], [5.69525, 52.32554], [5.69518, 52.31655]]]}}, {"type": "Feature", "properties": {"ntot": 1515, "nhx": 1064, "noy": 451, "share_in_municipality": 0.0}, "geometry": {"type": "Polygon", "coordinates": [[[5.70985, 52.31651], [5.72451, 52.31647], [5.72458, 52.32546], [5.70991, 52.3255], [5.70985, 52.31651]]]}}, {"type": "Feature", "properties": {"ntot": 1528, "nhx": 1079, "noy": 449, "share_in_municipality": 0.0}, "geometry": {"type": "Polygon", "coordinates": [[[5.72451, 52.31647], [5.73918, 52.31643], [5.73925, 52.32542], [5.72458, 52.32546], [5.72451, 52.31647]]]}}, {"type": "Feature", "properties": {"ntot": 1494, "nhx": 1056, "noy": 438, "share_in_municipality": 0.0}, "geometry": {"type": "Polygon", "coordinates": [[[5.73918, 52.31643], [5.75384, 52.31638], [5.75392, 52.32537], [5.73925, 52.32542], [5.73918, 52.31643]]]}}, {"type": "Feature", "properties": {"ntot": 992, "nhx": 677, "noy": 315, "share_in_municipality": 0.0}, "geometry": {"type": "Polygon", "coordinates": [[[5.75384, 52.31638], [5.76851, 52.31634], [5.76859, 52.32532], [5.75392, 52.32537], [5.75384, 52.31638]]]}}, {"type": "Feature", "properties": {"ntot": 758, "nhx": 490, "noy": 268, "share_in_municipality": 0.0}, "geometry": {"type": "Polygon", "coordinates": [[[5.76851, 52.31634], [5.78318, 52.31629], [5.78326, 52.32528], [5.76859, 52.32532], [5.76851, 52.31634]]]}}, {"type": "Feature", "properties": {"ntot": 998, "nhx": 675, "noy": 323, "share_in_municipality": 0.0}, "geometry": {"type": "Polygon", "coordinates": [[[5.78318, 52.31629], [5.79784, 52.31624], [5.79792, 52.32523], [5.78326, 52.32528], [5.78318, 52.31629]]]}}, {"type": "Feature", "properties": {"ntot": 712, "nhx": 454, "noy": 258, "share_in_municipality": 0.0}, "geometry": {"type": "Polygon", "coordinates": [[[5.79784, 52.31624], [5.81251, 52.31619], [5.81259, 52.32517], [5.79792, 52.32523], [5.79784, 52.31624]]]}}, {"type": "Feature", "properties": {"ntot": 1031, "nhx": 708, "noy": 323, "share_in_municipality": 0.0}, "geometry": {"type": "Polygon", "coordinates": [[[5.81251, 52.31619], [5.82717, 52.31613], [5.82726, 52.32512], [5.81259, 52.32517], [5.81251, 52.31619]]]}}, {"type": "Feature", "properties": {"ntot": 1436, "nhx": 1005, "noy": 431, "share_in_municipality": 0.0}, "geometry": {"type": "Polygon", "coordinates": [[[5.82717, 52.31613], [5.84184, 52.31608], [5.84193, 52.32507], [5.82726, 52.32512], [5.82717, 52.31613]]]}}, {"type": "Feature", "properties": {"ntot": 1433, "nhx": 1000, "noy": 433, "share_in_municipality": 0.0}, "geometry": {"type": "Polygon", "coordinates": [[[5.84184, 52.31608], [5.8565, 52.31602], [5.8566, 52.32501], [5.84193, 52.32507], [5.84184, 52.31608]]]}}, {"type": "Feature", "properties": {"ntot": 634, "nhx": 384, "noy": 251, "share_in_municipality": 0.0}, "geometry": {"type": "Polygon", "coordinates": [[[5.16717, 52.32574], [5.18184, 52.32576], [5.1818, 52.33475], [5.16713, 52.33472], [5.16717, 52.32574]]]}}, {"type": "Feature", "properties": {"ntot": 540, "nhx": 322, "noy": 218, "share_in_municipality": 0.0}, "geometry": {"type": "Polygon", "coordinates": [[[5.18184, 52.32576], [5.19651, 52.32579], [5.19647, 52.33477], [5.1818, 52.33475], [5.18184, 52.32576]]]}}, {"type": "Feature", "properties": {"ntot": 586, "nhx": 355, "noy": 231, "share_in_municipality": 0.0}, "geometry": {"type": "Polygon", "coordinates": [[[5.19651, 52.32579], [5.21118, 52.32581], [5.21114, 52.3348], [5.19647, 52.33477], [5.19651, 52.32579]]]}}, {"type": "Feature", "properties": {"ntot": 795, "nhx": 507, "noy": 288, "share_in_municipality": 0.0}, "geometry": {"type": "Polygon", "coordinates": [[[5.21118, 52.32581], [5.22585, 52.32583], [5.22582, 52.33482], [5.21114, 52.3348], [5.21118, 52.32581]]]}}, {"type": "Feature", "properties": {"ntot": 816, "nhx": 529, "noy": 286, "share_in_municipality": 0.0}, "geometry": {"type": "Polygon", "coordinates": [[[5.22585, 52.32583], [5.24052, 52.32585], [5.24049, 52.33484], [5.22582, 52.33482], [5.22585, 52.32583]]]}}, {"type": "Feature", "properties": {"ntot": 882, "nhx": 587, "noy": 296, "share_in_municipality": 0.0}, "geometry": {"type": "Polygon", "coordinates": [[[5.24052, 52.32585], [5.25519, 52.32587], [5.25516, 52.33485], [5.24049, 52.33484], [5.24052, 52.32585]]]}}, {"type": "Feature", "properties": {"ntot": 962, "nhx": 646, "noy": 316, "share_in_municipality": 0.0}, "geometry": {"type": "Polygon", "coordinates": [[[5.25519, 52.32587], [5.26985, 52.32588], [5.26983, 52.33487], [5.25516, 52.33485], [5.25519, 52.32587]]]}}, {"type": "Feature", "properties": {"ntot": 957, "nhx": 613, "noy": 344, "share_in_municipality": 0.0}, "geometry": {"type": "Polygon", "coordinates": [[[5.26985, 52.32588], [5.28452, 52.3259], [5.2845, 52.33488], [5.26983, 52.33487], [5.26985, 52.32588]]]}}, {"type": "Feature", "properties": {"ntot": 1201, "nhx": 791, "noy": 410, "share_in_municipality": 0.0}, "geometry": {"type": "Polygon", "coordinates": [[[5.28452, 52.3259], [5.29919, 52.32591], [5.29917, 52.3349], [5.2845, 52.33488], [5.28452, 52.3259]]]}}, {"type": "Feature", "properties": {"ntot": 1251, "nhx": 853, "noy": 398, "share_in_municipality": 0.0}, "geometry": {"type": "Polygon", "coordinates": [[[5.29919, 52.32591], [5.31386, 52.32592], [5.31385, 52.33491], [5.29917, 52.3349], [5.29919, 52.32591]]]}}, {"type": "Feature", "properties": {"ntot": 1036, "nhx": 721, "noy": 315, "share_in_municipality": 0.0}, "geometry": {"type": "Polygon", "coordinates": [[[5.31386, 52.32592], [5.32853, 52.32593], [5.32852, 52.33491], [5.31385, 52.33491], [5.31386, 52.32592]]]}}, {"type": "Feature", "properties": {"ntot": 966, "nhx": 655, "noy": 310, "share_in_municipality": 0.0}, "geometry": {"type": "Polygon", "coordinates": [[[5.32853, 52.32593], [5.3432, 52.32593], [5.34319, 52.33492], [5.32852, 52.33491], [5.32853, 52.32593]]]}}, {"type": "Feature", "properties": {"ntot": 1052, "nhx": 688, "noy": 365, "share_in_municipality": 0.0}, "geometry": {"type": "Polygon", "coordinates": [[[5.3432, 52.32593], [5.35787, 52.32594], [5.35786, 52.33492], [5.34319, 52.33492], [5.3432, 52.32593]]]}}, {"type": "Feature", "properties": {"ntot": 1040, "nhx": 728, "noy": 312, "share_in_municipality": 0.0}, "geometry": {"type": "Polygon", "coordinates": [[[5.35787, 52.32594], [5.37254, 52.32594], [5.37253, 52.33493], [5.35786, 52.33492], [5.35787, 52.32594]]]}}, {"type": "Feature", "properties": {"ntot": 1026, "nhx": 719, "noy": 307, "share_in_municipality": 0.0}, "geometry": {"type": "Polygon", "coordinates": [[[5.37254, 52.32594], [5.3872, 52.32594], [5.3872, 52.33493], [5.37253, 52.33493], [5.37254, 52.32594]]]}}, {"type": "Feature", "properties": {"ntot": 1099, "nhx": 785, "noy": 314, "share_in_municipality": 0.0}, "geometry": {"type": "Polygon", "coordinates": [[[5.3872, 52.32594], [5.40187, 52.32594], [5.40188, 52.33493], [5.3872, 52.33493], [5.3872, 52.32594]]]}}, {"type": "Feature", "properties": {"ntot": 1114, "nhx": 802, "noy": 312, "share_in_municipality": 0.0}, "geometry": {"type": "Polygon", "coordinates": [[[5.40187, 52.32594], [5.41654, 52.32594], [5.41655, 52.33492], [5.40188, 52.33493], [5.40187, 52.32594]]]}}, {"type": "Feature", "properties": {"ntot": 1063, "nhx": 737, "noy": 326, "share_in_municipality": 0.0}, "geometry": {"type": "Polygon", "coordinates": [[[5.41654, 52.32594], [5.43121, 52.32593], [5.43122, 52.33492], [5.41655, 52.33492], [5.41654, 52.32594]]]}}, {"type": "Feature", "properties": {"ntot": 985, "nhx": 678, "noy": 307, "share_in_municipality": 0.0}, "geometry": {"type": "Polygon", "coordinates": [[[5.43121, 52.32593], [5.44588, 52.32593], [5.44589, 52.33491], [5.43122, 52.33492], [5.43121, 52.32593]]]}}, {"type": "Feature", "properties": {"ntot": 1282, "nhx": 893, "noy": 390, "share_in_municipality": 0.0}, "geometry": {"type": "Polygon", "coordinates": [[[5.44588, 52.32593], [5.46055, 52.32592], [5.46056, 52.33491], [5.44589, 52.33491], [5.44588, 52.32593]]]}}, {"type": "Feature", "properties": {"ntot": 1319, "nhx": 908, "noy": 411, "share_in_municipality": 0.0}, "geometry": {"type": "Polygon", "coordinates": [[[5.46055, 52.32592], [5.47522, 52.32591], [5.47523, 52.3349], [5.46056, 52.33491], [5.46055, 52.32592]]]}}, {"type": "Feature", "properties": {"ntot": 1274, "nhx": 890, "noy": 383, "share_in_municipality": 0.0}, "geometry": {"type": "Polygon", "coordinates": [[[5.47522, 52.32591], [5.48989, 52.3259], [5.48991, 52.33488], [5.47523, 52.3349], [5.47522, 52.32591]]]}}, {"type": "Feature", "properties": {"ntot": 1233, "nhx": 869, "noy": 364, "share_in_municipality": 0.0}, "geometry": {"type": "Polygon", "coordinates": [[[5.48989, 52.3259], [5.50455, 52.32588], [5.50458, 52.33487], [5.48991, 52.33488], [5.48989, 52.3259]]]}}, {"type": "Feature", "properties": {"ntot": 1191, "nhx": 840, "noy": 350, "share_in_municipality": 0.0}, "geometry": {"type": "Polygon", "coordinates": [[[5.50455, 52.32588], [5.51922, 52.32587], [5.51925, 52.33485], [5.50458, 52.33487], [5.50455, 52.32588]]]}}, {"type": "Feature", "properties": {"ntot": 973, "nhx": 668, "noy": 305, "share_in_municipality": 0.0}, "geometry": {"type": "Polygon", "coordinates": [[[5.51922, 52.32587], [5.53389, 52.32585], [5.53392, 52.33484], [5.51925, 52.33485], [5.51922, 52.32587]]]}}, {"type": "Feature", "properties": {"ntot": 1223, "nhx": 908, "noy": 315, "share_in_municipality": 0.0}, "geometry": {"type": "Polygon", "coordinates": [[[5.53389, 52.32585], [5.54856, 52.32583], [5.54859, 52.33482], [5.53392, 52.33484], [5.53389, 52.32585]]]}}, {"type": "Feature", "properties": {"ntot": 638, "nhx": 419, "noy": 220, "share_in_municipality": 0.0}, "geometry": {"type": "Polygon", "coordinates": [[[5.54856, 52.32583], [5.56323, 52.32581], [5.56326, 52.3348], [5.54859, 52.33482], [5.54856, 52.32583]]]}}, {"type": "Feature", "properties": {"ntot": 617, "nhx": 405, "noy": 212, "share_in_municipality": 0.0}, "geometry": {"type": "Polygon", "coordinates": [[[5.56323, 52.32581], [5.5779, 52.32579], [5.57794, 52.33477], [5.56326, 52.3348], [5.56323, 52.32581]]]}}, {"type": "Feature", "properties": {"ntot": 893, "nhx": 578, "noy": 315, "share_in_municipality": 0.0}, "geometry": {"type": "Polygon", "coordinates": [[[5.5779, 52.32579], [5.59257, 52.32576], [5.59261, 52.33475], [5.57794, 52.33477], [5.5779, 52.32579]]]}}, {"type": "Feature", "properties": {"ntot": 1334, "nhx": 974, "noy": 360, "share_in_municipality": 0.0}, "geometry": {"type": "Polygon", "coordinates": [[[5.59257, 52.32576], [5.60723, 52.32574], [5.60728, 52.33472], [5.59261, 52.33475], [5.59257, 52.32576]]]}}, {"type": "Feature", "properties": {"ntot": 1403, "nhx": 1002, "noy": 401, "share_in_municipality": 0.0}, "geometry": {"type": "Polygon", "coordinates": [[[5.60723, 52.32574], [5.6219, 52.32571], [5.62195, 52.33469], [5.60728, 52.33472], [5.60723, 52.32574]]]}}, {"type": "Feature", "properties": {"ntot": 1196, "nhx": 794, "noy": 403, "share_in_municipality": 0.0}, "geometry": {"type": "Polygon", "coordinates": [[[5.6219, 52.32571], [5.63657, 52.32568], [5.63662, 52.33466], [5.62195, 52.33469], [5.6219, 52.32571]]]}}, {"type": "Feature", "properties": {"ntot": 1220, "nhx": 810, "noy": 410, "share_in_municipality": 0.0}, "geometry": {"type": "Polygon", "coordinates": [[[5.63657, 52.32568], [5.65124, 52.32565], [5.65129, 52.33463], [5.63662, 52.33466], [5.63657, 52.32568]]]}}, {"type": "Feature", "properties": {"ntot": 1490, "nhx": 1034, "noy": 456, "share_in_municipality": 0.0}, "geometry": {"type": "Polygon", "coordinates": [[[5.65124, 52.32565], [5.66591, 52.32561], [5.66597, 52.3346], [5.65129, 52.33463], [5.65124, 52.32565]]]}}, {"type": "Feature", "properties": {"ntot": 1082, "nhx": 737, "noy": 344, "share_in_municipality": 0.0}, "geometry": {"type": "Polygon", "coordinates": [[[5.66591, 52.32561], [5.68058, 52.32558], [5.68064, 52.33456], [5.66597, 52.3346], [5.66591, 52.32561]]]}}, {"type": "Feature", "properties": {"ntot": 1418, "nhx": 980, "noy": 438, "share_in_municipality": 0.0}, "geometry": {"type": "Polygon", "coordinates": [[[5.68058, 52.32558], [5.69525, 52.32554], [5.69531, 52.33453], [5.68064, 52.33456], [5.68058, 52.32558]]]}}, {"type": "Feature", "properties": {"ntot": 1534, "nhx": 1073, "noy": 461, "share_in_municipality": 0.0}, "geometry": {"type": "Polygon", "coordinates": [[[5.69525, 52.32554], [5.70991, 52.3255], [5.70998, 52.33449], [5.69531, 52.33453], [5.69525, 52.32554]]]}}, {"type": "Feature", "properties": {"ntot": 1537, "nhx": 1080, "noy": 457, "share_in_municipality": 0.0}, "geometry": {"type": "Polygon", "coordinates": [[[5.70991, 52.3255], [5.72458, 52.32546], [5.72465, 52.33445], [5.70998, 52.33449], [5.70991, 52.3255]]]}}, {"type": "Feature", "properties": {"ntot": 1239, "nhx": 876, "noy": 363, "share_in_municipality": 0.0}, "geometry": {"type": "Polygon", "coordinates": [[[5.72458, 52.32546], [5.73925, 52.32542], [5.73932, 52.3344], [5.72465, 52.33445], [5.72458, 52.32546]]]}}, {"type": "Feature", "properties": {"ntot": 1355, "nhx": 943, "noy": 412, "share_in_municipality": 0.0}, "geometry": {"type": "Polygon", "coordinates": [[[5.73925, 52.32542], [5.75392, 52.32537], [5.75399, 52.33436], [5.73932, 52.3344], [5.73925, 52.32542]]]}}, {"type": "Feature", "properties": {"ntot": 1400, "nhx": 980, "noy": 420, "share_in_municipality": 0.0}, "geometry": {"type": "Polygon", "coordinates": [[[5.75392, 52.32537], [5.76859, 52.32532], [5.76866, 52.33431], [5.75399, 52.33436], [5.75392, 52.32537]]]}}, {"type": "Feature", "properties": {"ntot": 1152, "nhx": 809, "noy": 344, "share_in_municipality": 0.0}, "geometry": {"type": "Polygon", "coordinates": [[[5.76859, 52.32532], [5.78326, 52.32528], [5.78334, 52.33426], [5.76866, 52.33431], [5.76859, 52.32532]]]}}, {"type": "Feature", "properties": {"ntot": 1396, "nhx": 970, "noy": 426, "share_in_municipality": 0.0}, "geometry": {"type": "Polygon", "coordinates": [[[5.78326, 52.32528], [5.79792, 52.32523], [5.79801, 52.33421], [5.78334, 52.33426], [5.78326, 52.32528]]]}}, {"type": "Feature", "properties": {"ntot": 1075, "nhx": 742, "noy": 333, "share_in_municipality": 0.0}, "geometry": {"type": "Polygon", "coordinates": [[[5.79792, 52.32523], [5.81259, 52.32517], [5.81268, 52.33416], [5.79801, 52.33421], [5.79792, 52.32523]]]}}, {"type": "Feature", "properties": {"ntot": 1060, "nhx": 737, "noy": 324, "share_in_municipality": 0.0}, "geometry": {"type": "Polygon", "coordinates": [[[5.81259, 52.32517], [5.82726, 52.32512], [5.82735, 52.33411], [5.81268, 52.33416], [5.81259, 52.32517]]]}}, {"type": "Feature", "properties": {"ntot": 1158, "nhx": 815, "noy": 343, "share_in_municipality": 0.0}, "geometry": {"type": "Polygon", "coordinates": [[[5.82726, 52.32512], [5.84193, 52.32507], [5.84202, 52.33405], [5.82735, 52.33411], [5.82726, 52.32512]]]}}, {"type": "Feature", "properties": {"ntot": 1442, "nhx": 1008, "noy": 434, "share_in_municipality": 0.0}, "geometry": {"type": "Polygon", "coordinates": [[[5.84193, 52.32507], [5.8566, 52.32501], [5.85669, 52.334], [5.84202, 52.33405], [5.84193, 52.32507]]]}}, {"type": "Feature", "properties": {"ntot": 1124, "nhx": 688, "noy": 436, "share_in_municipality": 0.0}, "geometry": {"type": "Polygon", "coordinates": [[[5.16713, 52.33472], [5.1818, 52.33475], [5.18176, 52.34374], [5.16708, 52.34371], [5.16713, 52.33472]]]}}, {"type": "Feature", "properties": {"ntot": 1063, "nhx": 705, "noy": 358, "share_in_municipality": 0.0}, "geometry": {"type": "Polygon", "coordinates": [[[5.1818, 52.33475], [5.19647, 52.33477], [5.19643, 52.34376], [5.18176, 52.34374], [5.1818, 52.33475]]]}}, {"type": "Feature", "properties": {"ntot": 1102, "nhx": 766, "noy": 337, "share_in_municipality": 0.0}, "geometry": {"type": "Polygon", "coordinates": [[[5.19647, 52.33477], [5.21114, 52.3348], [5.21111, 52.34378], [5.19643, 52.34376], [5.19647, 52.33477]]]}}, {"type": "Feature", "properties": {"ntot": 1577, "nhx": 1139, "noy": 438, "share_in_municipality": 0.0}, "geometry": {"type": "Polygon", "coordinates": [[[5.21114, 52.3348], [5.22582, 52.33482], [5.22578, 52.34381], [5.21111, 52.34378], [5.21114, 52.3348]]]}}, {"type": "Feature", "properties": {"ntot": 1350, "nhx": 944, "noy": 405, "share_in_municipality": 0.0}, "geometry": {"type": "Polygon", "coordinates": [[[5.22582, 52.33482], [5.24049, 52.33484], [5.24046, 52.34382], [5.22578, 52.34381], [5.22582, 52.33482]]]}}, {"type": "Feature", "properties": {"ntot": 1060, "nhx": 707, "noy": 353, "share_in_municipality": 0.0}, "geometry": {"type": "Polygon", "coordinates": [[[5.24049, 52.33484], [5.25516, 52.33485], [5.25513, 52.34384], [5.24046, 52.34382], [5.24049, 52.33484]]]}}, {"type": "Feature", "properties": {"ntot": 1199, "nhx": 798, "noy": 401, "share_in_municipality": 0.0}, "geometry": {"type": "Polygon", "coordinates": [[[5.25516, 52.33485], [5.26983, 52.33487], [5.26981, 52.34386], [5.25513, 52.34384], [5.25516, 52.33485]]]}}, {"type": "Feature", "properties": {"ntot": 1066, "nhx": 700, "noy": 366, "share_in_municipality": 0.0}, "geometry": {"type": "Polygon", "coordinates": [[[5.26983, 52.33487], [5.2845, 52.33488], [5.28448, 52.34387], [5.26981, 52.34386], [5.26983, 52.33487]]]}}, {"type": "Feature", "properties": {"ntot": 1037, "nhx": 693, "noy": 344, "share_in_municipality": 0.0}, "geometry": {"type": "Polygon", "coordinates": [[[5.2845, 52.33488], [5.29917, 52.3349], [5.29916, 52.34388], [5.28448, 52.34387], [5.2845, 52.33488]]]}}, {"type": "Feature", "properties": {"ntot": 1052, "nhx": 743, "noy": 310, "share_in_municipality": 0.0}, "geometry": {"type": "Polygon", "coordinates": [[[5.29917, 52.3349], [5.31385, 52.33491], [5.31383, 52.34389], [5.29916, 52.34388], [5.29917, 52.3349]]]}}, {"type": "Feature", "properties": {"ntot": 1020, "nhx": 705, "noy": 315, "share_in_municipality": 0.0}, "geometry": {"type": "Polygon", "coordinates": [[[5.31385, 52.33491], [5.32852, 52.33491], [5.32851, 52.3439], [5.31383, 52.34389], [5.31385, 52.33491]]]}}, {"type": "Feature", "properties": {"ntot": 914, "nhx": 609, "noy": 305, "share_in_municipality": 0.0}, "geometry": {"type": "Polygon", "coordinates": [[[5.32852, 52.33491], [5.34319, 52.33492], [5.34318, 52.34391], [5.32851, 52.3439], [5.32852, 52.33491]]]}}, {"type": "Feature", "properties": {"ntot": 1001, "nhx": 660, "noy": 341, "share_in_municipality": 0.0}, "geometry": {"type": "Polygon", "coordinates": [[[5.34319, 52.33492], [5.35786, 52.33492], [5.35785, 52.34391], [5.34318, 52.34391], [5.34319, 52.33492]]]}}, {"type": "Feature", "properties": {"ntot": 987, "nhx": 678, "noy": 309, "share_in_municipality": 0.0}, "geometry": {"type": "Polygon", "coordinates": [[[5.35786, 52.33492], [5.37253, 52.33493], [5.37253, 52.34391], [5.35785, 52.34391], [5.35786, 52.33492]]]}}, {"type": "Feature", "properties": {"ntot": 1020, "nhx": 710, "noy": 310, "share_in_municipality": 0.0}, "geometry": {"type": "Polygon", "coordinates": [[[5.37253, 52.33493], [5.3872, 52.33493], [5.3872, 52.34392], [5.37253, 52.34391], [5.37253, 52.33493]]]}}, {"type": "Feature", "properties": {"ntot": 1095, "nhx": 786, "noy": 308, "share_in_municipality": 0.0}, "geometry": {"type": "Polygon", "coordinates": [[[5.3872, 52.33493], [5.40188, 52.33493], [5.40188, 52.34391], [5.3872, 52.34392], [5.3872, 52.33493]]]}}, {"type": "Feature", "properties": {"ntot": 1068, "nhx": 761, "noy": 307, "share_in_municipality": 0.0}, "geometry": {"type": "Polygon", "coordinates": [[[5.40188, 52.33493], [5.41655, 52.33492], [5.41655, 52.34391], [5.40188, 52.34391], [5.40188, 52.33493]]]}}, {"type": "Feature", "properties": {"ntot": 960, "nhx": 661, "noy": 300, "share_in_municipality": 0.0}, "geometry": {"type": "Polygon", "coordinates": [[[5.41655, 52.33492], [5.43122, 52.33492], [5.43123, 52.34391], [5.41655, 52.34391], [5.41655, 52.33492]]]}}, {"type": "Feature", "properties": {"ntot": 1041, "nhx": 728, "noy": 312, "share_in_municipality": 0.0}, "geometry": {"type": "Polygon", "coordinates": [[[5.43122, 52.33492], [5.44589, 52.33491], [5.4459, 52.3439], [5.43123, 52.34391], [5.43122, 52.33492]]]}}, {"type": "Feature", "properties": {"ntot": 1261, "nhx": 901, "noy": 361, "share_in_municipality": 0.0}, "geometry": {"type": "Polygon", "coordinates": [[[5.44589, 52.33491], [5.46056, 52.33491], [5.46058, 52.34389], [5.4459, 52.3439], [5.44589, 52.33491]]]}}, {"type": "Feature", "properties": {"ntot": 1464, "nhx": 1029, "noy": 435, "share_in_municipality": 0.0}, "geometry": {"type": "Polygon", "coordinates": [[[5.46056, 52.33491], [5.47523, 52.3349], [5.47525, 52.34388], [5.46058, 52.34389], [5.46056, 52.33491]]]}}, {"type": "Feature", "properties": {"ntot": 1406, "nhx": 958, "noy": 448, "share_in_municipality": 0.0}, "geometry": {"type": "Polygon", "coordinates": [[[5.47523, 52.3349], [5.48991, 52.33488], [5.48993, 52.34387], [5.47525, 52.34388], [5.47523, 52.3349]]]}}, {"type": "Feature", "properties": {"ntot": 1170, "nhx": 803, "noy": 367, "share_in_municipality": 0.0}, "geometry": {"type": "Polygon", "coordinates": [[[5.48991, 52.33488], [5.50458, 52.33487], [5.5046, 52.34386], [5.48993, 52.34387], [5.48991, 52.33488]]]}}, {"type": "Feature", "properties": {"ntot": 1102, "nhx": 783, "noy": 319, "share_in_municipality": 0.0}, "geometry": {"type": "Polygon", "coordinates": [[[5.50458, 52.33487], [5.51925, 52.33485], [5.51928, 52.34384], [5.5046, 52.34386], [5.50458, 52.33487]]]}}, {"type": "Feature", "properties": {"ntot": 1208, "nhx": 885, "noy": 323, "share_in_municipality": 0.0}, "geometry": {"type": "Polygon", "coordinates": [[[5.51925, 52.33485], [5.53392, 52.33484], [5.53395, 52.34382], [5.51928, 52.34384], [5.51925, 52.33485]]]}}, {"type": "Feature", "properties": {"ntot": 844, "nhx": 575, "noy": 269, "share_in_municipality": 0.0}, "geometry": {"type": "Polygon", "coordinates": [[[5.53392, 52.33484], [5.54859, 52.33482], [5.54863, 52.34381], [5.53395, 52.34382], [5.53392, 52.33484]]]}}, {"type": "Feature", "properties": {"ntot": 582, "nhx": 379, "noy": 202, "share_in_municipality": 0.0}, "geometry": {"type": "Polygon", "coordinates": [[[5.54859, 52.33482], [5.56326, 52.3348], [5.5633, 52.34378], [5.54863, 52.34381], [5.54859, 52.33482]]]}}, {"type": "Feature", "properties": {"ntot": 593, "nhx": 390, "noy": 203, "share_in_municipality": 0.0}, "geometry": {"type": "Polygon", "coordinates": [[[5.56326, 52.3348], [5.57794, 52.33477], [5.57797, 52.34376], [5.5633, 52.34378], [5.56326, 52.3348]]]}}, {"type": "Feature", "properties": {"ntot": 598, "nhx": 392, "noy": 206, "share_in_municipality": 0.0}, "geometry": {"type": "Polygon", "coordinates": [[[5.57794, 52.33477], [5.59261, 52.33475], [5.59265, 52.34374], [5.57797, 52.34376], [5.57794, 52.33477]]]}}, {"type": "Feature", "properties": {"ntot": 875, "nhx": 612, "noy": 263, "share_in_municipality": 0.0}, "geometry": {"type": "Polygon", "coordinates": [[[5.59261, 52.33475], [5.60728, 52.33472], [5.60732, 52.34371], [5.59265, 52.34374], [5.59261, 52.33475]]]}}, {"type": "Feature", "properties": {"ntot": 1502, "nhx": 1115, "noy": 387, "share_in_municipality": 0.0}, "geometry": {"type": "Polygon", "coordinates": [[[5.60728, 52.33472], [5.62195, 52.33469], [5.622, 52.34368], [5.60732, 52.34371], [5.60728, 52.33472]]]}}, {"type": "Feature", "properties": {"ntot": 1530, "nhx": 1123, "noy": 407, "share_in_municipality": 0.0}, "geometry": {"type": "Polygon", "coordinates": [[[5.62195, 52.33469], [5.63662, 52.33466], [5.63667, 52.34365], [5.622, 52.34368], [5.62195, 52.33469]]]}}, {"type": "Feature", "properties": {"ntot": 1431, "nhx": 1012, "noy": 419, "share_in_municipality": 0.0}, "geometry": {"type": "Polygon", "coordinates": [[[5.63662, 52.33466], [5.65129, 52.33463], [5.65135, 52.34362], [5.63667, 52.34365], [5.63662, 52.33466]]]}}, {"type": "Feature", "properties": {"ntot": 1307, "nhx": 879, "noy": 428, "share_in_municipality": 0.0}, "geometry": {"type": "Polygon", "coordinates": [[[5.65129, 52.33463], [5.66597, 52.3346], [5.66602, 52.34359], [5.65135, 52.34362], [5.65129, 52.33463]]]}}, {"type": "Feature", "properties": {"ntot": 1358, "nhx": 931, "noy": 427, "share_in_municipality": 0.0}, "geometry": {"type": "Polygon", "coordinates": [[[5.66597, 52.3346], [5.68064, 52.33456], [5.6807, 52.34355], [5.66602, 52.34359], [5.66597, 52.3346]]]}}, {"type": "Feature", "properties": {"ntot": 1397, "nhx": 950, "noy": 446, "share_in_municipality": 0.0}, "geometry": {"type": "Polygon", "coordinates": [[[5.68064, 52.33456], [5.69531, 52.33453], [5.69537, 52.34351], [5.6807, 52.34355], [5.68064, 52.33456]]]}}, {"type": "Feature", "properties": {"ntot": 1589, "nhx": 1073, "noy": 516, "share_in_municipality": 0.0}, "geometry": {"type": "Polygon", "coordinates": [[[5.69531, 52.33453], [5.70998, 52.33449], [5.71004, 52.34347], [5.69537, 52.34351], [5.69531, 52.33453]]]}}, {"type": "Feature", "properties": {"ntot": 1179, "nhx": 820, "noy": 359, "share_in_municipality": 0.0}, "geometry": {"type": "Polygon", "coordinates": [[[5.70998, 52.33449], [5.72465, 52.33445], [5.72472, 52.34343], [5.71004, 52.34347], [5.70998, 52.33449]]]}}, {"type": "Feature", "properties": {"ntot": 980, "nhx": 663, "noy": 316, "share_in_municipality": 0.0}, "geometry": {"type": "Polygon", "coordinates": [[[5.72465, 52.33445], [5.73932, 52.3344], [5.73939, 52.34339], [5.72472, 52.34343], [5.72465, 52.33445]]]}}, {"type": "Feature", "properties": {"ntot": 1386, "nhx": 966, "noy": 420, "share_in_municipality": 0.0}, "geometry": {"type": "Polygon", "coordinates": [[[5.73932, 52.3344], [5.75399, 52.33436], [5.75407, 52.34335], [5.73939, 52.34339], [5.73932, 52.3344]]]}}, {"type": "Feature", "properties": {"ntot": 1422, "nhx": 995, "noy": 427, "share_in_municipality": 0.0}, "geometry": {"type": "Polygon", "coordinates": [[[5.75399, 52.33436], [5.76866, 52.33431], [5.76874, 52.3433], [5.75407, 52.34335], [5.75399, 52.33436]]]}}, {"type": "Feature", "properties": {"ntot": 1115, "nhx": 774, "noy": 341, "share_in_municipality": 0.0}, "geometry": {"type": "Polygon", "coordinates": [[[5.76866, 52.33431], [5.78334, 52.33426], [5.78342, 52.34325], [5.76874, 52.3433], [5.76866, 52.33431]]]}}, {"type": "Feature", "properties": {"ntot": 1476, "nhx": 1030, "noy": 446, "share_in_municipality": 0.0}, "geometry": {"type": "Polygon", "coordinates": [[[5.78334, 52.33426], [5.79801, 52.33421], [5.79809, 52.3432], [5.78342, 52.34325], [5.78334, 52.33426]]]}}, {"type": "Feature", "properties": {"ntot": 1467, "nhx": 1028, "noy": 439, "share_in_municipality": 0.0}, "geometry": {"type": "Polygon", "coordinates": [[[5.79801, 52.33421], [5.81268, 52.33416], [5.81276, 52.34315], [5.79809, 52.3432], [5.79801, 52.33421]]]}}, {"type": "Feature", "properties": {"ntot": 1310, "nhx": 909, "noy": 401, "share_in_municipality": 0.0}, "geometry": {"type": "Polygon", "coordinates": [[[5.81268, 52.33416], [5.82735, 52.33411], [5.82744, 52.3431], [5.81276, 52.34315], [5.81268, 52.33416]]]}}, {"type": "Feature", "properties": {"ntot": 1283, "nhx": 888, "noy": 395, "share_in_municipality": 0.0}, "geometry": {"type": "Polygon", "coordinates": [[[5.82735, 52.33411], [5.84202, 52.33405], [5.84211, 52.34304], [5.82744, 52.3431], [5.82735, 52.33411]]]}}, {"type": "Feature", "properties": {"ntot": 1423, "nhx": 994, "noy": 429, "share_in_municipality": 0.0}, "geometry": {"type": "Polygon", "coordinates": [[[5.84202, 52.33405], [5.85669, 52.334], [5.85679, 52.34298], [5.84211, 52.34304], [5.84202, 52.33405]]]}}, {"type": "Feature", "properties": {"ntot": 1265, "nhx": 867, "noy": 398, "share_in_municipality": 0.0}, "geometry": {"type": "Polygon", "coordinates": [[[5.16708, 52.34371], [5.18176, 52.34374], [5.18172, 52.35273], [5.16704, 52.3527], [5.16708, 52.34371]]]}}, {"type": "Feature", "properties": {"ntot": 1563, "nhx": 1040, "noy": 523, "share_in_municipality": 0.0}, "geometry": {"type": "Polygon", "coordinates": [[[5.18176, 52.34374], [5.19643, 52.34376], [5.1964, 52.35275], [5.18172, 52.35273], [5.18176, 52.34374]]]}}, {"type": "Feature", "properties": {"ntot": 1173, "nhx": 752, "noy": 421, "share_in_municipality": 0.0}, "geometry": {"type": "Polygon", "coordinates": [[[5.19643, 52.34376], [5.21111, 52.34378], [5.21107, 52.35277], [5.1964, 52.35275], [5.19643, 52.34376]]]}}, {"type": "Feature", "properties": {"ntot": 1588, "nhx": 1130, "noy": 458, "share_in_municipality": 0.0}, "geometry": {"type": "Polygon", "coordinates": [[[5.21111, 52.34378], [5.22578, 52.34381], [5.22575, 52.35279], [5.21107, 52.35277], [5.21111, 52.34378]]]}}, {"type": "Feature", "properties": {"ntot": 1425, "nhx": 971, "noy": 453, "share_in_municipality": 0.0}, "geometry": {"type": "Polygon", "coordinates": [[[5.22578, 52.34381], [5.24046, 52.34382], [5.24043, 52.35281], [5.22575, 52.35279], [5.22578, 52.34381]]]}}, {"type": "Feature", "properties": {"ntot": 1077, "nhx": 687, "noy": 390, "share_in_municipality": 0.0}, "geometry": {"type": "Polygon", "coordinates": [[[5.24046, 52.34382], [5.25513, 52.34384], [5.25511, 52.35283], [5.24043, 52.35281], [5.24046, 52.34382]]]}}, {"type": "Feature", "properties": {"ntot": 1365, "nhx": 889, "noy": 476, "share_in_municipality": 0.0}, "geometry": {"type": "Polygon", "coordinates": [[[5.25513, 52.34384], [5.26981, 52.34386], [5.26978, 52.35285], [5.25511, 52.35283], [5.25513, 52.34384]]]}}, {"type": "Feature", "properties": {"ntot": 1115, "nhx": 748, "noy": 367, "share_in_municipality": 0.0}, "geometry": {"type": "Polygon", "coordinates": [[[5.26981, 52.34386], [5.28448, 52.34387], [5.28446, 52.35286], [5.26978, 52.35285], [5.26981, 52.34386]]]}}, {"type": "Feature", "properties": {"ntot": 913, "nhx": 588, "noy": 325, "share_in_municipality": 0.0}, "geometry": {"type": "Polygon", "coordinates": [[[5.28448, 52.34387], [5.29916, 52.34388], [5.29914, 52.35287], [5.28446, 52.35286], [5.28448, 52.34387]]]}}, {"type": "Feature", "properties": {"ntot": 965, "nhx": 654, "noy": 312, "share_in_municipality": 0.0}, "geometry": {"type": "Polygon", "coordinates": [[[5.29916, 52.34388], [5.31383, 52.34389], [5.31382, 52.35288], [5.29914, 52.35287], [5.29916, 52.34388]]]}}, {"type": "Feature", "properties": {"ntot": 920, "nhx": 624, "noy": 296, "share_in_municipality": 0.0}, "geometry": {"type": "Polygon", "coordinates": [[[5.31383, 52.34389], [5.32851, 52.3439], [5.32849, 52.35289], [5.31382, 52.35288], [5.31383, 52.34389]]]}}, {"type": "Feature", "properties": {"ntot": 928, "nhx": 584, "noy": 344, "share_in_municipality": 0.0}, "geometry": {"type": "Polygon", "coordinates": [[[5.32851, 52.3439], [5.34318, 52.34391], [5.34317, 52.3529], [5.32849, 52.35289], [5.32851, 52.3439]]]}}, {"type": "Feature", "properties": {"ntot": 1032, "nhx": 715, "noy": 317, "share_in_municipality": 0.0}, "geometry": {"type": "Polygon", "coordinates": [[[5.34318, 52.34391], [5.35785, 52.34391], [5.35785, 52.3529], [5.34317, 52.3529], [5.34318, 52.34391]]]}}, {"type": "Feature", "properties": {"ntot": 997, "nhx": 690, "noy": 307, "share_in_municipality": 0.0}, "geometry": {"type": "Polygon", "coordinates": [[[5.35785, 52.34391], [5.37253, 52.34391], [5.37253, 52.3529], [5.35785, 52.3529], [5.35785, 52.34391]]]}}, {"type": "Feature", "properties": {"ntot": 1377, "nhx": 1076, "noy": 301, "share_in_municipality": 0.0}, "geometry": {"type": "Polygon", "coordinates": [[[5.37253, 52.34391], [5.3872, 52.34392], [5.3872, 52.3529], [5.37253, 52.3529], [5.37253, 52.34391]]]}}, {"type": "Feature", "properties": {"ntot": 1058, "nhx": 757, "noy": 300, "share_in_municipality": 0.0}, "geometry": {"type": "Polygon", "coordinates": [[[5.3872, 52.34392], [5.40188, 52.34391], [5.40188, 52.3529], [5.3872, 52.3529], [5.3872, 52.34392]]]}}, {"type": "Feature", "properties": {"ntot": 1090, "nhx": 794, "noy": 297, "share_in_municipality": 0.0}, "geometry": {"type": "Polygon", "coordinates": [[[5.40188, 52.34391], [5.41655, 52.34391], [5.41656, 52.3529], [5.40188, 52.3529], [5.40188, 52.34391]]]}}, {"type": "Feature", "properties": {"ntot": 1054, "nhx": 748, "noy": 306, "share_in_municipality": 0.0}, "geometry": {"type": "Polygon", "coordinates": [[[5.41655, 52.34391], [5.43123, 52.34391], [5.43124, 52.35289], [5.41656, 52.3529], [5.41655, 52.34391]]]}}, {"type": "Feature", "properties": {"ntot": 1090, "nhx": 789, "noy": 301, "share_in_municipality": 0.0}, "geometry": {"type": "Polygon", "coordinates": [[[5.43123, 52.34391], [5.4459, 52.3439], [5.44591, 52.35289], [5.43124, 52.35289], [5.43123, 52.34391]]]}}, {"type": "Feature", "properties": {"ntot": 1061, "nhx": 748, "noy": 313, "share_in_municipality": 0.0}, "geometry": {"type": "Polygon", "coordinates": [[[5.4459, 52.3439], [5.46058, 52.34389], [5.46059, 52.35288], [5.44591, 52.35289], [5.4459, 52.3439]]]}}, {"type": "Feature", "properties": {"ntot": 1064, "nhx": 749, "noy": 315, "share_in_municipality": 0.0}, "geometry": {"type": "Polygon", "coordinates": [[[5.46058, 52.34389], [5.47525, 52.34388], [5.47527, 52.35287], [5.46059, 52.35288], [5.46058, 52.34389]]]}}, {"type": "Feature", "properties": {"ntot": 1085, "nhx": 750, "noy": 335, "share_in_municipality": 0.0}, "geometry": {"type": "Polygon", "coordinates": [[[5.47525, 52.34388], [5.48993, 52.34387], [5.48995, 52.35286], [5.47527, 52.35287], [5.47525, 52.34388]]]}}, {"type": "Feature", "properties": {"ntot": 1168, "nhx": 818, "noy": 349, "share_in_municipality": 0.0}, "geometry": {"type": "Polygon", "coordinates": [[[5.48993, 52.34387], [5.5046, 52.34386], [5.50463, 52.35284], [5.48995, 52.35286], [5.48993, 52.34387]]]}}, {"type": "Feature", "properties": {"ntot": 965, "nhx": 651, "noy": 314, "share_in_municipality": 0.0}, "geometry": {"type": "Polygon", "coordinates": [[[5.5046, 52.34386], [5.51928, 52.34384], [5.5193, 52.35283], [5.50463, 52.35284], [5.5046, 52.34386]]]}}, {"type": "Feature", "properties": {"ntot": 957, "nhx": 674, "noy": 283, "share_in_municipality": 0.0}, "geometry": {"type": "Polygon", "coordinates": [[[5.51928, 52.34384], [5.53395, 52.34382], [5.53398, 52.35281], [5.5193, 52.35283], [5.51928, 52.34384]]]}}, {"type": "Feature", "properties": {"ntot": 722, "nhx": 490, "noy": 232, "share_in_municipality": 0.0}, "geometry": {"type": "Polygon", "coordinates": [[[5.53395, 52.34382], [5.54863, 52.34381], [5.54866, 52.35279], [5.53398, 52.35281], [5.53395, 52.34382]]]}}, {"type": "Feature", "properties": {"ntot": 588, "nhx": 387, "noy": 200, "share_in_municipality": 0.0}, "geometry": {"type": "Polygon", "coordinates": [[[5.54863, 52.34381], [5.5633, 52.34378], [5.56334, 52.35277], [5.54866, 52.35279], [5.54863, 52.34381]]]}}, {"type": "Feature", "properties": {"ntot": 590, "nhx": 390, "noy": 201, "share_in_municipality": 0.0}, "geometry": {"type": "Polygon", "coordinates": [[[5.5633, 52.34378], [5.57797, 52.34376], [5.57801, 52.35275], [5.56334, 52.35277], [5.5633, 52.34378]]]}}, {"type": "Feature", "properties": {"ntot": 590, "nhx": 388, "noy": 201, "share_in_municipality": 0.0}, "geometry": {"type": "Polygon", "coordinates": [[[5.57797, 52.34376], [5.59265, 52.34374], [5.59269, 52.35272], [5.57801, 52.35275], [5.57797, 52.34376]]]}}, {"type": "Feature", "properties": {"ntot": 589, "nhx": 386, "noy": 203, "share_in_municipality": 0.0}, "geometry": {"type": "Polygon", "coordinates": [[[5.59265, 52.34374], [5.60732, 52.34371], [5.60737, 52.3527], [5.59269, 52.35272], [5.59265, 52.34374]]]}}, {"type": "Feature", "properties": {"ntot": 1363, "nhx": 1011, "noy": 352, "share_in_municipality": 0.0}, "geometry": {"type": "Polygon", "coordinates": [[[5.60732, 52.34371], [5.622, 52.34368], [5.62205, 52.35267], [5.60737, 52.3527], [5.60732, 52.34371]]]}}, {"type": "Feature", "properties": {"ntot": 1723, "nhx": 1292, "noy": 431, "share_in_municipality": 0.0}, "geometry": {"type": "Polygon", "coordinates": [[[5.622, 52.34368], [5.63667, 52.34365], [5.63672, 52.35264], [5.62205, 52.35267], [5.622, 52.34368]]]}}, {"type": "Feature", "properties": {"ntot": 1429, "nhx": 1035, "noy": 394, "share_in_municipality": 0.0}, "geometry": {"type": "Polygon", "coordinates": [[[5.63667, 52.34365], [5.65135, 52.34362], [5.6514, 52.35261], [5.63672, 52.35264], [5.63667, 52.34365]]]}}, {"type": "Feature", "properties": {"ntot": 1123, "nhx": 806, "noy": 318, "share_in_municipality": 0.0}, "geometry": {"type": "Polygon", "coordinates": [[[5.65135, 52.34362], [5.66602, 52.34359], [5.66608, 52.35257], [5.6514, 52.35261], [5.65135, 52.34362]]]}}, {"type": "Feature", "properties": {"ntot": 1039, "nhx": 725, "noy": 314, "share_in_municipality": 0.0}, "geometry": {"type": "Polygon", "coordinates": [[[5.66602, 52.34359], [5.6807, 52.34355], [5.68076, 52.35254], [5.66608, 52.35257], [5.66602, 52.34359]]]}}, {"type": "Feature", "properties": {"ntot": 1253, "nhx": 886, "noy": 368, "share_in_municipality": 0.0}, "geometry": {"type": "Polygon", "coordinates": [[[5.6807, 52.34355], [5.69537, 52.34351], [5.69543, 52.3525], [5.68076, 52.35254], [5.6807, 52.34355]]]}}, {"type": "Feature", "properties": {"ntot": 1062, "nhx": 706, "noy": 356, "share_in_municipality": 0.0}, "geometry": {"type": "Polygon", "coordinates": [[[5.69537, 52.34351], [5.71004, 52.34347], [5.71011, 52.35246], [5.69543, 52.3525], [5.69537, 52.34351]]]}}, {"type": "Feature", "properties": {"ntot": 1267, "nhx": 833, "noy": 434, "share_in_municipality": 0.0}, "geometry": {"type": "Polygon", "coordinates": [[[5.71004, 52.34347], [5.72472, 52.34343], [5.72479, 52.35242], [5.71011, 52.35246], [5.71004, 52.34347]]]}}, {"type": "Feature", "properties": {"ntot": 1176, "nhx": 781, "noy": 396, "share_in_municipality": 0.0}, "geometry": {"type": "Polygon", "coordinates": [[[5.72472, 52.34343], [5.73939, 52.34339], [5.73946, 52.35238], [5.72479, 52.35242], [5.72472, 52.34343]]]}}, {"type": "Feature", "properties": {"ntot": 904, "nhx": 598, "noy": 307, "share_in_municipality": 0.0}, "geometry": {"type": "Polygon", "coordinates": [[[5.73939, 52.34339], [5.75407, 52.34335], [5.75414, 52.35233], [5.73946, 52.35238], [5.73939, 52.34339]]]}}, {"type": "Feature", "properties": {"ntot": 1328, "nhx": 916, "noy": 412, "share_in_municipality": 0.0}, "geometry": {"type": "Polygon", "coordinates": [[[5.75407, 52.34335], [5.76874, 52.3433], [5.76882, 52.35229], [5.75414, 52.35233], [5.75407, 52.34335]]]}}, {"type": "Feature", "properties": {"ntot": 1488, "nhx": 1044, "noy": 444, "share_in_municipality": 0.0}, "geometry": {"type": "Polygon", "coordinates": [[[5.76874, 52.3433], [5.78342, 52.34325], [5.7835, 52.35224], [5.76882, 52.35229], [5.76874, 52.3433]]]}}, {"type": "Feature", "properties": {"ntot": 1470, "nhx": 1022, "noy": 448, "share_in_municipality": 0.0}, "geometry": {"type": "Polygon", "coordinates": [[[5.78342, 52.34325], [5.79809, 52.3432], [5.79817, 52.35219], [5.7835, 52.35224], [5.78342, 52.34325]]]}}, {"type": "Feature", "properties": {"ntot": 1317, "nhx": 913, "noy": 403, "share_in_municipality": 0.0}, "geometry": {"type": "Polygon", "coordinates": [[[5.79809, 52.3432], [5.81276, 52.34315], [5.81285, 52.35214], [5.79817, 52.35219], [5.79809, 52.3432]]]}}, {"type": "Feature", "properties": {"ntot": 1240, "nhx": 857, "noy": 384, "share_in_municipality": 0.0}, "geometry": {"type": "Polygon", "coordinates": [[[5.81276, 52.34315], [5.82744, 52.3431], [5.82753, 52.35208], [5.81285, 52.35214], [5.81276, 52.34315]]]}}, {"type": "Feature", "properties": {"ntot": 1306, "nhx": 907, "noy": 398, "share_in_municipality": 0.0}, "geometry": {"type": "Polygon", "coordinates": [[[5.82744, 52.3431], [5.84211, 52.34304], [5.8422, 52.35203], [5.82753, 52.35208], [5.82744, 52.3431]]]}}, {"type": "Feature", "properties": {"ntot": 1440, "nhx": 1007, "noy": 432, "share_in_municipality": 0.0}, "geometry": {"type": "Polygon", "coordinates": [[[5.84211, 52.34304], [5.85679, 52.34298], [5.85688, 52.35197], [5.8422, 52.35203], [5.84211, 52.34304]]]}}, {"type": "Feature", "properties": {"ntot": 1474, "nhx": 1033, "noy": 441, "share_in_municipality": 0.0}, "geometry": {"type": "Polygon", "coordinates": [[[5.16704, 52.3527], [5.18172, 52.35273], [5.18168, 52.36171], [5.167, 52.36169], [5.16704, 52.3527]]]}}, {"type": "Feature", "properties": {"ntot": 1080, "nhx": 735, "noy": 345, "share_in_municipality": 0.0}, "geometry": {"type": "Polygon", "coordinates": [[[5.18172, 52.35273], [5.1964, 52.35275], [5.19636, 52.36174], [5.18168, 52.36171], [5.18172, 52.35273]]]}}, {"type": "Feature", "properties": {"ntot": 1376, "nhx": 947, "noy": 429, "share_in_municipality": 0.0}, "geometry": {"type": "Polygon", "coordinates": [[[5.1964, 52.35275], [5.21107, 52.35277], [5.21104, 52.36176], [5.19636, 52.36174], [5.1964, 52.35275]]]}}, {"type": "Feature", "properties": {"ntot": 816, "nhx": 508, "noy": 308, "share_in_municipality": 0.0}, "geometry": {"type": "Polygon", "coordinates": [[[5.21107, 52.35277], [5.22575, 52.35279], [5.22572, 52.36178], [5.21104, 52.36176], [5.21107, 52.35277]]]}}, {"type": "Feature", "properties": {"ntot": 816, "nhx": 514, "noy": 302, "share_in_municipality": 0.0}, "geometry": {"type": "Polygon", "coordinates": [[[5.22575, 52.35279], [5.24043, 52.35281], [5.2404, 52.3618], [5.22572, 52.36178], [5.22575, 52.35279]]]}}, {"type": "Feature", "properties": {"ntot": 1175, "nhx": 815, "noy": 360, "share_in_municipality": 0.0}, "geometry": {"type": "Polygon", "coordinates": [[[5.24043, 52.35281], [5.25511, 52.35283], [5.25508, 52.36182], [5.2404, 52.3618], [5.24043, 52.35281]]]}}, {"type": "Feature", "properties": {"ntot": 1390, "nhx": 916, "noy": 474, "share_in_municipality": 0.0}, "geometry": {"type": "Polygon", "coordinates": [[[5.25511, 52.35283], [5.26978, 52.35285], [5.26976, 52.36183], [5.25508, 52.36182], [5.25511, 52.35283]]]}}, {"type": "Feature", "properties": {"ntot": 1127, "nhx": 796, "noy": 331, "share_in_municipality": 0.0}, "geometry": {"type": "Polygon", "coordinates": [[[5.26978, 52.35285], [5.28446, 52.35286], [5.28444, 52.36185], [5.26976, 52.36183], [5.26978, 52.35285]]]}}, {"type": "Feature", "properties": {"ntot": 1115, "nhx": 777, "noy": 338, "share_in_municipality": 0.0}, "geometry": {"type": "Polygon", "coordinates": [[[5.28446, 52.35286], [5.29914, 52.35287], [5.29912, 52.36186], [5.28444, 52.36185], [5.28446, 52.35286]]]}}, {"type": "Feature", "properties": {"ntot": 959, "nhx": 663, "noy": 296, "share_in_municipality": 0.0}, "geometry": {"type": "Polygon", "coordinates": [[[5.29914, 52.35287], [5.31382, 52.35288], [5.3138, 52.36187], [5.29912, 52.36186], [5.29914, 52.35287]]]}}, {"type": "Feature", "properties": {"ntot": 1016, "nhx": 683, "noy": 332, "share_in_municipality": 0.0}, "geometry": {"type": "Polygon", "coordinates": [[[5.31382, 52.35288], [5.32849, 52.35289], [5.32848, 52.36188], [5.3138, 52.36187], [5.31382, 52.35288]]]}}, {"type": "Feature", "properties": {"ntot": 995, "nhx": 664, "noy": 331, "share_in_municipality": 0.0}, "geometry": {"type": "Polygon", "coordinates": [[[5.32849, 52.35289], [5.34317, 52.3529], [5.34316, 52.36188], [5.32848, 52.36188], [5.32849, 52.35289]]]}}, {"type": "Feature", "properties": {"ntot": 998, "nhx": 679, "noy": 319, "share_in_municipality": 0.0}, "geometry": {"type": "Polygon", "coordinates": [[[5.34317, 52.3529], [5.35785, 52.3529], [5.35784, 52.36189], [5.34316, 52.36188], [5.34317, 52.3529]]]}}, {"type": "Feature", "properties": {"ntot": 980, "nhx": 667, "noy": 313, "share_in_municipality": 0.0}, "geometry": {"type": "Polygon", "coordinates": [[[5.35785, 52.3529], [5.37253, 52.3529], [5.37252, 52.36189], [5.35784, 52.36189], [5.35785, 52.3529]]]}}, {"type": "Feature", "properties": {"ntot": 986, "nhx": 684, "noy": 302, "share_in_municipality": 0.0}, "geometry": {"type": "Polygon", "coordinates": [[[5.37253, 52.3529], [5.3872, 52.3529], [5.3872, 52.36189], [5.37252, 52.36189], [5.37253, 52.3529]]]}}, {"type": "Feature", "properties": {"ntot": 1051, "nhx": 754, "noy": 298, "share_in_municipality": 0.0}, "geometry": {"type": "Polygon", "coordinates": [[[5.3872, 52.3529], [5.40188, 52.3529], [5.40188, 52.36189], [5.3872, 52.36189], [5.3872, 52.3529]]]}}, {"type": "Feature", "properties": {"ntot": 1006, "nhx": 706, "noy": 300, "share_in_municipality": 0.0}, "geometry": {"type": "Polygon", "coordinates": [[[5.40188, 52.3529], [5.41656, 52.3529], [5.41657, 52.36189], [5.40188, 52.36189], [5.40188, 52.3529]]]}}, {"type": "Feature", "properties": {"ntot": 1103, "nhx": 802, "noy": 301, "share_in_municipality": 0.0}, "geometry": {"type": "Polygon", "coordinates": [[[5.41656, 52.3529], [5.43124, 52.35289], [5.43125, 52.36188], [5.41657, 52.36189], [5.41656, 52.3529]]]}}, {"type": "Feature", "properties": {"ntot": 1020, "nhx": 721, "noy": 299, "share_in_municipality": 0.0}, "geometry": {"type": "Polygon", "coordinates": [[[5.43124, 52.35289], [5.44591, 52.35289], [5.44593, 52.36188], [5.43125, 52.36188], [5.43124, 52.35289]]]}}, {"type": "Feature", "properties": {"ntot": 993, "nhx": 694, "noy": 298, "share_in_municipality": 0.0}, "geometry": {"type": "Polygon", "coordinates": [[[5.44591, 52.35289], [5.46059, 52.35288], [5.46061, 52.36187], [5.44593, 52.36188], [5.44591, 52.35289]]]}}, {"type": "Feature", "properties": {"ntot": 1053, "nhx": 748, "noy": 304, "share_in_municipality": 0.0}, "geometry": {"type": "Polygon", "coordinates": [[[5.46059, 52.35288], [5.47527, 52.35287], [5.47529, 52.36186], [5.46061, 52.36187], [5.46059, 52.35288]]]}}, {"type": "Feature", "properties": {"ntot": 1067, "nhx": 754, "noy": 312, "share_in_municipality": 0.0}, "geometry": {"type": "Polygon", "coordinates": [[[5.47527, 52.35287], [5.48995, 52.35286], [5.48997, 52.36185], [5.47529, 52.36186], [5.47527, 52.35287]]]}}, {"type": "Feature", "properties": {"ntot": 1461, "nhx": 1092, "noy": 369, "share_in_municipality": 0.0}, "geometry": {"type": "Polygon", "coordinates": [[[5.48995, 52.35286], [5.50463, 52.35284], [5.50465, 52.36183], [5.48997, 52.36185], [5.48995, 52.35286]]]}}, {"type": "Feature", "properties": {"ntot": 1605, "nhx": 1195, "noy": 410, "share_in_municipality": 0.0}, "geometry": {"type": "Polygon", "coordinates": [[[5.50463, 52.35284], [5.5193, 52.35283], [5.51933, 52.36182], [5.50465, 52.36183], [5.50463, 52.35284]]]}}, {"type": "Feature", "properties": {"ntot": 981, "nhx": 674, "noy": 306, "share_in_municipality": 0.0}, "geometry": {"type": "Polygon", "coordinates": [[[5.5193, 52.35283], [5.53398, 52.35281], [5.53401, 52.3618], [5.51933, 52.36182], [5.5193, 52.35283]]]}}, {"type": "Feature", "properties": {"ntot": 921, "nhx": 636, "noy": 285, "share_in_municipality": 0.0}, "geometry": {"type": "Polygon", "coordinates": [[[5.53398, 52.35281], [5.54866, 52.35279], [5.54869, 52.36178], [5.53401, 52.3618], [5.53398, 52.35281]]]}}, {"type": "Feature", "properties": {"ntot": 633, "nhx": 421, "noy": 211, "share_in_municipality": 0.0}, "geometry": {"type": "Polygon", "coordinates": [[[5.54866, 52.35279], [5.56334, 52.35277], [5.56337, 52.36176], [5.54869, 52.36178], [5.54866, 52.35279]]]}}, {"type": "Feature", "properties": {"ntot": 592, "nhx": 393, "noy": 199, "share_in_municipality": 0.0}, "geometry": {"type": "Polygon", "coordinates": [[[5.56334, 52.35277], [5.57801, 52.35275], [5.57805, 52.36174], [5.56337, 52.36176], [5.56334, 52.35277]]]}}, {"type": "Feature", "properties": {"ntot": 595, "nhx": 393, "noy": 202, "share_in_municipality": 0.0}, "geometry": {"type": "Polygon", "coordinates": [[[5.57801, 52.35275], [5.59269, 52.35272], [5.59273, 52.36171], [5.57805, 52.36174], [5.57801, 52.35275]]]}}, {"type": "Feature", "properties": {"ntot": 648, "nhx": 429, "noy": 219, "share_in_municipality": 0.0}, "geometry": {"type": "Polygon", "coordinates": [[[5.59269, 52.35272], [5.60737, 52.3527], [5.60741, 52.36169], [5.59273, 52.36171], [5.59269, 52.35272]]]}}, {"type": "Feature", "properties": {"ntot": 874, "nhx": 602, "noy": 272, "share_in_municipality": 0.0}, "geometry": {"type": "Polygon", "coordinates": [[[5.60737, 52.3527], [5.62205, 52.35267], [5.62209, 52.36166], [5.60741, 52.36169], [5.60737, 52.3527]]]}}, {"type": "Feature", "properties": {"ntot": 1356, "nhx": 1000, "noy": 357, "share_in_municipality": 0.0}, "geometry": {"type": "Polygon", "coordinates": [[[5.62205, 52.35267], [5.63672, 52.35264], [5.63677, 52.36163], [5.62209, 52.36166], [5.62205, 52.35267]]]}}, {"type": "Feature", "properties": {"ntot": 1697, "nhx": 1270, "noy": 427, "share_in_municipality": 0.0}, "geometry": {"type": "Polygon", "coordinates": [[[5.63672, 52.35264], [5.6514, 52.35261], [5.65145, 52.3616], [5.63677, 52.36163], [5.63672, 52.35264]]]}}, {"type": "Feature", "properties": {"ntot": 1355, "nhx": 1020, "noy": 335, "share_in_municipality": 0.0}, "geometry": {"type": "Polygon", "coordinates": [[[5.6514, 52.35261], [5.66608, 52.35257], [5.66613, 52.36156], [5.65145, 52.3616], [5.6514, 52.35261]]]}}, {"type": "Feature", "properties": {"ntot": 1022, "nhx": 738, "noy": 284, "share_in_municipality": 0.0}, "geometry": {"type": "Polygon", "coordinates": [[[5.66608, 52.35257], [5.68076, 52.35254], [5.68082, 52.36153], [5.66613, 52.36156], [5.66608, 52.35257]]]}}, {"type": "Feature", "properties": {"ntot": 912, "nhx": 626, "noy": 286, "share_in_municipality": 0.0}, "geometry": {"type": "Polygon", "coordinates": [[[5.68076, 52.35254], [5.69543, 52.3525], [5.6955, 52.36149], [5.68082, 52.36153], [5.68076, 52.35254]]]}}, {"type": "Feature", "properties": {"ntot": 1034, "nhx": 713, "noy": 320, "share_in_municipality": 0.0}, "geometry": {"type": "Polygon", "coordinates": [[[5.69543, 52.3525], [5.71011, 52.35246], [5.71018, 52.36145], [5.6955, 52.36149], [5.69543, 52.3525]]]}}, {"type": "Feature", "properties": {"ntot": 966, "nhx": 658, "noy": 307, "share_in_municipality": 0.0}, "geometry": {"type": "Polygon", "coordinates": [[[5.71011, 52.35246], [5.72479, 52.35242], [5.72486, 52.36141], [5.71018, 52.36145], [5.71011, 52.35246]]]}}, {"type": "Feature", "properties": {"ntot": 1068, "nhx": 718, "noy": 350, "share_in_municipality": 0.0}, "geometry": {"type": "Polygon", "coordinates": [[[5.72479, 52.35242], [5.73946, 52.35238], [5.73954, 52.36137], [5.72486, 52.36141], [5.72479, 52.35242]]]}}, {"type": "Feature", "properties": {"ntot": 1323, "nhx": 884, "noy": 439, "share_in_municipality": 0.0}, "geometry": {"type": "Polygon", "coordinates": [[[5.73946, 52.35238], [5.75414, 52.35233], [5.75422, 52.36132], [5.73954, 52.36137], [5.73946, 52.35238]]]}}, {"type": "Feature", "properties": {"ntot": 1584, "nhx": 1067, "noy": 517, "share_in_municipality": 0.0}, "geometry": {"type": "Polygon", "coordinates": [[[5.75414, 52.35233], [5.76882, 52.35229], [5.7689, 52.36127], [5.75422, 52.36132], [5.75414, 52.35233]]]}}, {"type": "Feature", "properties": {"ntot": 1377, "nhx": 951, "noy": 426, "share_in_municipality": 0.0}, "geometry": {"type": "Polygon", "coordinates": [[[5.76882, 52.35229], [5.7835, 52.35224], [5.78358, 52.36123], [5.7689, 52.36127], [5.76882, 52.35229]]]}}, {"type": "Feature", "properties": {"ntot": 1441, "nhx": 996, "noy": 445, "share_in_municipality": 0.0}, "geometry": {"type": "Polygon", "coordinates": [[[5.7835, 52.35224], [5.79817, 52.35219], [5.79826, 52.36118], [5.78358, 52.36123], [5.7835, 52.35224]]]}}, {"type": "Feature", "properties": {"ntot": 1461, "nhx": 1020, "noy": 441, "share_in_municipality": 0.0}, "geometry": {"type": "Polygon", "coordinates": [[[5.79817, 52.35219], [5.81285, 52.35214], [5.81294, 52.36112], [5.79826, 52.36118], [5.79817, 52.35219]]]}}, {"type": "Feature", "properties": {"ntot": 1435, "nhx": 1002, "noy": 433, "share_in_municipality": 0.0}, "geometry": {"type": "Polygon", "coordinates": [[[5.81285, 52.35214], [5.82753, 52.35208], [5.82762, 52.36107], [5.81294, 52.36112], [5.81285, 52.35214]]]}}, {"type": "Feature", "properties": {"ntot": 1458, "nhx": 1021, "noy": 437, "share_in_municipality": 0.0}, "geometry": {"type": "Polygon", "coordinates": [[[5.82753, 52.35208], [5.8422, 52.35203], [5.8423, 52.36102], [5.82762, 52.36107], [5.82753, 52.35208]]]}}, {"type": "Feature", "properties": {"ntot": 1444, "nhx": 1010, "noy": 434, "share_in_municipality": 0.0}, "geometry": {"type": "Polygon", "coordinates": [[[5.8422, 52.35203], [5.85688, 52.35197], [5.85698, 52.36096], [5.8423, 52.36102], [5.8422, 52.35203]]]}}, {"type": "Feature", "properties": {"ntot": 1651, "nhx": 1174, "noy": 477, "share_in_municipality": 0.0}, "geometry": {"type": "Polygon", "coordinates": [[[5.167, 52.36169], [5.18168, 52.36171], [5.18163, 52.3707], [5.16695, 52.37067], [5.167, 52.36169]]]}}, {"type": "Feature", "properties": {"ntot": 1576, "nhx": 1149, "noy": 426, "share_in_municipality": 0.0}, "geometry": {"type": "Polygon", "coordinates": [[[5.18168, 52.36171], [5.19636, 52.36174], [5.19632, 52.37072], [5.18163, 52.3707], [5.18168, 52.36171]]]}}, {"type": "Feature", "properties": {"ntot": 1668, "nhx": 1213, "noy": 455, "share_in_municipality": 0.0}, "geometry": {"type": "Polygon", "coordinates": [[[5.19636, 52.36174], [5.21104, 52.36176], [5.211, 52.37075], [5.19632, 52.37072], [5.19636, 52.36174]]]}}, {"type": "Feature", "properties": {"ntot": 1153, "nhx": 831, "noy": 322, "share_in_municipality": 0.0}, "geometry": {"type": "Polygon", "coordinates": [[[5.21104, 52.36176], [5.22572, 52.36178], [5.22568, 52.37077], [5.211, 52.37075], [5.21104, 52.36176]]]}}, {"type": "Feature", "properties": {"ntot": 1015, "nhx": 693, "noy": 323, "share_in_municipality": 0.0}, "geometry": {"type": "Polygon", "coordinates": [[[5.22572, 52.36178], [5.2404, 52.3618], [5.24037, 52.37079], [5.22568, 52.37077], [5.22572, 52.36178]]]}}, {"type": "Feature", "properties": {"ntot": 1251, "nhx": 880, "noy": 371, "share_in_municipality": 0.0}, "geometry": {"type": "Polygon", "coordinates": [[[5.2404, 52.3618], [5.25508, 52.36182], [5.25505, 52.3708], [5.24037, 52.37079], [5.2404, 52.3618]]]}}, {"type": "Feature", "properties": {"ntot": 1502, "nhx": 1096, "noy": 406, "share_in_municipality": 0.0}, "geometry": {"type": "Polygon", "coordinates": [[[5.25508, 52.36182], [5.26976, 52.36183], [5.26974, 52.37082], [5.25505, 52.3708], [5.25508, 52.36182]]]}}, {"type": "Feature", "properties": {"ntot": 1454, "nhx": 1002, "noy": 452, "share_in_municipality": 0.0}, "geometry": {"type": "Polygon", "coordinates": [[[5.26976, 52.36183], [5.28444, 52.36185], [5.28442, 52.37083], [5.26974, 52.37082], [5.26976, 52.36183]]]}}, {"type": "Feature", "properties": {"ntot": 944, "nhx": 613, "noy": 331, "share_in_municipality": 0.0}, "geometry": {"type": "Polygon", "coordinates": [[[5.28444, 52.36185], [5.29912, 52.36186], [5.2991, 52.37085], [5.28442, 52.37083], [5.28444, 52.36185]]]}}, {"type": "Feature", "properties": {"ntot": 970, "nhx": 645, "noy": 325, "share_in_municipality": 0.0}, "geometry": {"type": "Polygon", "coordinates": [[[5.29912, 52.36186], [5.3138, 52.36187], [5.31379, 52.37086], [5.2991, 52.37085], [5.29912, 52.36186]]]}}, {"type": "Feature", "properties": {"ntot": 1024, "nhx": 678, "noy": 346, "share_in_municipality": 0.0}, "geometry": {"type": "Polygon", "coordinates": [[[5.3138, 52.36187], [5.32848, 52.36188], [5.32847, 52.37086], [5.31379, 52.37086], [5.3138, 52.36187]]]}}, {"type": "Feature", "properties": {"ntot": 1008, "nhx": 696, "noy": 312, "share_in_municipality": 0.0}, "geometry": {"type": "Polygon", "coordinates": [[[5.32848, 52.36188], [5.34316, 52.36188], [5.34315, 52.37087], [5.32847, 52.37086], [5.32848, 52.36188]]]}}, {"type": "Feature", "properties": {"ntot": 1035, "nhx": 725, "noy": 310, "share_in_municipality": 0.0}, "geometry": {"type": "Polygon", "coordinates": [[[5.34316, 52.36188], [5.35784, 52.36189], [5.35784, 52.37087], [5.34315, 52.37087], [5.34316, 52.36188]]]}}, {"type": "Feature", "properties": {"ntot": 1029, "nhx": 721, "noy": 308, "share_in_municipality": 0.0}, "geometry": {"type": "Polygon", "coordinates": [[[5.35784, 52.36189], [5.37252, 52.36189], [5.37252, 52.37088], [5.35784, 52.37087], [5.35784, 52.36189]]]}}, {"type": "Feature", "properties": {"ntot": 1007, "nhx": 702, "noy": 305, "share_in_municipality": 0.0}, "geometry": {"type": "Polygon", "coordinates": [[[5.37252, 52.36189], [5.3872, 52.36189], [5.3872, 52.37088], [5.37252, 52.37088], [5.37252, 52.36189]]]}}, {"type": "Feature", "properties": {"ntot": 1078, "nhx": 771, "noy": 308, "share_in_municipality": 0.0}, "geometry": {"type": "Polygon", "coordinates": [[[5.3872, 52.36189], [5.40188, 52.36189], [5.40189, 52.37088], [5.3872, 52.37088], [5.3872, 52.36189]]]}}, {"type": "Feature", "properties": {"ntot": 1136, "nhx": 834, "noy": 302, "share_in_municipality": 0.0}, "geometry": {"type": "Polygon", "coordinates": [[[5.40188, 52.36189], [5.41657, 52.36189], [5.41657, 52.37087], [5.40189, 52.37088], [5.40188, 52.36189]]]}}, {"type": "Feature", "properties": {"ntot": 1093, "nhx": 796, "noy": 298, "share_in_municipality": 0.0}, "geometry": {"type": "Polygon", "coordinates": [[[5.41657, 52.36189], [5.43125, 52.36188], [5.43126, 52.37087], [5.41657, 52.37087], [5.41657, 52.36189]]]}}, {"type": "Feature", "properties": {"ntot": 997, "nhx": 704, "noy": 293, "share_in_municipality": 0.0}, "geometry": {"type": "Polygon", "coordinates": [[[5.43125, 52.36188], [5.44593, 52.36188], [5.44594, 52.37086], [5.43126, 52.37087], [5.43125, 52.36188]]]}}, {"type": "Feature", "properties": {"ntot": 968, "nhx": 675, "noy": 293, "share_in_municipality": 0.0}, "geometry": {"type": "Polygon", "coordinates": [[[5.44593, 52.36188], [5.46061, 52.36187], [5.46062, 52.37086], [5.44594, 52.37086], [5.44593, 52.36188]]]}}, {"type": "Feature", "properties": {"ntot": 1116, "nhx": 804, "noy": 311, "share_in_municipality": 0.0}, "geometry": {"type": "Polygon", "coordinates": [[[5.46061, 52.36187], [5.47529, 52.36186], [5.47531, 52.37085], [5.46062, 52.37086], [5.46061, 52.36187]]]}}, {"type": "Feature", "properties": {"ntot": 1459, "nhx": 1171, "noy": 288, "share_in_municipality": 0.0}, "geometry": {"type": "Polygon", "coordinates": [[[5.47529, 52.36186], [5.48997, 52.36185], [5.48999, 52.37083], [5.47531, 52.37085], [5.47529, 52.36186]]]}}, {"type": "Feature", "properties": {"ntot": 1037, "nhx": 738, "noy": 299, "share_in_municipality": 0.0}, "geometry": {"type": "Polygon", "coordinates": [[[5.48997, 52.36185], [5.50465, 52.36183], [5.50467, 52.37082], [5.48999, 52.37083], [5.48997, 52.36185]]]}}, {"type": "Feature", "properties": {"ntot": 1354, "nhx": 1030, "noy": 324, "share_in_municipality": 0.0}, "geometry": {"type": "Polygon", "coordinates": [[[5.50465, 52.36183], [5.51933, 52.36182], [5.51936, 52.3708], [5.50467, 52.37082], [5.50465, 52.36183]]]}}, {"type": "Feature", "properties": {"ntot": 1001, "nhx": 678, "noy": 322, "share_in_municipality": 0.0}, "geometry": {"type": "Polygon", "coordinates": [[[5.51933, 52.36182], [5.53401, 52.3618], [5.53404, 52.37079], [5.51936, 52.3708], [5.51933, 52.36182]]]}}, {"type": "Feature", "properties": {"ntot": 996, "nhx": 694, "noy": 302, "share_in_municipality": 0.0}, "geometry": {"type": "Polygon", "coordinates": [[[5.53401, 52.3618], [5.54869, 52.36178], [5.54872, 52.37077], [5.53404, 52.37079], [5.53401, 52.3618]]]}}, {"type": "Feature", "properties": {"ntot": 996, "nhx": 704, "noy": 292, "share_in_municipality": 0.0}, "geometry": {"type": "Polygon", "coordinates": [[[5.54869, 52.36178], [5.56337, 52.36176], [5.56341, 52.37075], [5.54872, 52.37077], [5.54869, 52.36178]]]}}, {"type": "Feature", "properties": {"ntot": 783, "nhx": 530, "noy": 253, "share_in_municipality": 0.0}, "geometry": {"type": "Polygon", "coordinates": [[[5.56337, 52.36176], [5.57805, 52.36174], [5.57809, 52.37072], [5.56341, 52.37075], [5.56337, 52.36176]]]}}, {"type": "Feature", "properties": {"ntot": 723, "nhx": 474, "noy": 250, "share_in_municipality": 0.0}, "geometry": {"type": "Polygon", "coordinates": [[[5.57805, 52.36174], [5.59273, 52.36171], [5.59277, 52.3707], [5.57809, 52.37072], [5.57805, 52.36174]]]}}, {"type": "Feature", "properties": {"ntot": 905, "nhx": 603, "noy": 302, "share_in_municipality": 0.0}, "geometry": {"type": "Polygon", "coordinates": [[[5.59273, 52.36171], [5.60741, 52.36169], [5.60746, 52.37067], [5.59277, 52.3707], [5.59273, 52.36171]]]}}, {"type": "Feature", "properties": {"ntot": 767, "nhx": 503, "noy": 264, "share_in_municipality": 0.0}, "geometry": {"type": "Polygon", "coordinates": [[[5.60741, 52.36169], [5.62209, 52.36166], [5.62214, 52.37064], [5.60746, 52.37067], [5.60741, 52.36169]]]}}, {"type": "Feature", "properties": {"ntot": 744, "nhx": 504, "noy": 240, "share_in_municipality": 0.0}, "geometry": {"type": "Polygon", "coordinates": [[[5.62209, 52.36166], [5.63677, 52.36163], [5.63682, 52.37061], [5.62214, 52.37064], [5.62209, 52.36166]]]}}, {"type": "Feature", "properties": {"ntot": 1436, "nhx": 1078, "noy": 358, "share_in_municipality": 0.0}, "geometry": {"type": "Polygon", "coordinates": [[[5.63677, 52.36163], [5.65145, 52.3616], [5.65151, 52.37058], [5.63682, 52.37061], [5.63677, 52.36163]]]}}, {"type": "Feature", "properties": {"ntot": 926, "nhx": 647, "noy": 280, "share_in_municipality": 0.0}, "geometry": {"type": "Polygon", "coordinates": [[[5.65145, 52.3616], [5.66613, 52.36156], [5.66619, 52.37055], [5.65151, 52.37058], [5.65145, 52.3616]]]}}, {"type": "Feature", "properties": {"ntot": 868, "nhx": 577, "noy": 291, "share_in_municipality": 0.0}, "geometry": {"type": "Polygon", "coordinates": [[[5.66613, 52.36156], [5.68082, 52.36153], [5.68087, 52.37051], [5.66619, 52.37055], [5.66613, 52.36156]]]}}, {"type": "Feature", "properties": {"ntot": 930, "nhx": 628, "noy": 301, "share_in_municipality": 0.0}, "geometry": {"type": "Polygon", "coordinates": [[[5.68082, 52.36153], [5.6955, 52.36149], [5.69556, 52.37048], [5.68087, 52.37051], [5.68082, 52.36153]]]}}, {"type": "Feature", "properties": {"ntot": 967, "nhx": 656, "noy": 310, "share_in_municipality": 0.0}, "geometry": {"type": "Polygon", "coordinates": [[[5.6955, 52.36149], [5.71018, 52.36145], [5.71024, 52.37044], [5.69556, 52.37048], [5.6955, 52.36149]]]}}, {"type": "Feature", "properties": {"ntot": 851, "nhx": 570, "noy": 281, "share_in_municipality": 0.0}, "geometry": {"type": "Polygon", "coordinates": [[[5.71018, 52.36145], [5.72486, 52.36141], [5.72492, 52.3704], [5.71024, 52.37044], [5.71018, 52.36145]]]}}, {"type": "Feature", "properties": {"ntot": 1028, "nhx": 728, "noy": 300, "share_in_municipality": 0.0}, "geometry": {"type": "Polygon", "coordinates": [[[5.72486, 52.36141], [5.73954, 52.36137], [5.73961, 52.37035], [5.72492, 52.3704], [5.72486, 52.36141]]]}}, {"type": "Feature", "properties": {"ntot": 1063, "nhx": 736, "noy": 327, "share_in_municipality": 0.0}, "geometry": {"type": "Polygon", "coordinates": [[[5.73954, 52.36137], [5.75422, 52.36132], [5.75429, 52.37031], [5.73961, 52.37035], [5.73954, 52.36137]]]}}, {"type": "Feature", "properties": {"ntot": 1516, "nhx": 1049, "noy": 467, "share_in_municipality": 0.0}, "geometry": {"type": "Polygon", "coordinates": [[[5.75422, 52.36132], [5.7689, 52.36127], [5.76897, 52.37026], [5.75429, 52.37031], [5.75422, 52.36132]]]}}, {"type": "Feature", "properties": {"ntot": 1686, "nhx": 1156, "noy": 530, "share_in_municipality": 0.0}, "geometry": {"type": "Polygon", "coordinates": [[[5.7689, 52.36127], [5.78358, 52.36123], [5.78366, 52.37021], [5.76897, 52.37026], [5.7689, 52.36127]]]}}, {"type": "Feature", "properties": {"ntot": 1539, "nhx": 1016, "noy": 523, "share_in_municipality": 0.0}, "geometry": {"type": "Polygon", "coordinates": [[[5.78358, 52.36123], [5.79826, 52.36118], [5.79834, 52.37016], [5.78366, 52.37021], [5.78358, 52.36123]]]}}, {"type": "Feature", "properties": {"ntot": 1515, "nhx": 1001, "noy": 514, "share_in_municipality": 0.0}, "geometry": {"type": "Polygon", "coordinates": [[[5.79826, 52.36118], [5.81294, 52.36112], [5.81302, 52.37011], [5.79834, 52.37016], [5.79826, 52.36118]]]}}, {"type": "Feature", "properties": {"ntot": 1510, "nhx": 1041, "noy": 469, "share_in_municipality": 0.0}, "geometry": {"type": "Polygon", "coordinates": [[[5.81294, 52.36112], [5.82762, 52.36107], [5.82771, 52.37006], [5.81302, 52.37011], [5.81294, 52.36112]]]}}, {"type": "Feature", "properties": {"ntot": 1378, "nhx": 953, "noy": 425, "share_in_municipality": 0.0}, "geometry": {"type": "Polygon", "coordinates": [[[5.82762, 52.36107], [5.8423, 52.36102], [5.84239, 52.37], [5.82771, 52.37006], [5.82762, 52.36107]]]}}, {"type": "Feature", "properties": {"ntot": 1402, "nhx": 967, "noy": 435, "share_in_municipality": 0.0}, "geometry": {"type": "Polygon", "coordinates": [[[5.8423, 52.36102], [5.85698, 52.36096], [5.85707, 52.36995], [5.84239, 52.37], [5.8423, 52.36102]]]}}, {"type": "Feature", "properties": {"ntot": 1365, "nhx": 926, "noy": 439, "share_in_municipality": 0.0}, "geometry": {"type": "Polygon", "coordinates": [[[5.16695, 52.37067], [5.18163, 52.3707], [5.18159, 52.37969], [5.16691, 52.37966], [5.16695, 52.37067]]]}}, {"type": "Feature", "properties": {"ntot": 1332, "nhx": 940, "noy": 392, "share_in_municipality": 0.0}, "geometry": {"type": "Polygon", "coordinates": [[[5.18163, 52.3707], [5.19632, 52.37072], [5.19628, 52.37971], [5.18159, 52.37969], [5.18163, 52.3707]]]}}, {"type": "Feature", "properties": {"ntot": 1254, "nhx": 870, "noy": 384, "share_in_municipality": 0.0}, "geometry": {"type": "Polygon", "coordinates": [[[5.19632, 52.37072], [5.211, 52.37075], [5.21097, 52.37973], [5.19628, 52.37971], [5.19632, 52.37072]]]}}, {"type": "Feature", "properties": {"ntot": 1642, "nhx": 1193, "noy": 448, "share_in_municipality": 0.0}, "geometry": {"type": "Polygon", "coordinates": [[[5.211, 52.37075], [5.22568, 52.37077], [5.22565, 52.37976], [5.21097, 52.37973], [5.211, 52.37075]]]}}, {"type": "Feature", "properties": {"ntot": 1228, "nhx": 870, "noy": 358, "share_in_municipality": 0.0}, "geometry": {"type": "Polygon", "coordinates": [[[5.22568, 52.37077], [5.24037, 52.37079], [5.24034, 52.37978], [5.22565, 52.37976], [5.22568, 52.37077]]]}}, {"type": "Feature", "properties": {"ntot": 1157, "nhx": 833, "noy": 324, "share_in_municipality": 0.0}, "geometry": {"type": "Polygon", "coordinates": [[[5.24037, 52.37079], [5.25505, 52.3708], [5.25503, 52.37979], [5.24034, 52.37978], [5.24037, 52.37079]]]}}, {"type": "Feature", "properties": {"ntot": 1432, "nhx": 1039, "noy": 393, "share_in_municipality": 0.0}, "geometry": {"type": "Polygon", "coordinates": [[[5.25505, 52.3708], [5.26974, 52.37082], [5.26971, 52.37981], [5.25503, 52.37979], [5.25505, 52.3708]]]}}, {"type": "Feature", "properties": {"ntot": 1482, "nhx": 1013, "noy": 469, "share_in_municipality": 0.0}, "geometry": {"type": "Polygon", "coordinates": [[[5.26974, 52.37082], [5.28442, 52.37083], [5.2844, 52.37982], [5.26971, 52.37981], [5.26974, 52.37082]]]}}, {"type": "Feature", "properties": {"ntot": 1092, "nhx": 670, "noy": 422, "share_in_municipality": 0.0}, "geometry": {"type": "Polygon", "coordinates": [[[5.28442, 52.37083], [5.2991, 52.37085], [5.29908, 52.37983], [5.2844, 52.37982], [5.28442, 52.37083]]]}}, {"type": "Feature", "properties": {"ntot": 961, "nhx": 602, "noy": 358, "share_in_municipality": 0.0}, "geometry": {"type": "Polygon", "coordinates": [[[5.2991, 52.37085], [5.31379, 52.37086], [5.31377, 52.37984], [5.29908, 52.37983], [5.2991, 52.37085]]]}}, {"type": "Feature", "properties": {"ntot": 1041, "nhx": 719, "noy": 323, "share_in_municipality": 0.0}, "geometry": {"type": "Polygon", "coordinates": [[[5.31379, 52.37086], [5.32847, 52.37086], [5.32846, 52.37985], [5.31377, 52.37984], [5.31379, 52.37086]]]}}, {"type": "Feature", "properties": {"ntot": 1021, "nhx": 703, "noy": 318, "share_in_municipality": 0.0}, "geometry": {"type": "Polygon", "coordinates": [[[5.32847, 52.37086], [5.34315, 52.37087], [5.34314, 52.37986], [5.32846, 52.37985], [5.32847, 52.37086]]]}}, {"type": "Feature", "properties": {"ntot": 1105, "nhx": 796, "noy": 308, "share_in_municipality": 0.0}, "geometry": {"type": "Polygon", "coordinates": [[[5.34315, 52.37087], [5.35784, 52.37087], [5.35783, 52.37986], [5.34314, 52.37986], [5.34315, 52.37087]]]}}, {"type": "Feature", "properties": {"ntot": 1048, "nhx": 747, "noy": 300, "share_in_municipality": 0.0}, "geometry": {"type": "Polygon", "coordinates": [[[5.35784, 52.37087], [5.37252, 52.37088], [5.37252, 52.37987], [5.35783, 52.37986], [5.35784, 52.37087]]]}}, {"type": "Feature", "properties": {"ntot": 1026, "nhx": 729, "noy": 297, "share_in_municipality": 0.0}, "geometry": {"type": "Polygon", "coordinates": [[[5.37252, 52.37088], [5.3872, 52.37088], [5.3872, 52.37987], [5.37252, 52.37987], [5.37252, 52.37088]]]}}, {"type": "Feature", "properties": {"ntot": 1059, "nhx": 758, "noy": 301, "share_in_municipality": 0.0}, "geometry": {"type": "Polygon", "coordinates": [[[5.3872, 52.37088], [5.40189, 52.37088], [5.40189, 52.37986], [5.3872, 52.37987], [5.3872, 52.37088]]]}}, {"type": "Feature", "properties": {"ntot": 1031, "nhx": 724, "noy": 306, "share_in_municipality": 0.0}, "geometry": {"type": "Polygon", "coordinates": [[[5.40189, 52.37088], [5.41657, 52.37087], [5.41658, 52.37986], [5.40189, 52.37986], [5.40189, 52.37088]]]}}, {"type": "Feature", "properties": {"ntot": 1032, "nhx": 735, "noy": 297, "share_in_municipality": 0.0}, "geometry": {"type": "Polygon", "coordinates": [[[5.41657, 52.37087], [5.43126, 52.37087], [5.43126, 52.37986], [5.41658, 52.37986], [5.41657, 52.37087]]]}}, {"type": "Feature", "properties": {"ntot": 1008, "nhx": 712, "noy": 296, "share_in_municipality": 0.0}, "geometry": {"type": "Polygon", "coordinates": [[[5.43126, 52.37087], [5.44594, 52.37086], [5.44595, 52.37985], [5.43126, 52.37986], [5.43126, 52.37087]]]}}, {"type": "Feature", "properties": {"ntot": 1024, "nhx": 725, "noy": 300, "share_in_municipality": 0.0}, "geometry": {"type": "Polygon", "coordinates": [[[5.44594, 52.37086], [5.46062, 52.37086], [5.46064, 52.37984], [5.44595, 52.37985], [5.44594, 52.37086]]]}}, {"type": "Feature", "properties": {"ntot": 1078, "nhx": 770, "noy": 308, "share_in_municipality": 0.0}, "geometry": {"type": "Polygon", "coordinates": [[[5.46062, 52.37086], [5.47531, 52.37085], [5.47532, 52.37983], [5.46064, 52.37984], [5.46062, 52.37086]]]}}, {"type": "Feature", "properties": {"ntot": 1107, "nhx": 805, "noy": 302, "share_in_municipality": 0.0}, "geometry": {"type": "Polygon", "coordinates": [[[5.47531, 52.37085], [5.48999, 52.37083], [5.49001, 52.37982], [5.47532, 52.37983], [5.47531, 52.37085]]]}}, {"type": "Feature", "properties": {"ntot": 1063, "nhx": 767, "noy": 295, "share_in_municipality": 0.0}, "geometry": {"type": "Polygon", "coordinates": [[[5.48999, 52.37083], [5.50467, 52.37082], [5.5047, 52.37981], [5.49001, 52.37982], [5.48999, 52.37083]]]}}, {"type": "Feature", "properties": {"ntot": 1028, "nhx": 735, "noy": 294, "share_in_municipality": 0.0}, "geometry": {"type": "Polygon", "coordinates": [[[5.50467, 52.37082], [5.51936, 52.3708], [5.51938, 52.37979], [5.5047, 52.37981], [5.50467, 52.37082]]]}}, {"type": "Feature", "properties": {"ntot": 875, "nhx": 588, "noy": 287, "share_in_municipality": 0.0}, "geometry": {"type": "Polygon", "coordinates": [[[5.51936, 52.3708], [5.53404, 52.37079], [5.53407, 52.37977], [5.51938, 52.37979], [5.51936, 52.3708]]]}}, {"type": "Feature", "properties": {"ntot": 933, "nhx": 616, "noy": 317, "share_in_municipality": 0.0}, "geometry": {"type": "Polygon", "coordinates": [[[5.53404, 52.37079], [5.54872, 52.37077], [5.54876, 52.37976], [5.53407, 52.37977], [5.53404, 52.37079]]]}}, {"type": "Feature", "properties": {"ntot": 957, "nhx": 658, "noy": 299, "share_in_municipality": 0.0}, "geometry": {"type": "Polygon", "coordinates": [[[5.54872, 52.37077], [5.56341, 52.37075], [5.56344, 52.37973], [5.54876, 52.37976], [5.54872, 52.37077]]]}}, {"type": "Feature", "properties": {"ntot": 1013, "nhx": 715, "noy": 298, "share_in_municipality": 0.0}, "geometry": {"type": "Polygon", "coordinates": [[[5.56341, 52.37075], [5.57809, 52.37072], [5.57813, 52.37971], [5.56344, 52.37973], [5.56341, 52.37075]]]}}, {"type": "Feature", "properties": {"ntot": 850, "nhx": 587, "noy": 263, "share_in_municipality": 0.0}, "geometry": {"type": "Polygon", "coordinates": [[[5.57809, 52.37072], [5.59277, 52.3707], [5.59282, 52.37969], [5.57813, 52.37971], [5.57809, 52.37072]]]}}, {"type": "Feature", "properties": {"ntot": 824, "nhx": 533, "noy": 291, "share_in_municipality": 0.0}, "geometry": {"type": "Polygon", "coordinates": [[[5.59277, 52.3707], [5.60746, 52.37067], [5.6075, 52.37966], [5.59282, 52.37969], [5.59277, 52.3707]]]}}, {"type": "Feature", "properties": {"ntot": 872, "nhx": 581, "noy": 291, "share_in_municipality": 0.0}, "geometry": {"type": "Polygon", "coordinates": [[[5.60746, 52.37067], [5.62214, 52.37064], [5.62219, 52.37963], [5.6075, 52.37966], [5.60746, 52.37067]]]}}, {"type": "Feature", "properties": {"ntot": 609, "nhx": 396, "noy": 212, "share_in_municipality": 0.0}, "geometry": {"type": "Polygon", "coordinates": [[[5.62214, 52.37064], [5.63682, 52.37061], [5.63688, 52.3796], [5.62219, 52.37963], [5.62214, 52.37064]]]}}, {"type": "Feature", "properties": {"ntot": 583, "nhx": 379, "noy": 204, "share_in_municipality": 0.0}, "geometry": {"type": "Polygon", "coordinates": [[[5.63682, 52.37061], [5.65151, 52.37058], [5.65156, 52.37957], [5.63688, 52.3796], [5.63682, 52.37061]]]}}, {"type": "Feature", "properties": {"ntot": 568, "nhx": 371, "noy": 197, "share_in_municipality": 0.0}, "geometry": {"type": "Polygon", "coordinates": [[[5.65151, 52.37058], [5.66619, 52.37055], [5.66625, 52.37954], [5.65156, 52.37957], [5.65151, 52.37058]]]}}, {"type": "Feature", "properties": {"ntot": 712, "nhx": 473, "noy": 239, "share_in_municipality": 0.0}, "geometry": {"type": "Polygon", "coordinates": [[[5.66619, 52.37055], [5.68087, 52.37051], [5.68093, 52.3795], [5.66625, 52.37954], [5.66619, 52.37055]]]}}, {"type": "Feature", "properties": {"ntot": 757, "nhx": 488, "noy": 269, "share_in_municipality": 0.0}, "geometry": {"type": "Polygon", "coordinates": [[[5.68087, 52.37051], [5.69556, 52.37048], [5.69562, 52.37946], [5.68093, 52.3795], [5.68087, 52.37051]]]}}, {"type": "Feature", "properties": {"ntot": 819, "nhx": 527, "noy": 292, "share_in_municipality": 0.0}, "geometry": {"type": "Polygon", "coordinates": [[[5.69556, 52.37048], [5.71024, 52.37044], [5.71031, 52.37942], [5.69562, 52.37946], [5.69556, 52.37048]]]}}, {"type": "Feature", "properties": {"ntot": 815, "nhx": 532, "noy": 283, "share_in_municipality": 0.0}, "geometry": {"type": "Polygon", "coordinates": [[[5.71024, 52.37044], [5.72492, 52.3704], [5.72499, 52.37938], [5.71031, 52.37942], [5.71024, 52.37044]]]}}, {"type": "Feature", "properties": {"ntot": 855, "nhx": 570, "noy": 285, "share_in_municipality": 0.0}, "geometry": {"type": "Polygon", "coordinates": [[[5.72492, 52.3704], [5.73961, 52.37035], [5.73968, 52.37934], [5.72499, 52.37938], [5.72492, 52.3704]]]}}, {"type": "Feature", "properties": {"ntot": 929, "nhx": 643, "noy": 286, "share_in_municipality": 0.0}, "geometry": {"type": "Polygon", "coordinates": [[[5.73961, 52.37035], [5.75429, 52.37031], [5.75437, 52.3793], [5.73968, 52.37934], [5.73961, 52.37035]]]}}, {"type": "Feature", "properties": {"ntot": 1133, "nhx": 837, "noy": 296, "share_in_municipality": 0.0}, "geometry": {"type": "Polygon", "coordinates": [[[5.75429, 52.37031], [5.76897, 52.37026], [5.76905, 52.37925], [5.75437, 52.3793], [5.75429, 52.37031]]]}}, {"type": "Feature", "properties": {"ntot": 1589, "nhx": 1193, "noy": 396, "share_in_municipality": 0.0}, "geometry": {"type": "Polygon", "coordinates": [[[5.76897, 52.37026], [5.78366, 52.37021], [5.78374, 52.3792], [5.76905, 52.37925], [5.76897, 52.37026]]]}}, {"type": "Feature", "properties": {"ntot": 1430, "nhx": 1041, "noy": 389, "share_in_municipality": 0.0}, "geometry": {"type": "Polygon", "coordinates": [[[5.78366, 52.37021], [5.79834, 52.37016], [5.79842, 52.37915], [5.78374, 52.3792], [5.78366, 52.37021]]]}}, {"type": "Feature", "properties": {"ntot": 1405, "nhx": 976, "noy": 429, "share_in_municipality": 0.0}, "geometry": {"type": "Polygon", "coordinates": [[[5.79834, 52.37016], [5.81302, 52.37011], [5.81311, 52.3791], [5.79842, 52.37915], [5.79834, 52.37016]]]}}, {"type": "Feature", "properties": {"ntot": 1476, "nhx": 974, "noy": 502, "share_in_municipality": 0.0}, "geometry": {"type": "Polygon", "coordinates": [[[5.81302, 52.37011], [5.82771, 52.37006], [5.8278, 52.37905], [5.81311, 52.3791], [5.81302, 52.37011]]]}}, {"type": "Feature", "properties": {"ntot": 1464, "nhx": 1011, "noy": 453, "share_in_municipality": 0.0}, "geometry": {"type": "Polygon", "coordinates": [[[5.82771, 52.37006], [5.84239, 52.37], [5.84248, 52.37899], [5.8278, 52.37905], [5.82771, 52.37006]]]}}, {"type": "Feature", "properties": {"ntot": 1287, "nhx": 886, "noy": 401, "share_in_municipality": 0.0}, "geometry": {"type": "Polygon", "coordinates": [[[5.84239, 52.37], [5.85707, 52.36995], [5.85717, 52.37893], [5.84248, 52.37899], [5.84239, 52.37]]]}}, {"type": "Feature", "properties": {"ntot": 1393, "nhx": 936, "noy": 456, "share_in_municipality": 0.0}, "geometry": {"type": "Polygon", "coordinates": [[[5.16691, 52.37966], [5.18159, 52.37969], [5.18155, 52.38868], [5.16686, 52.38865], [5.16691, 52.37966]]]}}, {"type": "Feature", "properties": {"ntot": 1019, "nhx": 681, "noy": 338, "share_in_municipality": 0.0}, "geometry": {"type": "Polygon", "coordinates": [[[5.18159, 52.37969], [5.19628, 52.37971], [5.19624, 52.3887], [5.18155, 52.38868], [5.18159, 52.37969]]]}}, {"type": "Feature", "properties": {"ntot": 1518, "nhx": 1089, "noy": 429, "share_in_municipality": 0.0}, "geometry": {"type": "Polygon", "coordinates": [[[5.19628, 52.37971], [5.21097, 52.37973], [5.21093, 52.38872], [5.19624, 52.3887], [5.19628, 52.37971]]]}}, {"type": "Feature", "properties": {"ntot": 1586, "nhx": 1139, "noy": 448, "share_in_municipality": 0.0}, "geometry": {"type": "Polygon", "coordinates": [[[5.21097, 52.37973], [5.22565, 52.37976], [5.22562, 52.38874], [5.21093, 52.38872], [5.21097, 52.37973]]]}}, {"type": "Feature", "properties": {"ntot": 1151, "nhx": 811, "noy": 340, "share_in_municipality": 0.0}, "geometry": {"type": "Polygon", "coordinates": [[[5.22565, 52.37976], [5.24034, 52.37978], [5.24031, 52.38876], [5.22562, 52.38874], [5.22565, 52.37976]]]}}, {"type": "Feature", "properties": {"ntot": 1006, "nhx": 684, "noy": 322, "share_in_municipality": 0.0}, "geometry": {"type": "Polygon", "coordinates": [[[5.24034, 52.37978], [5.25503, 52.37979], [5.255, 52.38878], [5.24031, 52.38876], [5.24034, 52.37978]]]}}, {"type": "Feature", "properties": {"ntot": 1040, "nhx": 713, "noy": 327, "share_in_municipality": 0.0}, "geometry": {"type": "Polygon", "coordinates": [[[5.25503, 52.37979], [5.26971, 52.37981], [5.26969, 52.3888], [5.255, 52.38878], [5.25503, 52.37979]]]}}, {"type": "Feature", "properties": {"ntot": 1064, "nhx": 727, "noy": 337, "share_in_municipality": 0.0}, "geometry": {"type": "Polygon", "coordinates": [[[5.26971, 52.37981], [5.2844, 52.37982], [5.28438, 52.38881], [5.26969, 52.3888], [5.26971, 52.37981]]]}}, {"type": "Feature", "properties": {"ntot": 1192, "nhx": 814, "noy": 378, "share_in_municipality": 0.0}, "geometry": {"type": "Polygon", "coordinates": [[[5.2844, 52.37982], [5.29908, 52.37983], [5.29907, 52.38882], [5.28438, 52.38881], [5.2844, 52.37982]]]}}, {"type": "Feature", "properties": {"ntot": 1006, "nhx": 631, "noy": 375, "share_in_municipality": 0.0}, "geometry": {"type": "Polygon", "coordinates": [[[5.29908, 52.37983], [5.31377, 52.37984], [5.31376, 52.38883], [5.29907, 52.38882], [5.29908, 52.37983]]]}}, {"type": "Feature", "properties": {"ntot": 1038, "nhx": 692, "noy": 346, "share_in_municipality": 0.0}, "geometry": {"type": "Polygon", "coordinates": [[[5.31377, 52.37984], [5.32846, 52.37985], [5.32845, 52.38884], [5.31376, 52.38883], [5.31377, 52.37984]]]}}, {"type": "Feature", "properties": {"ntot": 1058, "nhx": 741, "noy": 317, "share_in_municipality": 0.0}, "geometry": {"type": "Polygon", "coordinates": [[[5.32846, 52.37985], [5.34314, 52.37986], [5.34314, 52.38885], [5.32845, 52.38884], [5.32846, 52.37985]]]}}, {"type": "Feature", "properties": {"ntot": 974, "nhx": 669, "noy": 305, "share_in_municipality": 0.0}, "geometry": {"type": "Polygon", "coordinates": [[[5.34314, 52.37986], [5.35783, 52.37986], [5.35783, 52.38885], [5.34314, 52.38885], [5.34314, 52.37986]]]}}, {"type": "Feature", "properties": {"ntot": 1023, "nhx": 720, "noy": 303, "share_in_municipality": 0.0}, "geometry": {"type": "Polygon", "coordinates": [[[5.35783, 52.37986], [5.37252, 52.37987], [5.37251, 52.38885], [5.35783, 52.38885], [5.35783, 52.37986]]]}}, {"type": "Feature", "properties": {"ntot": 1035, "nhx": 732, "noy": 303, "share_in_municipality": 0.0}, "geometry": {"type": "Polygon", "coordinates": [[[5.37252, 52.37987], [5.3872, 52.37987], [5.3872, 52.38885], [5.37251, 52.38885], [5.37252, 52.37987]]]}}, {"type": "Feature", "properties": {"ntot": 961, "nhx": 663, "noy": 297, "share_in_municipality": 0.0}, "geometry": {"type": "Polygon", "coordinates": [[[5.3872, 52.37987], [5.40189, 52.37986], [5.40189, 52.38885], [5.3872, 52.38885], [5.3872, 52.37987]]]}}, {"type": "Feature", "properties": {"ntot": 1078, "nhx": 778, "noy": 300, "share_in_municipality": 0.0}, "geometry": {"type": "Polygon", "coordinates": [[[5.40189, 52.37986], [5.41658, 52.37986], [5.41658, 52.38885], [5.40189, 52.38885], [5.40189, 52.37986]]]}}, {"type": "Feature", "properties": {"ntot": 983, "nhx": 684, "noy": 298, "share_in_municipality": 0.0}, "geometry": {"type": "Polygon", "coordinates": [[[5.41658, 52.37986], [5.43126, 52.37986], [5.43127, 52.38885], [5.41658, 52.38885], [5.41658, 52.37986]]]}}, {"type": "Feature", "properties": {"ntot": 987, "nhx": 687, "noy": 300, "share_in_municipality": 0.0}, "geometry": {"type": "Polygon", "coordinates": [[[5.43126, 52.37986], [5.44595, 52.37985], [5.44596, 52.38884], [5.43127, 52.38885], [5.43126, 52.37986]]]}}, {"type": "Feature", "properties": {"ntot": 1056, "nhx": 756, "noy": 300, "share_in_municipality": 0.0}, "geometry": {"type": "Polygon", "coordinates": [[[5.44595, 52.37985], [5.46064, 52.37984], [5.46065, 52.38883], [5.44596, 52.38884], [5.44595, 52.37985]]]}}, {"type": "Feature", "properties": {"ntot": 1032, "nhx": 738, "noy": 294, "share_in_municipality": 0.0}, "geometry": {"type": "Polygon", "coordinates": [[[5.46064, 52.37984], [5.47532, 52.37983], [5.47534, 52.38882], [5.46065, 52.38883], [5.46064, 52.37984]]]}}, {"type": "Feature", "properties": {"ntot": 1058, "nhx": 765, "noy": 293, "share_in_municipality": 0.0}, "geometry": {"type": "Polygon", "coordinates": [[[5.47532, 52.37983], [5.49001, 52.37982], [5.49003, 52.38881], [5.47534, 52.38882], [5.47532, 52.37983]]]}}, {"type": "Feature", "properties": {"ntot": 983, "nhx": 697, "noy": 286, "share_in_municipality": 0.0}, "geometry": {"type": "Polygon", "coordinates": [[[5.49001, 52.37982], [5.5047, 52.37981], [5.50472, 52.38879], [5.49003, 52.38881], [5.49001, 52.37982]]]}}, {"type": "Feature", "properties": {"ntot": 1044, "nhx": 753, "noy": 291, "share_in_municipality": 0.0}, "geometry": {"type": "Polygon", "coordinates": [[[5.5047, 52.37981], [5.51938, 52.37979], [5.51941, 52.38878], [5.50472, 52.38879], [5.5047, 52.37981]]]}}, {"type": "Feature", "properties": {"ntot": 971, "nhx": 682, "noy": 289, "share_in_municipality": 0.0}, "geometry": {"type": "Polygon", "coordinates": [[[5.51938, 52.37979], [5.53407, 52.37977], [5.5341, 52.38876], [5.51941, 52.38878], [5.51938, 52.37979]]]}}, {"type": "Feature", "properties": {"ntot": 1006, "nhx": 706, "noy": 300, "share_in_municipality": 0.0}, "geometry": {"type": "Polygon", "coordinates": [[[5.53407, 52.37977], [5.54876, 52.37976], [5.54879, 52.38874], [5.5341, 52.38876], [5.53407, 52.37977]]]}}, {"type": "Feature", "properties": {"ntot": 1070, "nhx": 742, "noy": 328, "share_in_municipality": 0.0}, "geometry": {"type": "Polygon", "coordinates": [[[5.54876, 52.37976], [5.56344, 52.37973], [5.56348, 52.38872], [5.54879, 52.38874], [5.54876, 52.37976]]]}}, {"type": "Feature", "properties": {"ntot": 978, "nhx": 682, "noy": 296, "share_in_municipality": 0.0}, "geometry": {"type": "Polygon", "coordinates": [[[5.56344, 52.37973], [5.57813, 52.37971], [5.57817, 52.3887], [5.56348, 52.38872], [5.56344, 52.37973]]]}}, {"type": "Feature", "properties": {"ntot": 981, "nhx": 662, "noy": 319, "share_in_municipality": 0.0}, "geometry": {"type": "Polygon", "coordinates": [[[5.57813, 52.37971], [5.59282, 52.37969], [5.59286, 52.38867], [5.57817, 52.3887], [5.57813, 52.37971]]]}}, {"type": "Feature", "properties": {"ntot": 994, "nhx": 681, "noy": 312, "share_in_municipality": 0.0}, "geometry": {"type": "Polygon", "coordinates": [[[5.59282, 52.37969], [5.6075, 52.37966], [5.60755, 52.38865], [5.59286, 52.38867], [5.59282, 52.37969]]]}}, {"type": "Feature", "properties": {"ntot": 1164, "nhx": 822, "noy": 342, "share_in_municipality": 0.0}, "geometry": {"type": "Polygon", "coordinates": [[[5.6075, 52.37966], [5.62219, 52.37963], [5.62224, 52.38862], [5.60755, 52.38865], [5.6075, 52.37966]]]}}, {"type": "Feature", "properties": {"ntot": 841, "nhx": 567, "noy": 275, "share_in_municipality": 0.0}, "geometry": {"type": "Polygon", "coordinates": [[[5.62219, 52.37963], [5.63688, 52.3796], [5.63693, 52.38859], [5.62224, 52.38862], [5.62219, 52.37963]]]}}, {"type": "Feature", "properties": {"ntot": 594, "nhx": 389, "noy": 205, "share_in_municipality": 0.0}, "geometry": {"type": "Polygon", "coordinates": [[[5.63688, 52.3796], [5.65156, 52.37957], [5.65162, 52.38856], [5.63693, 52.38859], [5.63688, 52.3796]]]}}, {"type": "Feature", "properties": {"ntot": 572, "nhx": 377, "noy": 195, "share_in_municipality": 0.0}, "geometry": {"type": "Polygon", "coordinates": [[[5.65156, 52.37957], [5.66625, 52.37954], [5.6663, 52.38852], [5.65162, 52.38856], [5.65156, 52.37957]]]}}, {"type": "Feature", "properties": {"ntot": 578, "nhx": 383, "noy": 194, "share_in_municipality": 0.0}, "geometry": {"type": "Polygon", "coordinates": [[[5.66625, 52.37954], [5.68093, 52.3795], [5.68099, 52.38849], [5.6663, 52.38852], [5.66625, 52.37954]]]}}, {"type": "Feature", "properties": {"ntot": 579, "nhx": 382, "noy": 197, "share_in_municipality": 0.0}, "geometry": {"type": "Polygon", "coordinates": [[[5.68093, 52.3795], [5.69562, 52.37946], [5.69568, 52.38845], [5.68099, 52.38849], [5.68093, 52.3795]]]}}, {"type": "Feature", "properties": {"ntot": 729, "nhx": 474, "noy": 255, "share_in_municipality": 0.0}, "geometry": {"type": "Polygon", "coordinates": [[[5.69562, 52.37946], [5.71031, 52.37942], [5.71037, 52.38841], [5.69568, 52.38845], [5.69562, 52.37946]]]}}, {"type": "Feature", "properties": {"ntot": 806, "nhx": 519, "noy": 287, "share_in_municipality": 0.0}, "geometry": {"type": "Polygon", "coordinates": [[[5.71031, 52.37942], [5.72499, 52.37938], [5.72506, 52.38837], [5.71037, 52.38841], [5.71031, 52.37942]]]}}, {"type": "Feature", "properties": {"ntot": 796, "nhx": 510, "noy": 286, "share_in_municipality": 0.0}, "geometry": {"type": "Polygon", "coordinates": [[[5.72499, 52.37938], [5.73968, 52.37934], [5.73975, 52.38833], [5.72506, 52.38837], [5.72499, 52.37938]]]}}, {"type": "Feature", "properties": {"ntot": 988, "nhx": 703, "noy": 285, "share_in_municipality": 0.0}, "geometry": {"type": "Polygon", "coordinates": [[[5.73968, 52.37934], [5.75437, 52.3793], [5.75444, 52.38828], [5.73975, 52.38833], [5.73968, 52.37934]]]}}, {"type": "Feature", "properties": {"ntot": 931, "nhx": 645, "noy": 286, "share_in_municipality": 0.0}, "geometry": {"type": "Polygon", "coordinates": [[[5.75437, 52.3793], [5.76905, 52.37925], [5.76913, 52.38824], [5.75444, 52.38828], [5.75437, 52.3793]]]}}, {"type": "Feature", "properties": {"ntot": 1110, "nhx": 812, "noy": 299, "share_in_municipality": 0.0}, "geometry": {"type": "Polygon", "coordinates": [[[5.76905, 52.37925], [5.78374, 52.3792], [5.78382, 52.38819], [5.76913, 52.38824], [5.76905, 52.37925]]]}}, {"type": "Feature", "properties": {"ntot": 1442, "nhx": 1067, "noy": 375, "share_in_municipality": 0.0}, "geometry": {"type": "Polygon", "coordinates": [[[5.78374, 52.3792], [5.79842, 52.37915], [5.79851, 52.38814], [5.78382, 52.38819], [5.78374, 52.3792]]]}}, {"type": "Feature", "properties": {"ntot": 1444, "nhx": 1063, "noy": 381, "share_in_municipality": 0.0}, "geometry": {"type": "Polygon", "coordinates": [[[5.79842, 52.37915], [5.81311, 52.3791], [5.8132, 52.38809], [5.79851, 52.38814], [5.79842, 52.37915]]]}}, {"type": "Feature", "properties": {"ntot": 1493, "nhx": 1036, "noy": 457, "share_in_municipality": 0.0}, "geometry": {"type": "Polygon", "coordinates": [[[5.81311, 52.3791], [5.8278, 52.37905], [5.82788, 52.38803], [5.8132, 52.38809], [5.81311, 52.3791]]]}}, {"type": "Feature", "properties": {"ntot": 1535, "nhx": 1027, "noy": 508, "share_in_municipality": 0.0}, "geometry": {"type": "Polygon", "coordinates": [[[5.8278, 52.37905], [5.84248, 52.37899], [5.84257, 52.38798], [5.82788, 52.38803], [5.8278, 52.37905]]]}}, {"type": "Feature", "properties": {"ntot": 1115, "nhx": 772, "noy": 344, "share_in_municipality": 0.0}, "geometry": {"type": "Polygon", "coordinates": [[[5.84248, 52.37899], [5.85717, 52.37893], [5.85726, 52.38792], [5.84257, 52.38798], [5.84248, 52.37899]]]}}, {"type": "Feature", "properties": {"ntot": 1132, "nhx": 810, "noy": 322, "share_in_municipality": 0.0}, "geometry": {"type": "Polygon", "coordinates": [[[5.16686, 52.38865], [5.18155, 52.38868], [5.18151, 52.39766], [5.16682, 52.39764], [5.16686, 52.38865]]]}}, {"type": "Feature", "properties": {"ntot": 680, "nhx": 426, "noy": 254, "share_in_municipality": 0.0}, "geometry": {"type": "Polygon", "coordinates": [[[5.18155, 52.38868], [5.19624, 52.3887], [5.1962, 52.39769], [5.18151, 52.39766], [5.18155, 52.38868]]]}}, {"type": "Feature", "properties": {"ntot": 718, "nhx": 462, "noy": 256, "share_in_municipality": 0.0}, "geometry": {"type": "Polygon", "coordinates": [[[5.19624, 52.3887], [5.21093, 52.38872], [5.21089, 52.39771], [5.1962, 52.39769], [5.19624, 52.3887]]]}}, {"type": "Feature", "properties": {"ntot": 889, "nhx": 571, "noy": 318, "share_in_municipality": 0.0}, "geometry": {"type": "Polygon", "coordinates": [[[5.21093, 52.38872], [5.22562, 52.38874], [5.22559, 52.39773], [5.21089, 52.39771], [5.21093, 52.38872]]]}}, {"type": "Feature", "properties": {"ntot": 1061, "nhx": 715, "noy": 347, "share_in_municipality": 0.0}, "geometry": {"type": "Polygon", "coordinates": [[[5.22562, 52.38874], [5.24031, 52.38876], [5.24028, 52.39775], [5.22559, 52.39773], [5.22562, 52.38874]]]}}, {"type": "Feature", "properties": {"ntot": 951, "nhx": 608, "noy": 343, "share_in_municipality": 0.0}, "geometry": {"type": "Polygon", "coordinates": [[[5.24031, 52.38876], [5.255, 52.38878], [5.25497, 52.39777], [5.24028, 52.39775], [5.24031, 52.38876]]]}}, {"type": "Feature", "properties": {"ntot": 1062, "nhx": 739, "noy": 323, "share_in_municipality": 0.0}, "geometry": {"type": "Polygon", "coordinates": [[[5.255, 52.38878], [5.26969, 52.3888], [5.26966, 52.39778], [5.25497, 52.39777], [5.255, 52.38878]]]}}, {"type": "Feature", "properties": {"ntot": 1516, "nhx": 1102, "noy": 414, "share_in_municipality": 0.0}, "geometry": {"type": "Polygon", "coordinates": [[[5.26969, 52.3888], [5.28438, 52.38881], [5.28436, 52.3978], [5.26966, 52.39778], [5.26969, 52.3888]]]}}, {"type": "Feature", "properties": {"ntot": 1117, "nhx": 790, "noy": 326, "share_in_municipality": 0.0}, "geometry": {"type": "Polygon", "coordinates": [[[5.28438, 52.38881], [5.29907, 52.38882], [5.29905, 52.39781], [5.28436, 52.3978], [5.28438, 52.38881]]]}}, {"type": "Feature", "properties": {"ntot": 1080, "nhx": 754, "noy": 326, "share_in_municipality": 0.0}, "geometry": {"type": "Polygon", "coordinates": [[[5.29907, 52.38882], [5.31376, 52.38883], [5.31374, 52.39782], [5.29905, 52.39781], [5.29907, 52.38882]]]}}, {"type": "Feature", "properties": {"ntot": 1034, "nhx": 692, "noy": 342, "share_in_municipality": 0.0}, "geometry": {"type": "Polygon", "coordinates": [[[5.31376, 52.38883], [5.32845, 52.38884], [5.32843, 52.39783], [5.31374, 52.39782], [5.31376, 52.38883]]]}}, {"type": "Feature", "properties": {"ntot": 1103, "nhx": 727, "noy": 376, "share_in_municipality": 0.0}, "geometry": {"type": "Polygon", "coordinates": [[[5.32845, 52.38884], [5.34314, 52.38885], [5.34313, 52.39783], [5.32843, 52.39783], [5.32845, 52.38884]]]}}, {"type": "Feature", "properties": {"ntot": 968, "nhx": 649, "noy": 319, "share_in_municipality": 0.0}, "geometry": {"type": "Polygon", "coordinates": [[[5.34314, 52.38885], [5.35783, 52.38885], [5.35782, 52.39784], [5.34313, 52.39783], [5.34314, 52.38885]]]}}, {"type": "Feature", "properties": {"ntot": 1001, "nhx": 691, "noy": 310, "share_in_municipality": 0.0}, "geometry": {"type": "Polygon", "coordinates": [[[5.35783, 52.38885], [5.37251, 52.38885], [5.37251, 52.39784], [5.35782, 52.39784], [5.35783, 52.38885]]]}}, {"type": "Feature", "properties": {"ntot": 1040, "nhx": 732, "noy": 308, "share_in_municipality": 0.0}, "geometry": {"type": "Polygon", "coordinates": [[[5.37251, 52.38885], [5.3872, 52.38885], [5.3872, 52.39784], [5.37251, 52.39784], [5.37251, 52.38885]]]}}, {"type": "Feature", "properties": {"ntot": 1028, "nhx": 728, "noy": 300, "share_in_municipality": 0.0}, "geometry": {"type": "Polygon", "coordinates": [[[5.3872, 52.38885], [5.40189, 52.38885], [5.4019, 52.39784], [5.3872, 52.39784], [5.3872, 52.38885]]]}}, {"type": "Feature", "properties": {"ntot": 1032, "nhx": 732, "noy": 300, "share_in_municipality": 0.0}, "geometry": {"type": "Polygon", "coordinates": [[[5.40189, 52.38885], [5.41658, 52.38885], [5.41659, 52.39784], [5.4019, 52.39784], [5.40189, 52.38885]]]}}, {"type": "Feature", "properties": {"ntot": 994, "nhx": 695, "noy": 299, "share_in_municipality": 0.0}, "geometry": {"type": "Polygon", "coordinates": [[[5.41658, 52.38885], [5.43127, 52.38885], [5.43128, 52.39783], [5.41659, 52.39784], [5.41658, 52.38885]]]}}, {"type": "Feature", "properties": {"ntot": 1051, "nhx": 753, "noy": 298, "share_in_municipality": 0.0}, "geometry": {"type": "Polygon", "coordinates": [[[5.43127, 52.38885], [5.44596, 52.38884], [5.44597, 52.39783], [5.43128, 52.39783], [5.43127, 52.38885]]]}}, {"type": "Feature", "properties": {"ntot": 1008, "nhx": 711, "noy": 297, "share_in_municipality": 0.0}, "geometry": {"type": "Polygon", "coordinates": [[[5.44596, 52.38884], [5.46065, 52.38883], [5.46067, 52.39782], [5.44597, 52.39783], [5.44596, 52.38884]]]}}, {"type": "Feature", "properties": {"ntot": 1029, "nhx": 734, "noy": 295, "share_in_municipality": 0.0}, "geometry": {"type": "Polygon", "coordinates": [[[5.46065, 52.38883], [5.47534, 52.38882], [5.47536, 52.39781], [5.46067, 52.39782], [5.46065, 52.38883]]]}}, {"type": "Feature", "properties": {"ntot": 1171, "nhx": 883, "noy": 288, "share_in_municipality": 0.0}, "geometry": {"type": "Polygon", "coordinates": [[[5.47534, 52.38882], [5.49003, 52.38881], [5.49005, 52.3978], [5.47536, 52.39781], [5.47534, 52.38882]]]}}, {"type": "Feature", "properties": {"ntot": 1039, "nhx": 745, "noy": 294, "share_in_municipality": 0.0}, "geometry": {"type": "Polygon", "coordinates": [[[5.49003, 52.38881], [5.50472, 52.38879], [5.50474, 52.39778], [5.49005, 52.3978], [5.49003, 52.38881]]]}}, {"type": "Feature", "properties": {"ntot": 1079, "nhx": 793, "noy": 285, "share_in_municipality": 0.0}, "geometry": {"type": "Polygon", "coordinates": [[[5.50472, 52.38879], [5.51941, 52.38878], [5.51944, 52.39777], [5.50474, 52.39778], [5.50472, 52.38879]]]}}, {"type": "Feature", "properties": {"ntot": 1048, "nhx": 756, "noy": 292, "share_in_municipality": 0.0}, "geometry": {"type": "Polygon", "coordinates": [[[5.51941, 52.38878], [5.5341, 52.38876], [5.53413, 52.39775], [5.51944, 52.39777], [5.51941, 52.38878]]]}}, {"type": "Feature", "properties": {"ntot": 1090, "nhx": 786, "noy": 304, "share_in_municipality": 0.0}, "geometry": {"type": "Polygon", "coordinates": [[[5.5341, 52.38876], [5.54879, 52.38874], [5.54882, 52.39773], [5.53413, 52.39775], [5.5341, 52.38876]]]}}, {"type": "Feature", "properties": {"ntot": 1183, "nhx": 858, "noy": 325, "share_in_municipality": 0.0}, "geometry": {"type": "Polygon", "coordinates": [[[5.54879, 52.38874], [5.56348, 52.38872], [5.56351, 52.39771], [5.54882, 52.39773], [5.54879, 52.38874]]]}}, {"type": "Feature", "properties": {"ntot": 1094, "nhx": 753, "noy": 341, "share_in_municipality": 0.0}, "geometry": {"type": "Polygon", "coordinates": [[[5.56348, 52.38872], [5.57817, 52.3887], [5.57821, 52.39769], [5.56351, 52.39771], [5.56348, 52.38872]]]}}, {"type": "Feature", "properties": {"ntot": 1025, "nhx": 727, "noy": 298, "share_in_municipality": 0.0}, "geometry": {"type": "Polygon", "coordinates": [[[5.57817, 52.3887], [5.59286, 52.38867], [5.5929, 52.39766], [5.57821, 52.39769], [5.57817, 52.3887]]]}}, {"type": "Feature", "properties": {"ntot": 1133, "nhx": 805, "noy": 328, "share_in_municipality": 0.0}, "geometry": {"type": "Polygon", "coordinates": [[[5.59286, 52.38867], [5.60755, 52.38865], [5.60759, 52.39764], [5.5929, 52.39766], [5.59286, 52.38867]]]}}, {"type": "Feature", "properties": {"ntot": 1432, "nhx": 1022, "noy": 410, "share_in_municipality": 0.0}, "geometry": {"type": "Polygon", "coordinates": [[[5.60755, 52.38865], [5.62224, 52.38862], [5.62228, 52.39761], [5.60759, 52.39764], [5.60755, 52.38865]]]}}, {"type": "Feature", "properties": {"ntot": 1416, "nhx": 1002, "noy": 414, "share_in_municipality": 0.0}, "geometry": {"type": "Polygon", "coordinates": [[[5.62224, 52.38862], [5.63693, 52.38859], [5.63698, 52.39758], [5.62228, 52.39761], [5.62224, 52.38862]]]}}, {"type": "Feature", "properties": {"ntot": 871, "nhx": 590, "noy": 282, "share_in_municipality": 0.0}, "geometry": {"type": "Polygon", "coordinates": [[[5.63693, 52.38859], [5.65162, 52.38856], [5.65167, 52.39755], [5.63698, 52.39758], [5.63693, 52.38859]]]}}, {"type": "Feature", "properties": {"ntot": 609, "nhx": 404, "noy": 205, "share_in_municipality": 0.0}, "geometry": {"type": "Polygon", "coordinates": [[[5.65162, 52.38856], [5.6663, 52.38852], [5.66636, 52.39751], [5.65167, 52.39755], [5.65162, 52.38856]]]}}, {"type": "Feature", "properties": {"ntot": 579, "nhx": 385, "noy": 193, "share_in_municipality": 0.0}, "geometry": {"type": "Polygon", "coordinates": [[[5.6663, 52.38852], [5.68099, 52.38849], [5.68105, 52.39748], [5.66636, 52.39751], [5.6663, 52.38852]]]}}, {"type": "Feature", "properties": {"ntot": 650, "nhx": 440, "noy": 209, "share_in_municipality": 0.0}, "geometry": {"type": "Polygon", "coordinates": [[[5.68099, 52.38849], [5.69568, 52.38845], [5.69575, 52.39744], [5.68105, 52.39748], [5.68099, 52.38849]]]}}, {"type": "Feature", "properties": {"ntot": 584, "nhx": 390, "noy": 194, "share_in_municipality": 0.0}, "geometry": {"type": "Polygon", "coordinates": [[[5.69568, 52.38845], [5.71037, 52.38841], [5.71044, 52.3974], [5.69575, 52.39744], [5.69568, 52.38845]]]}}, {"type": "Feature", "properties": {"ntot": 620, "nhx": 415, "noy": 205, "share_in_municipality": 0.0}, "geometry": {"type": "Polygon", "coordinates": [[[5.71037, 52.38841], [5.72506, 52.38837], [5.72513, 52.39736], [5.71044, 52.3974], [5.71037, 52.38841]]]}}, {"type": "Feature", "properties": {"ntot": 793, "nhx": 540, "noy": 253, "share_in_municipality": 0.0}, "geometry": {"type": "Polygon", "coordinates": [[[5.72506, 52.38837], [5.73975, 52.38833], [5.73982, 52.39732], [5.72513, 52.39736], [5.72506, 52.38837]]]}}, {"type": "Feature", "properties": {"ntot": 980, "nhx": 685, "noy": 295, "share_in_municipality": 0.0}, "geometry": {"type": "Polygon", "coordinates": [[[5.73975, 52.38833], [5.75444, 52.38828], [5.75451, 52.39727], [5.73982, 52.39732], [5.73975, 52.38833]]]}}, {"type": "Feature", "properties": {"ntot": 964, "nhx": 677, "noy": 287, "share_in_municipality": 0.0}, "geometry": {"type": "Polygon", "coordinates": [[[5.75444, 52.38828], [5.76913, 52.38824], [5.76921, 52.39722], [5.75451, 52.39727], [5.75444, 52.38828]]]}}, {"type": "Feature", "properties": {"ntot": 873, "nhx": 591, "noy": 282, "share_in_municipality": 0.0}, "geometry": {"type": "Polygon", "coordinates": [[[5.76913, 52.38824], [5.78382, 52.38819], [5.7839, 52.39718], [5.76921, 52.39722], [5.76913, 52.38824]]]}}, {"type": "Feature", "properties": {"ntot": 1043, "nhx": 757, "noy": 286, "share_in_municipality": 0.0}, "geometry": {"type": "Polygon", "coordinates": [[[5.78382, 52.38819], [5.79851, 52.38814], [5.79859, 52.39713], [5.7839, 52.39718], [5.78382, 52.38819]]]}}, {"type": "Feature", "properties": {"ntot": 1028, "nhx": 730, "noy": 298, "share_in_municipality": 0.0}, "geometry": {"type": "Polygon", "coordinates": [[[5.79851, 52.38814], [5.8132, 52.38809], [5.81328, 52.39707], [5.79859, 52.39713], [5.79851, 52.38814]]]}}, {"type": "Feature", "properties": {"ntot": 1126, "nhx": 795, "noy": 331, "share_in_municipality": 0.0}, "geometry": {"type": "Polygon", "coordinates": [[[5.8132, 52.38809], [5.82788, 52.38803], [5.82797, 52.39702], [5.81328, 52.39707], [5.8132, 52.38809]]]}}, {"type": "Feature", "properties": {"ntot": 1327, "nhx": 923, "noy": 404, "share_in_municipality": 0.0}, "geometry": {"type": "Polygon", "coordinates": [[[5.82788, 52.38803], [5.84257, 52.38798], [5.84267, 52.39696], [5.82797, 52.39702], [5.82788, 52.38803]]]}}, {"type": "Feature", "properties": {"ntot": 1198, "nhx": 785, "noy": 413, "share_in_municipality": 0.0}, "geometry": {"type": "Polygon", "coordinates": [[[5.84257, 52.38798], [5.85726, 52.38792], [5.85736, 52.39691], [5.84267, 52.39696], [5.84257, 52.38798]]]}}, {"type": "Feature", "properties": {"ntot": 815, "nhx": 556, "noy": 259, "share_in_municipality": 0.0}, "geometry": {"type": "Polygon", "coordinates": [[[5.16682, 52.39764], [5.18151, 52.39766], [5.18147, 52.40665], [5.16677, 52.40662], [5.16682, 52.39764]]]}}, {"type": "Feature", "properties": {"ntot": 698, "nhx": 431, "noy": 266, "share_in_municipality": 0.0}, "geometry": {"type": "Polygon", "coordinates": [[[5.18151, 52.39766], [5.1962, 52.39769], [5.19616, 52.40667], [5.18147, 52.40665], [5.18151, 52.39766]]]}}, {"type": "Feature", "properties": {"ntot": 794, "nhx": 507, "noy": 287, "share_in_municipality": 0.0}, "geometry": {"type": "Polygon", "coordinates": [[[5.1962, 52.39769], [5.21089, 52.39771], [5.21086, 52.4067], [5.19616, 52.40667], [5.1962, 52.39769]]]}}, {"type": "Feature", "properties": {"ntot": 850, "nhx": 549, "noy": 301, "share_in_municipality": 0.0}, "geometry": {"type": "Polygon", "coordinates": [[[5.21089, 52.39771], [5.22559, 52.39773], [5.22555, 52.40672], [5.21086, 52.4067], [5.21089, 52.39771]]]}}, {"type": "Feature", "properties": {"ntot": 1010, "nhx": 674, "noy": 336, "share_in_municipality": 0.0}, "geometry": {"type": "Polygon", "coordinates": [[[5.22559, 52.39773], [5.24028, 52.39775], [5.24025, 52.40674], [5.22555, 52.40672], [5.22559, 52.39773]]]}}, {"type": "Feature", "properties": {"ntot": 1402, "nhx": 994, "noy": 409, "share_in_municipality": 0.0}, "geometry": {"type": "Polygon", "coordinates": [[[5.24028, 52.39775], [5.25497, 52.39777], [5.25494, 52.40675], [5.24025, 52.40674], [5.24028, 52.39775]]]}}, {"type": "Feature", "properties": {"ntot": 1505, "nhx": 1066, "noy": 439, "share_in_municipality": 0.0}, "geometry": {"type": "Polygon", "coordinates": [[[5.25497, 52.39777], [5.26966, 52.39778], [5.26964, 52.40677], [5.25494, 52.40675], [5.25497, 52.39777]]]}}, {"type": "Feature", "properties": {"ntot": 1417, "nhx": 1020, "noy": 397, "share_in_municipality": 0.0}, "geometry": {"type": "Polygon", "coordinates": [[[5.26966, 52.39778], [5.28436, 52.3978], [5.28434, 52.40678], [5.26964, 52.40677], [5.26966, 52.39778]]]}}, {"type": "Feature", "properties": {"ntot": 1263, "nhx": 928, "noy": 335, "share_in_municipality": 0.0}, "geometry": {"type": "Polygon", "coordinates": [[[5.28436, 52.3978], [5.29905, 52.39781], [5.29903, 52.4068], [5.28434, 52.40678], [5.28436, 52.3978]]]}}, {"type": "Feature", "properties": {"ntot": 1422, "nhx": 1043, "noy": 379, "share_in_municipality": 0.0}, "geometry": {"type": "Polygon", "coordinates": [[[5.29905, 52.39781], [5.31374, 52.39782], [5.31373, 52.40681], [5.29903, 52.4068], [5.29905, 52.39781]]]}}, {"type": "Feature", "properties": {"ntot": 1225, "nhx": 907, "noy": 318, "share_in_municipality": 0.0}, "geometry": {"type": "Polygon", "coordinates": [[[5.31374, 52.39782], [5.32843, 52.39783], [5.32842, 52.40681], [5.31373, 52.40681], [5.31374, 52.39782]]]}}, {"type": "Feature", "properties": {"ntot": 1096, "nhx": 741, "noy": 355, "share_in_municipality": 0.0}, "geometry": {"type": "Polygon", "coordinates": [[[5.32843, 52.39783], [5.34313, 52.39783], [5.34312, 52.40682], [5.32842, 52.40681], [5.32843, 52.39783]]]}}, {"type": "Feature", "properties": {"ntot": 1210, "nhx": 796, "noy": 414, "share_in_municipality": 0.0}, "geometry": {"type": "Polygon", "coordinates": [[[5.34313, 52.39783], [5.35782, 52.39784], [5.35781, 52.40682], [5.34312, 52.40682], [5.34313, 52.39783]]]}}, {"type": "Feature", "properties": {"ntot": 980, "nhx": 635, "noy": 345, "share_in_municipality": 0.0}, "geometry": {"type": "Polygon", "coordinates": [[[5.35782, 52.39784], [5.37251, 52.39784], [5.37251, 52.40683], [5.35781, 52.40682], [5.35782, 52.39784]]]}}, {"type": "Feature", "properties": {"ntot": 1031, "nhx": 720, "noy": 310, "share_in_municipality": 0.0}, "geometry": {"type": "Polygon", "coordinates": [[[5.37251, 52.39784], [5.3872, 52.39784], [5.3872, 52.40683], [5.37251, 52.40683], [5.37251, 52.39784]]]}}, {"type": "Feature", "properties": {"ntot": 1084, "nhx": 782, "noy": 302, "share_in_municipality": 0.0}, "geometry": {"type": "Polygon", "coordinates": [[[5.3872, 52.39784], [5.4019, 52.39784], [5.4019, 52.40683], [5.3872, 52.40683], [5.3872, 52.39784]]]}}, {"type": "Feature", "properties": {"ntot": 1054, "nhx": 754, "noy": 299, "share_in_municipality": 0.0}, "geometry": {"type": "Polygon", "coordinates": [[[5.4019, 52.39784], [5.41659, 52.39784], [5.4166, 52.40682], [5.4019, 52.40683], [5.4019, 52.39784]]]}}, {"type": "Feature", "properties": {"ntot": 1037, "nhx": 738, "noy": 299, "share_in_municipality": 0.0}, "geometry": {"type": "Polygon", "coordinates": [[[5.41659, 52.39784], [5.43128, 52.39783], [5.43129, 52.40682], [5.4166, 52.40682], [5.41659, 52.39784]]]}}, {"type": "Feature", "properties": {"ntot": 1050, "nhx": 754, "noy": 296, "share_in_municipality": 0.0}, "geometry": {"type": "Polygon", "coordinates": [[[5.43128, 52.39783], [5.44597, 52.39783], [5.44599, 52.40681], [5.43129, 52.40682], [5.43128, 52.39783]]]}}, {"type": "Feature", "properties": {"ntot": 969, "nhx": 680, "noy": 289, "share_in_municipality": 0.0}, "geometry": {"type": "Polygon", "coordinates": [[[5.44597, 52.39783], [5.46067, 52.39782], [5.46068, 52.40681], [5.44599, 52.40681], [5.44597, 52.39783]]]}}, {"type": "Feature", "properties": {"ntot": 1086, "nhx": 794, "noy": 292, "share_in_municipality": 0.0}, "geometry": {"type": "Polygon", "coordinates": [[[5.46067, 52.39782], [5.47536, 52.39781], [5.47538, 52.4068], [5.46068, 52.40681], [5.46067, 52.39782]]]}}, {"type": "Feature", "properties": {"ntot": 1067, "nhx": 760, "noy": 307, "share_in_municipality": 0.0}, "geometry": {"type": "Polygon", "coordinates": [[[5.47536, 52.39781], [5.49005, 52.3978], [5.49007, 52.40678], [5.47538, 52.4068], [5.47536, 52.39781]]]}}, {"type": "Feature", "properties": {"ntot": 1242, "nhx": 913, "noy": 329, "share_in_municipality": 0.0}, "geometry": {"type": "Polygon", "coordinates": [[[5.49005, 52.3978], [5.50474, 52.39778], [5.50477, 52.40677], [5.49007, 52.40678], [5.49005, 52.3978]]]}}, {"type": "Feature", "properties": {"ntot": 1071, "nhx": 776, "noy": 295, "share_in_municipality": 0.0}, "geometry": {"type": "Polygon", "coordinates": [[[5.50474, 52.39778], [5.51944, 52.39777], [5.51946, 52.40675], [5.50477, 52.40677], [5.50474, 52.39778]]]}}, {"type": "Feature", "properties": {"ntot": 1069, "nhx": 773, "noy": 296, "share_in_municipality": 0.0}, "geometry": {"type": "Polygon", "coordinates": [[[5.51944, 52.39777], [5.53413, 52.39775], [5.53416, 52.40674], [5.51946, 52.40675], [5.51944, 52.39777]]]}}, {"type": "Feature", "properties": {"ntot": 1058, "nhx": 762, "noy": 295, "share_in_municipality": 0.0}, "geometry": {"type": "Polygon", "coordinates": [[[5.53413, 52.39775], [5.54882, 52.39773], [5.54885, 52.40672], [5.53416, 52.40674], [5.53413, 52.39775]]]}}, {"type": "Feature", "properties": {"ntot": 1056, "nhx": 759, "noy": 298, "share_in_municipality": 0.0}, "geometry": {"type": "Polygon", "coordinates": [[[5.54882, 52.39773], [5.56351, 52.39771], [5.56355, 52.4067], [5.54885, 52.40672], [5.54882, 52.39773]]]}}, {"type": "Feature", "properties": {"ntot": 1071, "nhx": 767, "noy": 304, "share_in_municipality": 0.0}, "geometry": {"type": "Polygon", "coordinates": [[[5.56351, 52.39771], [5.57821, 52.39769], [5.57825, 52.40667], [5.56355, 52.4067], [5.56351, 52.39771]]]}}, {"type": "Feature", "properties": {"ntot": 1055, "nhx": 731, "noy": 324, "share_in_municipality": 0.0}, "geometry": {"type": "Polygon", "coordinates": [[[5.57821, 52.39769], [5.5929, 52.39766], [5.59294, 52.40665], [5.57825, 52.40667], [5.57821, 52.39769]]]}}, {"type": "Feature", "properties": {"ntot": 1001, "nhx": 701, "noy": 299, "share_in_municipality": 0.0}, "geometry": {"type": "Polygon", "coordinates": [[[5.5929, 52.39766], [5.60759, 52.39764], [5.60764, 52.40662], [5.59294, 52.40665], [5.5929, 52.39766]]]}}, {"type": "Feature", "properties": {"ntot": 1342, "nhx": 997, "noy": 345, "share_in_municipality": 0.0}, "geometry": {"type": "Polygon", "coordinates": [[[5.60759, 52.39764], [5.62228, 52.39761], [5.62233, 52.40659], [5.60764, 52.40662], [5.60759, 52.39764]]]}}, {"type": "Feature", "properties": {"ntot": 1451, "nhx": 1043, "noy": 408, "share_in_municipality": 0.0}, "geometry": {"type": "Polygon", "coordinates": [[[5.62228, 52.39761], [5.63698, 52.39758], [5.63703, 52.40656], [5.62233, 52.40659], [5.62228, 52.39761]]]}}, {"type": "Feature", "properties": {"ntot": 874, "nhx": 584, "noy": 290, "share_in_municipality": 0.0}, "geometry": {"type": "Polygon", "coordinates": [[[5.63698, 52.39758], [5.65167, 52.39755], [5.65172, 52.40653], [5.63703, 52.40656], [5.63698, 52.39758]]]}}, {"type": "Feature", "properties": {"ntot": 763, "nhx": 502, "noy": 261, "share_in_municipality": 0.0}, "geometry": {"type": "Polygon", "coordinates": [[[5.65167, 52.39755], [5.66636, 52.39751], [5.66642, 52.4065], [5.65172, 52.40653], [5.65167, 52.39755]]]}}, {"type": "Feature", "properties": {"ntot": 781, "nhx": 529, "noy": 252, "share_in_municipality": 0.0}, "geometry": {"type": "Polygon", "coordinates": [[[5.66636, 52.39751], [5.68105, 52.39748], [5.68111, 52.40646], [5.66642, 52.4065], [5.66636, 52.39751]]]}}, {"type": "Feature", "properties": {"ntot": 589, "nhx": 390, "noy": 200, "share_in_municipality": 0.0}, "geometry": {"type": "Polygon", "coordinates": [[[5.68105, 52.39748], [5.69575, 52.39744], [5.69581, 52.40643], [5.68111, 52.40646], [5.68105, 52.39748]]]}}, {"type": "Feature", "properties": {"ntot": 579, "nhx": 386, "noy": 192, "share_in_municipality": 0.0}, "geometry": {"type": "Polygon", "coordinates": [[[5.69575, 52.39744], [5.71044, 52.3974], [5.7105, 52.40639], [5.69581, 52.40643], [5.69575, 52.39744]]]}}, {"type": "Feature", "properties": {"ntot": 580, "nhx": 388, "noy": 192, "share_in_municipality": 0.0}, "geometry": {"type": "Polygon", "coordinates": [[[5.71044, 52.3974], [5.72513, 52.39736], [5.7252, 52.40635], [5.7105, 52.40639], [5.71044, 52.3974]]]}}, {"type": "Feature", "properties": {"ntot": 598, "nhx": 403, "noy": 195, "share_in_municipality": 0.0}, "geometry": {"type": "Polygon", "coordinates": [[[5.72513, 52.39736], [5.73982, 52.39732], [5.73989, 52.4063], [5.7252, 52.40635], [5.72513, 52.39736]]]}}, {"type": "Feature", "properties": {"ntot": 763, "nhx": 533, "noy": 229, "share_in_municipality": 0.0}, "geometry": {"type": "Polygon", "coordinates": [[[5.73982, 52.39732], [5.75451, 52.39727], [5.75459, 52.40626], [5.73989, 52.4063], [5.73982, 52.39732]]]}}, {"type": "Feature", "properties": {"ntot": 946, "nhx": 664, "noy": 283, "share_in_municipality": 0.0}, "geometry": {"type": "Polygon", "coordinates": [[[5.75451, 52.39727], [5.76921, 52.39722], [5.76928, 52.40621], [5.75459, 52.40626], [5.75451, 52.39727]]]}}, {"type": "Feature", "properties": {"ntot": 937, "nhx": 659, "noy": 278, "share_in_municipality": 0.0}, "geometry": {"type": "Polygon", "coordinates": [[[5.76921, 52.39722], [5.7839, 52.39718], [5.78398, 52.40616], [5.76928, 52.40621], [5.76921, 52.39722]]]}}, {"type": "Feature", "properties": {"ntot": 1218, "nhx": 935, "noy": 284, "share_in_municipality": 0.0}, "geometry": {"type": "Polygon", "coordinates": [[[5.7839, 52.39718], [5.79859, 52.39713], [5.79867, 52.40611], [5.78398, 52.40616], [5.7839, 52.39718]]]}}, {"type": "Feature", "properties": {"ntot": 907, "nhx": 614, "noy": 293, "share_in_municipality": 0.0}, "geometry": {"type": "Polygon", "coordinates": [[[5.79859, 52.39713], [5.81328, 52.39707], [5.81337, 52.40606], [5.79867, 52.40611], [5.79859, 52.39713]]]}}, {"type": "Feature", "properties": {"ntot": 843, "nhx": 559, "noy": 285, "share_in_municipality": 0.0}, "geometry": {"type": "Polygon", "coordinates": [[[5.81328, 52.39707], [5.82797, 52.39702], [5.82806, 52.40601], [5.81337, 52.40606], [5.81328, 52.39707]]]}}, {"type": "Feature", "properties": {"ntot": 929, "nhx": 631, "noy": 298, "share_in_municipality": 0.0}, "geometry": {"type": "Polygon", "coordinates": [[[5.82797, 52.39702], [5.84267, 52.39696], [5.84276, 52.40595], [5.82806, 52.40601], [5.82797, 52.39702]]]}}, {"type": "Feature", "properties": {"ntot": 1266, "nhx": 915, "noy": 351, "share_in_municipality": 0.0}, "geometry": {"type": "Polygon", "coordinates": [[[5.84267, 52.39696], [5.85736, 52.39691], [5.85745, 52.40589], [5.84276, 52.40595], [5.84267, 52.39696]]]}}]}