{"type": "FeatureCollection", "source": {"dataset": "Natura 2000", "publisher": "RVO via PDOK", "url": "https://service.pdok.nl/rvo/natura2000/wfs/v1_0", "layer": "natura2000:natura2000", "licence": "CC0", "fetched_on": "2026-10-05"}, "notes": ["Areas that intersect the map area: the bounding box of Nijkerk plus 15 km.", "Geometries are cut off just outside that map area; area_total_ha refers to the whole area.", "nitrogen_sensitive is empty on purpose: this dataset does not contain that information.", "One Natura 2000 area can appear as more than one feature."], "features": [{"type": "Feature", "properties": {"name": "Arkemheen", "site_nr": 56, "protection_code": "VR", "protection_label_nl": "Vogelrichtlijn", "status": "Natura 2000-besluit 2010", "distance_to_municipality_km": 0.0, "overlap_with_municipality_ha": 1003.7, "area_total_ha": 1422, "geometry_clipped_to_map_area": true, "nitrogen_sensitive": null}, "geometry": {"type": "MultiPolygon", "coordinates": [[[[5.50893, 52.26433], [5.53136, 52.26346], [5.52913, 52.26183], [5.52412, 52.25937], [5.52268, 52.25947], [5.52254, 52.25995], [5.5217, 52.26039], [5.52106, 52.25942], [5.52178, 52.25929], [5.52174, 52.25856], [5.49518, 52.24947], [5.49208, 52.24896], [5.49113, 52.24808], [5.48688, 52.24662], [5.48349, 52.24569], [5.47916, 52.24498], [5.47934, 52.24463], [5.47618, 52.24306], [5.47153, 52.24149], [5.46804, 52.23985], [5.46323, 52.23671], [5.46244, 52.23706], [5.4614, 52.23635], [5.45737, 52.2378], [5.45608, 52.23857], [5.45198, 52.23877], [5.44857, 52.23361], [5.44691, 52.23187], [5.43886, 52.23478], [5.42776, 52.23404], [5.42424, 52.22779], [5.42315, 52.22764], [5.39676, 52.22995], [5.39962, 52.23671], [5.40023, 52.23659], [5.40061, 52.23746], [5.40282, 52.23736], [5.40315, 52.2378], [5.40218, 52.23856], [5.40033, 52.23857], [5.40325, 52.24588], [5.40461, 52.24681], [5.40829, 52.24617], [5.41164, 52.24626], [5.41441, 52.24521], [5.41884, 52.24675], [5.42493, 52.24941], [5.4308, 52.2502], [5.43535, 52.25228], [5.45214, 52.2537], [5.4562, 52.2532], [5.46464, 52.25502], [5.46363, 52.25452], [5.46372, 52.25428], [5.4644, 52.25416], [5.46492, 52.25446], [5.46509, 52.25419], [5.46542, 52.25513], [5.46633, 52.25525], [5.46665, 52.25486], [5.4669, 52.25517], [5.47416, 52.25657], [5.47396, 52.25682], [5.48015, 52.25814], [5.48904, 52.26267], [5.49329, 52.26317], [5.49466, 52.26366], [5.49772, 52.26378], [5.50049, 52.26445], [5.50621, 52.26473], [5.50893, 52.26433]], [[5.43764, 52.23837], [5.43836, 52.23849], [5.43875, 52.23856], [5.43799, 52.23873], [5.43764, 52.23837]], [[5.40469, 52.2443], [5.40516, 52.24409], [5.40385, 52.24377], [5.40385, 52.24332], [5.40453, 52.24314], [5.40559, 52.24405], [5.40469, 52.2443]], [[5.41279, 52.24448], [5.41248, 52.24408], [5.4135, 52.24377], [5.41401, 52.24434], [5.41279, 52.24448]], [[5.41131, 52.24452], [5.4116, 52.24513], [5.41093, 52.24508], [5.41056, 52.24454], [5.41131, 52.24452]], [[5.41236, 52.24533], [5.41189, 52.2447], [5.41305, 52.24473], [5.41319, 52.24492], [5.41236, 52.24533]], [[5.43758, 52.25063], [5.43695, 52.25101], [5.43659, 52.25066], [5.43672, 52.25035], [5.43704, 52.25055], [5.43716, 52.25022], [5.43758, 52.25063]], [[5.45536, 52.25099], [5.45546, 52.2506], [5.45639, 52.25082], [5.45593, 52.2511], [5.45536, 52.25099]], [[5.45428, 52.25256], [5.4551, 52.25207], [5.45581, 52.25291], [5.45451, 52.25311], [5.45428, 52.25256]], [[5.51769, 52.26083], [5.51722, 52.26043], [5.51885, 52.26008], [5.51886, 52.26077], [5.51769, 52.26083]], [[5.49759, 52.26049], [5.49698, 52.2608], [5.49714, 52.26042], [5.49759, 52.26049]], [[5.49264, 52.26186], [5.49265, 52.26121], [5.4936, 52.26086], [5.49336, 52.26187], [5.49264, 52.26186]], [[5.49117, 52.26165], [5.49113, 52.26122], [5.492, 52.26105], [5.49205, 52.2613], [5.49117, 52.26165]], [[5.49277, 52.26254], [5.49388, 52.26275], [5.49406, 52.26314], [5.49294, 52.26307], [5.49277, 52.26254]]]]}}, {"type": "Feature", "properties": {"name": "Veluwerandmeren", "site_nr": 76, "protection_code": "VR+HR", "protection_label_nl": "Vogel- en Habitatrichtlijn", "status": "Natura 2000-besluit 2010", "distance_to_municipality_km": 0.0, "overlap_with_municipality_ha": 23.1, "area_total_ha": 6123, "geometry_clipped_to_map_area": true, "nitrogen_sensitive": null}, "geometry": {"type": "MultiPolygon", "coordinates": [[[[5.58447, 52.36294], [5.58938, 52.36333], [5.60555, 52.36632], [5.60841, 52.36534], [5.61023, 52.3642], [5.61157, 52.36466], [5.61198, 52.36445], [5.61238, 52.3641], [5.61148, 52.36379], [5.61153, 52.36351], [5.61343, 52.36274], [5.61737, 52.36037], [5.61497, 52.35831], [5.61369, 52.35373], [5.61217, 52.35254], [5.61096, 52.34878], [5.61108, 52.34685], [5.61178, 52.34591], [5.60367, 52.33939], [5.60202, 52.3383], [5.59942, 52.33721], [5.59762, 52.33576], [5.59499, 52.33461], [5.5942, 52.33362], [5.59355, 52.33389], [5.59285, 52.33337], [5.59321, 52.33394], [5.59224, 52.33391], [5.59055, 52.33336], [5.59021, 52.33255], [5.58834, 52.33178], [5.58579, 52.33165], [5.58323, 52.33063], [5.58157, 52.32971], [5.58133, 52.32926], [5.58078, 52.32911], [5.58019, 52.3294], [5.58005, 52.32891], [5.57723, 52.32714], [5.57594, 52.32643], [5.57524, 52.32654], [5.57531, 52.32586], [5.57291, 52.32472], [5.57075, 52.32251], [5.5699, 52.32202], [5.5688, 52.32193], [5.56838, 52.32078], [5.5671, 52.31996], [5.5635, 52.32002], [5.5579, 52.31769], [5.5577, 52.31658], [5.5586, 52.31449], [5.55899, 52.31414], [5.55976, 52.31413], [5.559, 52.31348], [5.56008, 52.31276], [5.56007, 52.31192], [5.55918, 52.31095], [5.55762, 52.31038], [5.55834, 52.30955], [5.55828, 52.309], [5.55571, 52.30546], [5.55592, 52.30518], [5.55512, 52.30386], [5.55464, 52.30353], [5.55392, 52.30364], [5.55443, 52.30313], [5.55354, 52.30289], [5.55343, 52.30118], [5.55272, 52.30047], [5.55104, 52.29654], [5.54957, 52.29486], [5.54965, 52.29423], [5.54899, 52.29319], [5.54835, 52.29295], [5.54904, 52.29257], [5.54826, 52.2926], [5.54841, 52.2918], [5.54668, 52.28948], [5.5463, 52.28787], [5.5457, 52.28696], [5.54504, 52.28677], [5.54514, 52.28565], [5.54434, 52.28491], [5.54294, 52.28504], [5.54189, 52.28307], [5.54282, 52.28234], [5.5431, 52.28148], [5.54217, 52.2797], [5.54102, 52.27932], [5.54201, 52.27899], [5.54056, 52.27908], [5.54096, 52.27748], [5.54015, 52.27722], [5.53984, 52.27622], [5.53864, 52.27608], [5.5388, 52.27478], [5.53739, 52.2743], [5.53731, 52.27288], [5.53693, 52.27266], [5.53662, 52.27283], [5.53649, 52.27204], [5.53579, 52.27215], [5.53607, 52.27175], [5.53307, 52.27239], [5.53082, 52.27229], [5.52958, 52.27139], [5.5295, 52.26862], [5.53149, 52.26725], [5.53095, 52.26599], [5.52937, 52.26565], [5.52962, 52.26522], [5.52928, 52.26483], [5.52825, 52.2647], [5.52802, 52.26387], [5.52744, 52.26368], [5.51246, 52.26415], [5.50621, 52.26482], [5.50039, 52.26455], [5.49651, 52.26372], [5.49474, 52.26382], [5.49329, 52.26325], [5.48853, 52.26266], [5.48008, 52.2582], [5.47399, 52.2569], [5.47212, 52.26127], [5.47441, 52.26182], [5.47413, 52.26208], [5.47299, 52.26203], [5.47289, 52.26231], [5.47613, 52.26317], [5.47097, 52.26266], [5.47073, 52.2633], [5.47146, 52.26359], [5.48383, 52.26594], [5.48491, 52.26544], [5.4868, 52.26537], [5.48872, 52.26617], [5.48883, 52.26715], [5.49073, 52.26743], [5.49174, 52.268], [5.49273, 52.2679], [5.49351, 52.26831], [5.49448, 52.26814], [5.4992, 52.2695], [5.51376, 52.27152], [5.5141, 52.27183], [5.51612, 52.27199], [5.51833, 52.2727], [5.51896, 52.2726], [5.51932, 52.27289], [5.52136, 52.27311], [5.52192, 52.27348], [5.52408, 52.27366], [5.52606, 52.2734], [5.52875, 52.27497], [5.52934, 52.27612], [5.52927, 52.2774], [5.53299, 52.28378], [5.5347, 52.28796], [5.53599, 52.28916], [5.53816, 52.28912], [5.53622, 52.28981], [5.53556, 52.29051], [5.53613, 52.29153], [5.53667, 52.29166], [5.5367, 52.29261], [5.53761, 52.29346], [5.53763, 52.29406], [5.53898, 52.29498], [5.54018, 52.29785], [5.54226, 52.30005], [5.54254, 52.30202], [5.54356, 52.30291], [5.54468, 52.30548], [5.54452, 52.3061], [5.54557, 52.30724], [5.54591, 52.30926], [5.54659, 52.3099], [5.54797, 52.30989], [5.55001, 52.31035], [5.55055, 52.31106], [5.55042, 52.31271], [5.54901, 52.31337], [5.5487, 52.31516], [5.55063, 52.31897], [5.55248, 52.31968], [5.55252, 52.32093], [5.55283, 52.3209], [5.55165, 52.32142], [5.55161, 52.32191], [5.55121, 52.32201], [5.5515, 52.32288], [5.55039, 52.32344], [5.55045, 52.32435], [5.54921, 52.32538], [5.54948, 52.32614], [5.54861, 52.32698], [5.55017, 52.32784], [5.55216, 52.33042], [5.55384, 52.33154], [5.55399, 52.3344], [5.55274, 52.33517], [5.54958, 52.33612], [5.54794, 52.33638], [5.54606, 52.33617], [5.54218, 52.33661], [5.53739, 52.3459], [5.53726, 52.3478], [5.53791, 52.34947], [5.54016, 52.35173], [5.56386, 52.36757], [5.56669, 52.36661], [5.58015, 52.36346], [5.58447, 52.36294]]], [[[5.78532, 52.4205], [5.78295, 52.41989], [5.78291, 52.41946], [5.78254, 52.41959], [5.7804, 52.4185], [5.76897, 52.41216], [5.76276, 52.40916], [5.75905, 52.40773], [5.75374, 52.40418], [5.74849, 52.4025], [5.74405, 52.39938], [5.7404, 52.39742], [5.73851, 52.39693], [5.73759, 52.39775], [5.7373, 52.39864], [5.72905, 52.39542], [5.72976, 52.39424], [5.72923, 52.39398], [5.72929, 52.39362], [5.72827, 52.393], [5.72736, 52.39364], [5.7223, 52.39122], [5.72293, 52.39022], [5.71543, 52.3868], [5.714, 52.38633], [5.7134, 52.38745], [5.71272, 52.38757], [5.71014, 52.38655], [5.7091, 52.38649], [5.70826, 52.38728], [5.70619, 52.38728], [5.70475, 52.38627], [5.70177, 52.38547], [5.70113, 52.38477], [5.69998, 52.38432], [5.69888, 52.38302], [5.69423, 52.3823], [5.69406, 52.38171], [5.69493, 52.3806], [5.69218, 52.37882], [5.69043, 52.37832], [5.68996, 52.37877], [5.68917, 52.37876], [5.68925, 52.37844], [5.68775, 52.37886], [5.68228, 52.378], [5.679, 52.37814], [5.67911, 52.37776], [5.67741, 52.37665], [5.66601, 52.37161], [5.66469, 52.37012], [5.6614, 52.36856], [5.66098, 52.36863], [5.65789, 52.36661], [5.6559, 52.366], [5.65385, 52.36471], [5.65317, 52.3647], [5.65189, 52.36537], [5.64888, 52.3675], [5.64399, 52.36756], [5.64382, 52.36717], [5.64138, 52.36578], [5.64027, 52.36634], [5.62996, 52.36591], [5.62875, 52.3653], [5.62767, 52.36415], [5.62739, 52.36002], [5.62848, 52.35851], [5.62657, 52.35728], [5.62366, 52.35908], [5.61537, 52.36258], [5.61493, 52.36326], [5.61382, 52.36384], [5.61413, 52.36483], [5.61257, 52.36601], [5.61419, 52.36706], [5.61528, 52.36678], [5.61663, 52.367], [5.61767, 52.36814], [5.61759, 52.36877], [5.61643, 52.36931], [5.61535, 52.37078], [5.6157, 52.371], [5.61692, 52.37087], [5.61613, 52.37172], [5.61839, 52.37338], [5.62055, 52.37589], [5.6232, 52.37653], [5.62288, 52.37746], [5.62321, 52.37797], [5.62391, 52.37808], [5.62395, 52.37911], [5.62501, 52.37938], [5.62519, 52.38026], [5.62631, 52.38039], [5.62686, 52.38127], [5.62782, 52.38151], [5.62775, 52.38179], [5.63113, 52.38341], [5.63256, 52.38288], [5.63453, 52.38284], [5.63777, 52.38363], [5.63893, 52.38477], [5.63774, 52.38637], [5.63804, 52.38662], [5.63883, 52.38684], [5.63916, 52.38662], [5.63886, 52.387], [5.63938, 52.38737], [5.64046, 52.38755], [5.64085, 52.38736], [5.64066, 52.3878], [5.64113, 52.38802], [5.64229, 52.38794], [5.64216, 52.38838], [5.64255, 52.38861], [5.64392, 52.38803], [5.64584, 52.38804], [5.6466, 52.38941], [5.64511, 52.39047], [5.64525, 52.39073], [5.65777, 52.39653], [5.66147, 52.39794], [5.70506, 52.41114], [5.71779, 52.41549], [5.72196, 52.41651], [5.72825, 52.41701], [5.72879, 52.41652], [5.7293, 52.41665], [5.7302, 52.41629], [5.73098, 52.41649], [5.73612, 52.4156], [5.73888, 52.41553], [5.73982, 52.4153], [5.73947, 52.41404], [5.74073, 52.41299], [5.74265, 52.41266], [5.74537, 52.4127], [5.74692, 52.41283], [5.74822, 52.41334], [5.74856, 52.41423], [5.74816, 52.41513], [5.74936, 52.4154], [5.74913, 52.41581], [5.75479, 52.41794], [5.7566, 52.41787], [5.75696, 52.41818], [5.75656, 52.4183], [5.75662, 52.41878], [5.75703, 52.41872], [5.76097, 52.42065], [5.78532, 52.4205]]]]}}, {"type": "Feature", "properties": {"name": "Veluwe", "site_nr": 57, "protection_code": "VR+HR", "protection_label_nl": "Vogel- en Habitatrichtlijn", "status": "Natura 2000-besluit juni 2014, wijzigingsbesluit 29 sep 2016", "distance_to_municipality_km": 0.7, "overlap_with_municipality_ha": 0.0, "area_total_ha": 88378, "geometry_clipped_to_map_area": true, "nitrogen_sensitive": null}, "geometry": {"type": "MultiPolygon", "coordinates": [[[[5.81763, 52.02131], [5.81558, 52.01629], [5.81582, 52.01597], [5.81555, 52.01551], [5.815, 52.01546], [5.81414, 52.01344], [5.8104, 52.00775], [5.80255, 52.00778], [5.80399, 52.00895], [5.80542, 52.00846], [5.80981, 52.01232], [5.80163, 52.01405], [5.80109, 52.01364], [5.79534, 52.01562], [5.79443, 52.01479], [5.78906, 52.01664], [5.78031, 52.00811], [5.77903, 52.00838], [5.77876, 52.00786], [5.77481, 52.00787], [5.77493, 52.00839], [5.76958, 52.00901], [5.7643, 52.0101], [5.76157, 52.00791], [5.73489, 52.008], [5.73559, 52.00831], [5.73533, 52.00846], [5.73413, 52.008], [5.7231, 52.00803], [5.72236, 52.00885], [5.72219, 52.00803], [5.68606, 52.00813], [5.68609, 52.0085], [5.68538, 52.0084], [5.68586, 52.01228], [5.69297, 52.01267], [5.70023, 52.01383], [5.70482, 52.01536], [5.71508, 52.02017], [5.716, 52.01996], [5.71588, 52.02027], [5.72405, 52.02198], [5.73214, 52.02204], [5.7463, 52.0212], [5.75205, 52.02115], [5.75351, 52.02056], [5.75676, 52.0211], [5.78027, 52.02192], [5.79147, 52.0218], [5.79812, 52.02202], [5.80087, 52.02105], [5.80281, 52.02123], [5.80346, 52.02162], [5.80256, 52.02218], [5.80307, 52.02248], [5.80621, 52.02306], [5.81301, 52.02368], [5.81524, 52.02341], [5.81659, 52.02269], [5.81763, 52.02131]], [[5.72873, 52.00861], [5.72737, 52.00863], [5.72705, 52.00812], [5.7283, 52.00806], [5.72873, 52.00861]], [[5.71309, 52.00839], [5.71327, 52.00824], [5.71332, 52.0083], [5.71309, 52.00839]], [[5.721, 52.00866], [5.72009, 52.00849], [5.72081, 52.00825], [5.721, 52.00866]], [[5.73395, 52.00891], [5.73406, 52.00836], [5.73466, 52.00886], [5.73395, 52.00891]], [[5.73713, 52.00889], [5.73655, 52.00843], [5.73749, 52.00873], [5.73713, 52.00889]], [[5.77591, 52.00845], [5.77623, 52.00849], [5.77596, 52.00854], [5.77591, 52.00845]], [[5.71939, 52.0099], [5.71895, 52.00881], [5.71952, 52.00937], [5.71939, 52.0099]], [[5.72611, 52.00932], [5.72466, 52.00913], [5.72559, 52.0088], [5.72611, 52.00932]], [[5.71208, 52.0093], [5.71202, 52.00898], [5.7123, 52.0092], [5.71208, 52.0093]], [[5.71268, 52.00918], [5.71283, 52.00914], [5.71275, 52.00921], [5.71268, 52.00918]], [[5.72059, 52.0091], [5.72087, 52.00939], [5.72007, 52.00974], [5.71972, 52.00935], [5.72059, 52.0091]], [[5.71851, 52.00919], [5.71916, 52.00995], [5.71805, 52.00993], [5.71814, 52.00933], [5.71851, 52.00919]], [[5.73756, 52.00957], [5.73768, 52.00931], [5.73788, 52.00955], [5.73756, 52.00957]], [[5.71361, 52.00979], [5.71338, 52.00947], [5.7137, 52.00937], [5.71395, 52.00969], [5.71361, 52.00979]], [[5.71223, 52.00953], [5.7124, 52.00946], [5.7124, 52.00953], [5.71223, 52.00953]], [[5.69786, 52.01003], [5.69778, 52.00984], [5.69793, 52.00986], [5.69786, 52.01003]], [[5.73294, 52.00981], [5.73286, 52.00991], [5.73283, 52.00982], [5.73294, 52.00981]], [[5.72009, 52.00987], [5.71946, 52.01062], [5.7193, 52.01029], [5.72009, 52.00987]], [[5.71494, 52.01019], [5.71458, 52.01065], [5.71394, 52.0103], [5.71457, 52.0099], [5.71494, 52.01019]], [[5.71533, 52.01036], [5.7155, 52.01], [5.71645, 52.01037], [5.71591, 52.01054], [5.71533, 52.01036]], [[5.73233, 52.01007], [5.7322, 52.01012], [5.73221, 52.01006], [5.73233, 52.01007]], [[5.76419, 52.01025], [5.76573, 52.01002], [5.76587, 52.01034], [5.76441, 52.01061], [5.76419, 52.01025]], [[5.73297, 52.01032], [5.73279, 52.01018], [5.73301, 52.0102], [5.73297, 52.01032]], [[5.72086, 52.0105], [5.72136, 52.01023], [5.72168, 52.01064], [5.7212, 52.01075], [5.72086, 52.0105]], [[5.73241, 52.01053], [5.73228, 52.01038], [5.73246, 52.01033], [5.73241, 52.01053]], [[5.71763, 52.01109], [5.71797, 52.01072], [5.71819, 52.01098], [5.71763, 52.01109]], [[5.73185, 52.01097], [5.73295, 52.01103], [5.73134, 52.0113], [5.73103, 52.01092], [5.73176, 52.01075], [5.73185, 52.01097]], [[5.71953, 52.01164], [5.72029, 52.01195], [5.71918, 52.01219], [5.71902, 52.01128], [5.71983, 52.01108], [5.72006, 52.01142], [5.71953, 52.01164]], [[5.76538, 52.01202], [5.76518, 52.01149], [5.76664, 52.01126], [5.76698, 52.01158], [5.76538, 52.01202]], [[5.76921, 52.01144], [5.76869, 52.01225], [5.76769, 52.01208], [5.76873, 52.01129], [5.76921, 52.01144]], [[5.72085, 52.01174], [5.72066, 52.01145], [5.72098, 52.01158], [5.72085, 52.01174]], [[5.73302, 52.0123], [5.73289, 52.01209], [5.7336, 52.01192], [5.73373, 52.01214], [5.73302, 52.0123]], [[5.73234, 52.01268], [5.73193, 52.01275], [5.73172, 52.01241], [5.73236, 52.01216], [5.73234, 52.01268]], [[5.73017, 52.0128], [5.7303, 52.01325], [5.72941, 52.01332], [5.7297, 52.01286], [5.73056, 52.0126], [5.73017, 52.0128]], [[5.76618, 52.01275], [5.76742, 52.01249], [5.76744, 52.01298], [5.76806, 52.01337], [5.76684, 52.01371], [5.76618, 52.01275]], [[5.73298, 52.01307], [5.73229, 52.01307], [5.73216, 52.01291], [5.73306, 52.01277], [5.73298, 52.01307]], [[5.76599, 52.01308], [5.76657, 52.01367], [5.7652, 52.01409], [5.76528, 52.01309], [5.76599, 52.01308]], [[5.72683, 52.01385], [5.72696, 52.01362], [5.72712, 52.01379], [5.72683, 52.01385]], [[5.72643, 52.01403], [5.72527, 52.01409], [5.72515, 52.01398], [5.72612, 52.01374], [5.72643, 52.01403]], [[5.72844, 52.01397], [5.72778, 52.01408], [5.72763, 52.014], [5.72826, 52.01373], [5.72844, 52.01397]], [[5.71253, 52.01432], [5.71242, 52.01423], [5.71256, 52.01427], [5.71253, 52.01432]], [[5.71371, 52.01439], [5.71328, 52.01446], [5.71342, 52.01428], [5.71371, 52.01439]], [[5.78565, 52.01509], [5.7854, 52.01458], [5.78644, 52.01416], [5.7872, 52.0149], [5.78543, 52.01554], [5.78516, 52.01527], [5.78565, 52.01509]], [[5.71324, 52.0149], [5.71316, 52.01472], [5.71339, 52.01481], [5.71324, 52.0149]], [[5.76842, 52.01464], [5.76815, 52.01502], [5.768, 52.0147], [5.76842, 52.01464]], [[5.76551, 52.01493], [5.76694, 52.01555], [5.76802, 52.01524], [5.7683, 52.01556], [5.76767, 52.01574], [5.7676, 52.01648], [5.76452, 52.01708], [5.76378, 52.01592], [5.76489, 52.01558], [5.76461, 52.01519], [5.76551, 52.01493]], [[5.76784, 52.0152], [5.76773, 52.01516], [5.76792, 52.01512], [5.76784, 52.0152]], [[5.72919, 52.01589], [5.72916, 52.01554], [5.72977, 52.01541], [5.73013, 52.01597], [5.72919, 52.01589]], [[5.72656, 52.016], [5.72694, 52.01543], [5.72727, 52.01587], [5.72656, 52.016]], [[5.79763, 52.01699], [5.80232, 52.01527], [5.80501, 52.01803], [5.80452, 52.019], [5.80024, 52.01928], [5.79846, 52.01733], [5.79808, 52.01745], [5.79763, 52.01699]], [[5.72364, 52.01567], [5.72505, 52.016], [5.72483, 52.01647], [5.72465, 52.01625], [5.72444, 52.01658], [5.72359, 52.01635], [5.72364, 52.01567]], [[5.7291, 52.01928], [5.72823, 52.01932], [5.72827, 52.01969], [5.72742, 52.01972], [5.72734, 52.01896], [5.72901, 52.01895], [5.72821, 52.01914], [5.7291, 52.01928]], [[5.8105, 52.02317], [5.80937, 52.02191], [5.80906, 52.02208], [5.80977, 52.02248], [5.80952, 52.02286], [5.80717, 52.02262], [5.80733, 52.02205], [5.80853, 52.02223], [5.80983, 52.02159], [5.80948, 52.02123], [5.80898, 52.02145], [5.80803, 52.02067], [5.80856, 52.02044], [5.80829, 52.02009], [5.80926, 52.01973], [5.81157, 52.02216], [5.81036, 52.02237], [5.81091, 52.02306], [5.8105, 52.02317]]], [[[5.85496, 52.02834], [5.8487, 52.0263], [5.85495, 52.02334], [5.86406, 52.02522], [5.86317, 52.0276], [5.87122, 52.02605], [5.86874, 52.02541], [5.86978, 52.02219], [5.87105, 52.02229], [5.87125, 52.0216], [5.87337, 52.02175], [5.87208, 52.02586], [5.88638, 52.0219], [5.88262, 52.01745], [5.87751, 52.01377], [5.87689, 52.01377], [5.87528, 52.01734], [5.87155, 52.01686], [5.87279, 52.01311], [5.87216, 52.01286], [5.87251, 52.0113], [5.86619, 52.00925], [5.86282, 52.00852], [5.86219, 52.00892], [5.86171, 52.00881], [5.86195, 52.00839], [5.86013, 52.00811], [5.85998, 52.00836], [5.85935, 52.00799], [5.85224, 52.00759], [5.81289, 52.00774], [5.81334, 52.00842], [5.81302, 52.00954], [5.81499, 52.01325], [5.81644, 52.01506], [5.81609, 52.01536], [5.81961, 52.02175], [5.82437, 52.02524], [5.82552, 52.02569], [5.82772, 52.02586], [5.83347, 52.02707], [5.8418, 52.02812], [5.84528, 52.02846], [5.85496, 52.02834]], [[5.84083, 52.01015], [5.83962, 52.00865], [5.84173, 52.008], [5.84296, 52.00949], [5.84083, 52.01015]], [[5.84957, 52.00821], [5.84985, 52.00803], [5.85003, 52.0082], [5.84989, 52.00831], [5.84957, 52.00821]], [[5.84809, 52.00867], [5.84798, 52.00833], [5.84906, 52.00831], [5.84892, 52.00864], [5.84809, 52.00867]], [[5.82183, 52.00877], [5.82187, 52.01141], [5.82249, 52.01142], [5.82249, 52.01198], [5.82298, 52.01213], [5.81942, 52.01226], [5.81939, 52.01046], [5.82033, 52.0104], [5.82, 52.01003], [5.82033, 52.00865], [5.82183, 52.00877]], [[5.81533, 52.00919], [5.81591, 52.00903], [5.8159, 52.00915], [5.81533, 52.00919]], [[5.82577, 52.0092], [5.82587, 52.00928], [5.82575, 52.00926], [5.82577, 52.0092]], [[5.83762, 52.00933], [5.83802, 52.00943], [5.83778, 52.00951], [5.83762, 52.00933]], [[5.83757, 52.00936], [5.83777, 52.01006], [5.83725, 52.00946], [5.83757, 52.00936]], [[5.82695, 52.01021], [5.82735, 52.01092], [5.82502, 52.01154], [5.82498, 52.01105], [5.82429, 52.01106], [5.82429, 52.0114], [5.82334, 52.0114], [5.82305, 52.01108], [5.82305, 52.0106], [5.82371, 52.0106], [5.82369, 52.00944], [5.82578, 52.00945], [5.82579, 52.01006], [5.82695, 52.01021]], [[5.82851, 52.00982], [5.82848, 52.01027], [5.82795, 52.01024], [5.82794, 52.00998], [5.82851, 52.00982]], [[5.8669, 52.01081], [5.86592, 52.01034], [5.8659, 52.01058], [5.86499, 52.01046], [5.86521, 52.0101], [5.86616, 52.01031], [5.86636, 52.01], [5.86752, 52.00984], [5.86827, 52.01083], [5.8669, 52.01081]], [[5.82892, 52.01003], [5.82957, 52.01053], [5.82855, 52.01059], [5.82892, 52.01003]], [[5.82762, 52.0107], [5.82747, 52.01011], [5.82762, 52.01039], [5.82842, 52.0104], [5.82762, 52.0107]], [[5.83254, 52.01099], [5.83325, 52.01063], [5.83379, 52.01121], [5.83281, 52.01154], [5.83254, 52.01099]], [[5.83732, 52.01105], [5.83804, 52.0108], [5.83935, 52.01237], [5.83853, 52.0127], [5.83732, 52.01105]], [[5.81706, 52.01141], [5.81622, 52.01173], [5.81622, 52.011], [5.81911, 52.01095], [5.81912, 52.01146], [5.81706, 52.01141]], [[5.83103, 52.01138], [5.83119, 52.01216], [5.83065, 52.01231], [5.8303, 52.01161], [5.83103, 52.01138]], [[5.82568, 52.01172], [5.82654, 52.01146], [5.82663, 52.01237], [5.82626, 52.01248], [5.82568, 52.01172]], [[5.8324, 52.01169], [5.83226, 52.01185], [5.83218, 52.01175], [5.8324, 52.01169]], [[5.83431, 52.01209], [5.83498, 52.01246], [5.83381, 52.01272], [5.8335, 52.01235], [5.83431, 52.01209]], [[5.82834, 52.01373], [5.82785, 52.01305], [5.82975, 52.01264], [5.82959, 52.01236], [5.83046, 52.01217], [5.83187, 52.01493], [5.83118, 52.01487], [5.83162, 52.01559], [5.82986, 52.01628], [5.82971, 52.01598], [5.83009, 52.01591], [5.82887, 52.01361], [5.82834, 52.01373]], [[5.83918, 52.01308], [5.83917, 52.01282], [5.83937, 52.01299], [5.83918, 52.01308]], [[5.84116, 52.01296], [5.84105, 52.0133], [5.8408, 52.01311], [5.84116, 52.01296]], [[5.82042, 52.01409], [5.81799, 52.0149], [5.81741, 52.01408], [5.81823, 52.01384], [5.81854, 52.01306], [5.81965, 52.01401], [5.82021, 52.01384], [5.82042, 52.01409]], [[5.83212, 52.01382], [5.83225, 52.01404], [5.83191, 52.01388], [5.83212, 52.01382]], [[5.84085, 52.01391], [5.84075, 52.01406], [5.84068, 52.01402], [5.84085, 52.01391]], [[5.83575, 52.01482], [5.83566, 52.01493], [5.83562, 52.01489], [5.83575, 52.01482]], [[5.82764, 52.01486], [5.82781, 52.01496], [5.82761, 52.01493], [5.82764, 52.01486]], [[5.82637, 52.01565], [5.82866, 52.01519], [5.82888, 52.01556], [5.82822, 52.01576], [5.82847, 52.01604], [5.82704, 52.01639], [5.82637, 52.01565]], [[5.82968, 52.01546], [5.82946, 52.01565], [5.82941, 52.01555], [5.82968, 52.01546]], [[5.83601, 52.01581], [5.836, 52.01599], [5.83586, 52.01587], [5.83601, 52.01581]], [[5.85082, 52.017], [5.85049, 52.01714], [5.85065, 52.01692], [5.85082, 52.017]], [[5.83096, 52.01806], [5.83098, 52.01824], [5.83082, 52.01815], [5.83096, 52.01806]], [[5.83064, 52.01831], [5.83074, 52.01841], [5.83061, 52.0184], [5.83064, 52.01831]], [[5.82052, 52.0188], [5.82161, 52.01881], [5.82071, 52.01908], [5.82052, 52.0188]], [[5.8715, 52.01862], [5.87134, 52.01838], [5.87156, 52.01841], [5.8715, 52.01862]], [[5.87365, 52.01839], [5.87387, 52.01859], [5.8736, 52.01855], [5.87365, 52.01839]], [[5.87353, 52.01871], [5.87369, 52.01892], [5.87349, 52.0189], [5.87353, 52.01871]], [[5.871, 52.01885], [5.87134, 52.01887], [5.87111, 52.01896], [5.871, 52.01885]], [[5.87216, 52.01932], [5.8718, 52.01927], [5.8718, 52.01897], [5.87216, 52.01903], [5.87216, 52.01932]], [[5.85969, 52.01945], [5.85932, 52.01925], [5.8598, 52.01913], [5.85969, 52.01945]], [[5.87312, 52.01914], [5.8727, 52.01928], [5.8727, 52.01918], [5.87312, 52.01914]], [[5.86167, 52.02013], [5.86173, 52.02039], [5.86152, 52.02034], [5.86167, 52.02013]], [[5.86201, 52.02057], [5.86186, 52.02043], [5.86207, 52.02049], [5.86201, 52.02057]], [[5.82011, 52.02108], [5.81986, 52.02062], [5.82051, 52.02085], [5.82011, 52.02108]], [[5.87103, 52.02085], [5.87098, 52.02069], [5.87122, 52.02077], [5.87103, 52.02085]], [[5.82317, 52.02134], [5.82257, 52.02112], [5.82328, 52.02088], [5.82317, 52.02134]], [[5.87278, 52.02136], [5.87252, 52.02119], [5.87282, 52.02123], [5.87278, 52.02136]], [[5.83956, 52.02251], [5.83853, 52.02223], [5.84007, 52.02147], [5.84176, 52.02198], [5.84067, 52.02252], [5.84173, 52.02302], [5.83959, 52.02312], [5.83956, 52.02251]], [[5.85348, 52.02157], [5.85352, 52.02145], [5.85359, 52.02149], [5.85348, 52.02157]], [[5.8721, 52.02146], [5.87183, 52.02153], [5.87186, 52.02143], [5.8721, 52.02146]], [[5.87246, 52.02145], [5.87269, 52.02162], [5.87243, 52.0216], [5.87246, 52.02145]], [[5.85136, 52.02242], [5.85254, 52.02154], [5.8532, 52.02195], [5.85247, 52.02263], [5.85206, 52.02227], [5.85136, 52.02242]], [[5.85488, 52.02272], [5.85513, 52.02288], [5.85487, 52.02287], [5.85488, 52.02272]], [[5.82554, 52.02328], [5.82687, 52.02286], [5.82735, 52.02348], [5.82609, 52.02387], [5.82554, 52.02328]], [[5.86852, 52.02494], [5.86826, 52.02469], [5.86857, 52.02471], [5.86852, 52.02494]], [[5.82852, 52.02504], [5.82808, 52.02544], [5.82789, 52.02519], [5.82852, 52.02504]], [[5.86857, 52.02565], [5.86852, 52.02557], [5.86859, 52.02558], [5.86857, 52.02565]]], [[[5.81493, 52.20343], [5.81881, 52.20307], [5.82219, 52.20225], [5.82822, 52.19997], [5.83362, 52.19593], [5.83412, 52.19408], [5.83692, 52.19387], [5.84034, 52.19174], [5.84486, 52.19001], [5.84582, 52.18896], [5.84781, 52.18896], [5.85126, 52.18801], [5.85567, 52.1873], [5.89064, 52.1846], [5.8901, 52.13654], [5.88971, 52.13668], [5.88944, 52.13644], [5.89009, 52.13595], [5.88914, 52.13616], [5.88905, 52.13591], [5.88914, 52.13554], [5.89009, 52.13536], [5.88997, 52.12459], [5.8893, 52.12438], [5.88961, 52.12403], [5.88996, 52.12415], [5.88995, 52.12322], [5.88572, 52.12052], [5.88386, 52.12356], [5.88505, 52.12317], [5.88522, 52.12353], [5.88405, 52.12367], [5.88524, 52.12432], [5.88351, 52.12444], [5.8836, 52.12498], [5.88312, 52.12447], [5.88039, 52.12438], [5.88007, 52.12546], [5.8785, 52.12543], [5.87822, 52.125], [5.88057, 52.12199], [5.87994, 52.12198], [5.87987, 52.12242], [5.87919, 52.12238], [5.87925, 52.12144], [5.87826, 52.12149], [5.87907, 52.12137], [5.87902, 52.12099], [5.87708, 52.1199], [5.87694, 52.12009], [5.87605, 52.11989], [5.87608, 52.12038], [5.8753, 52.12037], [5.87385, 52.12097], [5.87393, 52.12163], [5.87306, 52.12167], [5.87264, 52.12074], [5.87316, 52.11998], [5.87263, 52.11955], [5.87326, 52.11775], [5.87258, 52.11808], [5.87187, 52.11781], [5.87262, 52.11682], [5.87186, 52.11665], [5.87235, 52.11544], [5.87388, 52.11566], [5.87407, 52.11512], [5.87472, 52.11521], [5.87516, 52.11402], [5.88143, 52.11568], [5.88258, 52.11787], [5.88433, 52.11864], [5.8899, 52.11848], [5.88971, 52.10195], [5.88792, 52.10236], [5.88797, 52.10399], [5.88723, 52.1041], [5.88733, 52.10435], [5.88646, 52.1043], [5.88672, 52.10319], [5.88569, 52.10307], [5.88535, 52.10356], [5.88598, 52.10382], [5.88595, 52.10457], [5.88462, 52.10462], [5.88388, 52.10567], [5.88306, 52.1055], [5.88308, 52.10603], [5.88223, 52.10631], [5.88204, 52.10591], [5.88281, 52.10545], [5.88222, 52.10528], [5.88272, 52.10399], [5.88357, 52.10369], [5.88393, 52.10308], [5.8825, 52.1027], [5.88119, 52.10351], [5.87913, 52.10343], [5.87907, 52.09993], [5.87926, 52.09647], [5.88876, 52.09634], [5.88798, 52.09996], [5.88895, 52.10022], [5.88822, 52.10135], [5.8897, 52.10079], [5.8896, 52.09181], [5.88908, 52.09467], [5.88804, 52.09525], [5.8878, 52.09617], [5.88306, 52.09618], [5.88104, 52.09527], [5.88027, 52.09537], [5.88034, 52.09489], [5.87925, 52.09453], [5.87976, 52.08439], [5.88234, 52.08437], [5.88379, 52.08551], [5.8871, 52.0863], [5.88697, 52.08889], [5.88956, 52.08894], [5.88933, 52.06823], [5.88874, 52.06849], [5.88758, 52.06836], [5.88758, 52.06789], [5.88581, 52.06725], [5.88234, 52.06654], [5.88249, 52.06507], [5.88183, 52.0648], [5.88103, 52.06526], [5.88121, 52.06592], [5.88073, 52.06626], [5.88115, 52.06668], [5.88065, 52.06717], [5.88112, 52.06772], [5.88074, 52.0679], [5.88009, 52.06767], [5.88007, 52.06954], [5.8782, 52.06995], [5.87792, 52.07029], [5.87901, 52.07246], [5.87766, 52.07272], [5.87658, 52.07066], [5.87427, 52.0704], [5.87334, 52.06885], [5.87286, 52.06884], [5.87302, 52.06833], [5.87226, 52.06808], [5.87196, 52.06598], [5.87028, 52.06497], [5.86523, 52.06488], [5.866, 52.06024], [5.86493, 52.05658], [5.86108, 52.05471], [5.86357, 52.05248], [5.86043, 52.05052], [5.85718, 52.05181], [5.85645, 52.05028], [5.85826, 52.04918], [5.85523, 52.04712], [5.85565, 52.04607], [5.86685, 52.04025], [5.86852, 52.04166], [5.8691, 52.04147], [5.86971, 52.04184], [5.87063, 52.04166], [5.87078, 52.04193], [5.87316, 52.04115], [5.87396, 52.04179], [5.87778, 52.04323], [5.88481, 52.04465], [5.88454, 52.04539], [5.88608, 52.04517], [5.88505, 52.04365], [5.88345, 52.04235], [5.88385, 52.04199], [5.88558, 52.0423], [5.88568, 52.04202], [5.88904, 52.04236], [5.88897, 52.0356], [5.88777, 52.03545], [5.88892, 52.03183], [5.8887, 52.02771], [5.88662, 52.02232], [5.88194, 52.02378], [5.87965, 52.02515], [5.87843, 52.02527], [5.87772, 52.02491], [5.87247, 52.02634], [5.87293, 52.02709], [5.87182, 52.02699], [5.87193, 52.02651], [5.87161, 52.02649], [5.86741, 52.0275], [5.85957, 52.02856], [5.85284, 52.02895], [5.84568, 52.02888], [5.8403, 52.02851], [5.82828, 52.0269], [5.82851, 52.02718], [5.82421, 52.02677], [5.82089, 52.02756], [5.8186, 52.02719], [5.81822, 52.02535], [5.80411, 52.02329], [5.80172, 52.02433], [5.79979, 52.024], [5.79929, 52.02365], [5.80021, 52.02295], [5.79604, 52.0225], [5.78193, 52.02245], [5.76321, 52.02173], [5.76116, 52.02229], [5.75861, 52.02162], [5.75388, 52.02161], [5.7422, 52.02188], [5.73023, 52.02263], [5.72569, 52.02261], [5.71881, 52.02162], [5.71433, 52.02034], [5.71469, 52.02026], [5.71396, 52.02001], [5.71325, 52.02004], [5.70369, 52.01573], [5.69578, 52.01355], [5.69017, 52.01296], [5.68057, 52.01257], [5.67955, 52.01255], [5.67895, 52.01287], [5.67738, 52.01265], [5.67313, 52.01294], [5.67308, 52.01335], [5.67379, 52.01355], [5.67378, 52.01382], [5.67304, 52.01377], [5.67262, 52.0191], [5.69645, 52.01982], [5.6959, 52.01942], [5.6965, 52.01916], [5.69763, 52.01987], [5.69837, 52.0199], [5.69878, 52.01859], [5.70146, 52.01824], [5.70301, 52.01865], [5.706, 52.02119], [5.70625, 52.02176], [5.68305, 52.02594], [5.68137, 52.02922], [5.68019, 52.03482], [5.68084, 52.03479], [5.68078, 52.03512], [5.68411, 52.03505], [5.69025, 52.03577], [5.69062, 52.03588], [5.68992, 52.03612], [5.69116, 52.03635], [5.69136, 52.03571], [5.69284, 52.03582], [5.69276, 52.03612], [5.69337, 52.0361], [5.69301, 52.03652], [5.69639, 52.03664], [5.69754, 52.0409], [5.69431, 52.04132], [5.68941, 52.04281], [5.68667, 52.0442], [5.68271, 52.0471], [5.68266, 52.04895], [5.68358, 52.05116], [5.68294, 52.05171], [5.67818, 52.05335], [5.67941, 52.0548], [5.67819, 52.05516], [5.67651, 52.0537], [5.67399, 52.05409], [5.67195, 52.05527], [5.66704, 52.05447], [5.66651, 52.05572], [5.6627, 52.05508], [5.65883, 52.05796], [5.65743, 52.06009], [5.65473, 52.06281], [5.66435, 52.06535], [5.66198, 52.06838], [5.66071, 52.068], [5.65946, 52.0694], [5.65845, 52.06907], [5.65745, 52.07019], [5.65485, 52.0693], [5.65189, 52.0726], [5.65321, 52.07307], [5.64995, 52.07658], [5.64721, 52.07554], [5.64621, 52.07789], [5.64505, 52.07922], [5.64843, 52.0805], [5.64612, 52.08225], [5.64253, 52.08086], [5.64179, 52.08009], [5.63974, 52.07958], [5.6377, 52.08164], [5.63868, 52.08208], [5.63719, 52.08217], [5.63684, 52.08267], [5.63808, 52.08277], [5.6367, 52.08289], [5.63604, 52.08414], [5.63441, 52.08374], [5.6306, 52.08371], [5.62693, 52.08513], [5.62785, 52.08686], [5.62913, 52.08786], [5.62936, 52.08768], [5.63137, 52.08901], [5.63251, 52.08939], [5.63261, 52.08921], [5.63323, 52.08949], [5.633, 52.08916], [5.63404, 52.08912], [5.63296, 52.08989], [5.63325, 52.09034], [5.63432, 52.09016], [5.63395, 52.09059], [5.63432, 52.09076], [5.63297, 52.09055], [5.63335, 52.09066], [5.63293, 52.09123], [5.63489, 52.09181], [5.63423, 52.09281], [5.63373, 52.09272], [5.63345, 52.09351], [5.6364, 52.09373], [5.63605, 52.09578], [5.63368, 52.09552], [5.63168, 52.09598], [5.63546, 52.09882], [5.64058, 52.10115], [5.64194, 52.09997], [5.638, 52.09782], [5.63621, 52.09729], [5.63655, 52.09584], [5.64134, 52.09649], [5.64351, 52.09392], [5.64907, 52.09475], [5.64852, 52.09592], [5.64896, 52.09609], [5.64293, 52.09934], [5.64378, 52.10047], [5.64325, 52.10196], [5.64116, 52.10335], [5.64342, 52.10339], [5.64185, 52.10648], [5.64748, 52.10571], [5.653, 52.10657], [5.65463, 52.10143], [5.65782, 52.10186], [5.65842, 52.1003], [5.66155, 52.10075], [5.66338, 52.09682], [5.66672, 52.09733], [5.66598, 52.09831], [5.67058, 52.09895], [5.66791, 52.10182], [5.66381, 52.1014], [5.66078, 52.10635], [5.66515, 52.10695], [5.67092, 52.10877], [5.67071, 52.11011], [5.67542, 52.11176], [5.68021, 52.11217], [5.69437, 52.11034], [5.6969, 52.10893], [5.69619, 52.10717], [5.6985, 52.10495], [5.69624, 52.09848], [5.69631, 52.09613], [5.69685, 52.09464], [5.69786, 52.0973], [5.70106, 52.09867], [5.70196, 52.09882], [5.70193, 52.09782], [5.70289, 52.09794], [5.70724, 52.09922], [5.70764, 52.09985], [5.70875, 52.09964], [5.70968, 52.10028], [5.712, 52.10057], [5.71263, 52.10137], [5.71483, 52.10143], [5.71605, 52.10182], [5.71938, 52.10138], [5.72057, 52.10206], [5.72157, 52.10194], [5.7219, 52.1027], [5.72459, 52.10293], [5.72542, 52.10275], [5.72499, 52.10245], [5.72512, 52.10193], [5.72519, 52.10245], [5.72569, 52.10234], [5.72589, 52.10263], [5.72556, 52.10181], [5.72495, 52.10145], [5.7251, 52.10083], [5.72407, 52.09824], [5.72804, 52.0992], [5.72641, 52.09824], [5.72675, 52.09812], [5.72579, 52.09704], [5.72652, 52.09645], [5.72488, 52.09498], [5.72538, 52.09468], [5.72198, 52.09276], [5.72148, 52.09276], [5.72368, 52.09138], [5.72769, 52.08997], [5.73193, 52.09427], [5.74067, 52.09463], [5.74178, 52.09401], [5.74177, 52.09321], [5.7453, 52.09243], [5.7459, 52.09347], [5.7471, 52.09369], [5.74615, 52.09219], [5.74804, 52.09166], [5.74908, 52.09309], [5.75045, 52.09278], [5.7517, 52.0945], [5.7536, 52.09411], [5.75381, 52.09441], [5.75861, 52.09343], [5.75819, 52.09286], [5.75984, 52.09246], [5.76412, 52.09501], [5.76367, 52.09434], [5.7652, 52.09399], [5.7664, 52.0952], [5.76668, 52.09508], [5.76589, 52.09196], [5.76405, 52.09231], [5.76239, 52.08909], [5.76497, 52.08833], [5.764, 52.08469], [5.77706, 52.08632], [5.77771, 52.08679], [5.78127, 52.08773], [5.7821, 52.08877], [5.78368, 52.08977], [5.78199, 52.09343], [5.78306, 52.09363], [5.78357, 52.09481], [5.78012, 52.09701], [5.77947, 52.09895], [5.77886, 52.09935], [5.77948, 52.10223], [5.78012, 52.10232], [5.78079, 52.10091], [5.78491, 52.10231], [5.78421, 52.10332], [5.78446, 52.10363], [5.78374, 52.10432], [5.78324, 52.10424], [5.78338, 52.10719], [5.78009, 52.10735], [5.78021, 52.10811], [5.77882, 52.1078], [5.77906, 52.10814], [5.77817, 52.10848], [5.77835, 52.10873], [5.77826, 52.10875], [5.77792, 52.10872], [5.77809, 52.10848], [5.76876, 52.10839], [5.76862, 52.1089], [5.76972, 52.10932], [5.76842, 52.10945], [5.76648, 52.11475], [5.76233, 52.12043], [5.76409, 52.1209], [5.764, 52.12187], [5.76818, 52.1233], [5.76421, 52.12827], [5.76473, 52.12909], [5.76739, 52.13042], [5.76822, 52.13172], [5.76788, 52.13346], [5.76644, 52.13574], [5.76842, 52.13822], [5.76888, 52.14057], [5.76051, 52.14169], [5.75584, 52.14133], [5.75444, 52.14095], [5.75327, 52.14215], [5.75427, 52.14244], [5.75385, 52.1427], [5.75126, 52.14129], [5.74961, 52.14424], [5.74714, 52.14484], [5.74576, 52.14581], [5.74529, 52.14707], [5.74565, 52.14896], [5.7412, 52.14863], [5.73666, 52.14738], [5.71734, 52.15783], [5.71648, 52.15833], [5.71668, 52.1586], [5.71487, 52.15917], [5.70966, 52.16217], [5.70793, 52.16381], [5.70666, 52.16586], [5.70624, 52.17009], [5.7081, 52.17098], [5.70792, 52.1713], [5.70914, 52.17207], [5.71384, 52.17445], [5.71177, 52.17565], [5.70628, 52.17545], [5.70645, 52.1838], [5.70569, 52.1865], [5.70595, 52.18697], [5.70567, 52.18768], [5.70497, 52.18765], [5.70556, 52.18633], [5.70279, 52.19033], [5.70441, 52.19093], [5.7043, 52.19138], [5.70574, 52.19175], [5.73553, 52.19397], [5.73673, 52.1937], [5.73904, 52.1939], [5.74154, 52.19415], [5.74361, 52.1947], [5.77838, 52.19841], [5.77874, 52.19734], [5.77954, 52.19723], [5.7824, 52.19777], [5.78468, 52.19914], [5.7954, 52.20081], [5.80546, 52.20291], [5.81002, 52.20346], [5.81493, 52.20343]], [[5.67889, 52.01404], [5.67861, 52.01449], [5.67911, 52.01459], [5.67841, 52.01474], [5.67877, 52.01494], [5.67849, 52.01508], [5.6769, 52.01447], [5.67717, 52.01405], [5.67889, 52.01404]], [[5.67554, 52.018], [5.67471, 52.01791], [5.67523, 52.0167], [5.67594, 52.01677], [5.67554, 52.018]], [[5.67423, 52.01807], [5.67424, 52.01756], [5.67465, 52.0178], [5.67423, 52.01807]], [[5.68629, 52.01793], [5.68557, 52.01889], [5.68581, 52.01832], [5.68535, 52.01805], [5.68577, 52.01766], [5.68629, 52.01793]], [[5.69777, 52.01807], [5.69722, 52.0187], [5.69654, 52.0185], [5.69618, 52.01799], [5.69646, 52.01767], [5.69777, 52.01807]], [[5.67461, 52.0183], [5.67436, 52.01835], [5.67441, 52.01828], [5.67461, 52.0183]], [[5.67419, 52.01859], [5.67443, 52.0186], [5.67435, 52.01866], [5.67419, 52.01859]], [[5.7712, 52.02311], [5.77125, 52.02369], [5.77052, 52.02365], [5.77061, 52.02314], [5.7712, 52.02311]], [[5.77515, 52.02336], [5.77632, 52.02335], [5.77632, 52.02391], [5.77558, 52.0239], [5.77515, 52.02336]], [[5.77299, 52.02499], [5.77497, 52.02458], [5.77514, 52.02433], [5.77528, 52.02459], [5.77284, 52.02532], [5.77299, 52.02499]], [[5.77569, 52.02442], [5.77543, 52.02441], [5.77563, 52.02435], [5.77569, 52.02442]], [[5.77283, 52.02484], [5.77265, 52.02497], [5.77267, 52.02482], [5.77283, 52.02484]], [[5.68709, 52.02573], [5.68684, 52.02561], [5.68707, 52.02557], [5.68709, 52.02573]], [[5.68724, 52.02687], [5.68732, 52.02719], [5.68655, 52.02719], [5.68659, 52.02684], [5.68724, 52.02687]], [[5.82515, 52.02703], [5.82562, 52.02731], [5.82524, 52.02753], [5.82494, 52.02728], [5.82515, 52.02703]], [[5.87085, 52.02721], [5.87089, 52.027], [5.87144, 52.02704], [5.8714, 52.02725], [5.87085, 52.02721]], [[5.82605, 52.02774], [5.82646, 52.02755], [5.8271, 52.02724], [5.82681, 52.02767], [5.82624, 52.02787], [5.82605, 52.02774]], [[5.82802, 52.02933], [5.82942, 52.03062], [5.82891, 52.03115], [5.82897, 52.03077], [5.82816, 52.0302], [5.82723, 52.03058], [5.82699, 52.03035], [5.82784, 52.02993], [5.82779, 52.02931], [5.82748, 52.02932], [5.82677, 52.02975], [5.8261, 52.02906], [5.82645, 52.02878], [5.82575, 52.02903], [5.82396, 52.02781], [5.82492, 52.02735], [5.82579, 52.02799], [5.82633, 52.02808], [5.82678, 52.02779], [5.82717, 52.02808], [5.82747, 52.02752], [5.82792, 52.02789], [5.82736, 52.02822], [5.82872, 52.02858], [5.82802, 52.02933]], [[5.87243, 52.02764], [5.87187, 52.0275], [5.87219, 52.02724], [5.87269, 52.02732], [5.87243, 52.02764]], [[5.87341, 52.02749], [5.87426, 52.02766], [5.8741, 52.028], [5.87325, 52.02784], [5.87341, 52.02749]], [[5.87071, 52.0281], [5.87108, 52.02882], [5.8701, 52.0293], [5.86921, 52.02917], [5.86946, 52.02773], [5.87071, 52.0281]], [[5.82521, 52.02893], [5.82352, 52.02961], [5.82299, 52.0292], [5.82326, 52.0289], [5.82256, 52.02861], [5.82389, 52.02796], [5.82521, 52.02893]], [[5.87273, 52.02876], [5.87283, 52.02851], [5.87429, 52.02868], [5.87421, 52.02891], [5.87273, 52.02876]], [[5.87222, 52.0291], [5.87269, 52.02882], [5.87306, 52.02899], [5.87255, 52.02935], [5.87222, 52.0291]], [[5.86746, 52.03061], [5.86773, 52.02903], [5.86957, 52.02944], [5.86991, 52.03002], [5.86911, 52.03005], [5.86898, 52.03069], [5.86746, 52.03061]], [[5.82529, 52.02934], [5.82675, 52.02983], [5.82468, 52.03083], [5.82331, 52.02999], [5.82376, 52.03011], [5.82529, 52.02934]], [[5.8564, 52.03213], [5.85625, 52.02931], [5.85831, 52.02919], [5.86244, 52.03011], [5.86695, 52.0307], [5.86659, 52.03181], [5.86599, 52.0319], [5.8564, 52.03213]], [[5.82769, 52.02934], [5.8276, 52.02947], [5.82754, 52.02938], [5.82769, 52.02934]], [[5.82297, 52.02981], [5.82305, 52.02976], [5.82304, 52.02981], [5.82297, 52.02981]], [[5.88211, 52.03034], [5.88231, 52.02975], [5.88283, 52.02983], [5.88266, 52.03035], [5.88211, 52.03034]], [[5.86419, 52.03027], [5.86432, 52.02988], [5.86552, 52.02989], [5.86559, 52.03043], [5.86419, 52.03027]], [[5.78579, 52.03061], [5.78741, 52.03035], [5.78758, 52.03022], [5.78751, 52.03055], [5.78592, 52.03091], [5.78579, 52.03061]], [[5.83029, 52.03032], [5.8308, 52.03017], [5.83088, 52.03027], [5.83053, 52.03056], [5.83029, 52.03032]], [[5.8298, 52.0307], [5.82954, 52.03053], [5.82993, 52.03027], [5.83019, 52.03049], [5.8298, 52.0307]], [[5.8693, 52.03126], [5.86952, 52.03056], [5.87066, 52.03082], [5.87045, 52.03169], [5.86966, 52.03174], [5.8693, 52.03126]], [[5.82646, 52.03131], [5.8276, 52.03087], [5.82791, 52.0311], [5.82634, 52.03178], [5.82485, 52.03106], [5.82541, 52.03079], [5.82646, 52.03131]], [[5.87185, 52.03108], [5.87089, 52.03099], [5.87095, 52.03073], [5.87193, 52.03082], [5.87185, 52.03108]], [[5.88358, 52.03073], [5.88315, 52.03087], [5.8832, 52.03069], [5.88358, 52.03073]], [[5.8686, 52.03079], [5.86922, 52.03081], [5.86921, 52.03111], [5.86859, 52.0311], [5.8686, 52.03079]], [[5.82694, 52.03237], [5.82708, 52.03194], [5.82772, 52.03174], [5.82714, 52.03172], [5.82786, 52.03161], [5.8283, 52.03102], [5.82921, 52.03128], [5.82833, 52.03208], [5.82796, 52.03181], [5.82749, 52.03235], [5.82694, 52.03237]], [[5.82503, 52.03139], [5.82513, 52.03237], [5.8248, 52.03243], [5.82445, 52.0315], [5.82503, 52.03139]], [[5.78436, 52.03204], [5.78447, 52.03171], [5.78505, 52.03162], [5.78436, 52.03204]], [[5.87309, 52.03203], [5.87334, 52.03138], [5.8737, 52.03144], [5.87344, 52.03208], [5.87309, 52.03203]], [[5.84687, 52.0315], [5.84695, 52.0316], [5.84687, 52.0316], [5.84687, 52.0315]], [[5.84655, 52.03167], [5.84669, 52.03177], [5.84657, 52.03177], [5.84655, 52.03167]], [[5.78417, 52.03294], [5.78408, 52.03251], [5.78486, 52.03236], [5.78472, 52.03286], [5.78417, 52.03294]], [[5.82267, 52.03247], [5.82203, 52.03286], [5.82167, 52.03255], [5.82232, 52.03224], [5.82267, 52.03247]], [[5.8684, 52.03214], [5.86859, 52.03244], [5.8679, 52.03248], [5.86788, 52.03216], [5.8684, 52.03214]], [[5.82119, 52.03254], [5.82146, 52.03259], [5.82133, 52.03265], [5.82119, 52.03254]], [[5.87531, 52.03954], [5.87532, 52.03858], [5.87353, 52.03829], [5.87452, 52.03468], [5.87371, 52.03458], [5.87442, 52.03235], [5.88294, 52.03368], [5.88237, 52.03623], [5.87829, 52.03589], [5.87827, 52.03629], [5.87976, 52.03644], [5.87936, 52.03785], [5.87785, 52.03764], [5.8775, 52.03892], [5.87633, 52.03872], [5.87599, 52.0397], [5.87531, 52.03954]], [[5.85145, 52.03257], [5.85158, 52.03307], [5.85092, 52.03313], [5.85066, 52.03279], [5.85145, 52.03257]], [[5.82168, 52.03282], [5.82143, 52.03277], [5.82153, 52.03272], [5.82168, 52.03282]], [[5.87379, 52.03358], [5.87307, 52.03331], [5.87341, 52.03261], [5.87385, 52.0328], [5.87379, 52.03358]], [[5.87054, 52.0332], [5.87039, 52.03266], [5.87125, 52.03272], [5.87102, 52.03335], [5.87054, 52.0332]], [[5.86842, 52.03272], [5.86846, 52.03304], [5.86797, 52.03314], [5.8687, 52.03313], [5.86876, 52.0339], [5.8677, 52.03392], [5.8676, 52.03274], [5.86842, 52.03272]], [[5.86467, 52.03366], [5.8645, 52.03293], [5.86547, 52.03289], [5.86568, 52.03362], [5.86467, 52.03366]], [[5.851, 52.03351], [5.85189, 52.03345], [5.85191, 52.03353], [5.85091, 52.03376], [5.851, 52.03351]], [[5.82748, 52.03354], [5.82793, 52.03383], [5.82713, 52.03383], [5.82748, 52.03354]], [[5.86991, 52.03471], [5.87016, 52.03377], [5.87073, 52.03383], [5.87051, 52.03475], [5.86991, 52.03471]], [[5.8687, 52.03402], [5.86812, 52.0343], [5.86806, 52.03405], [5.8687, 52.03402]], [[5.88446, 52.03428], [5.88357, 52.03449], [5.88365, 52.03425], [5.88446, 52.03428]], [[5.73988, 52.03511], [5.74277, 52.03662], [5.74251, 52.03707], [5.74405, 52.03741], [5.73955, 52.04312], [5.73612, 52.04284], [5.73661, 52.04305], [5.73594, 52.04511], [5.73191, 52.04436], [5.73153, 52.04279], [5.73168, 52.04241], [5.73278, 52.0424], [5.73285, 52.0399], [5.73076, 52.03991], [5.73017, 52.03893], [5.73556, 52.03832], [5.73704, 52.03879], [5.73659, 52.03842], [5.73675, 52.03789], [5.73453, 52.03757], [5.73529, 52.03615], [5.73664, 52.03538], [5.73988, 52.03511]], [[5.74677, 52.03529], [5.74883, 52.03508], [5.74894, 52.0356], [5.74666, 52.03579], [5.74677, 52.03529]], [[5.73483, 52.03649], [5.73499, 52.03628], [5.73496, 52.0365], [5.73483, 52.03649]], [[5.74518, 52.03754], [5.74582, 52.03647], [5.74824, 52.03653], [5.74838, 52.03732], [5.74518, 52.03754]], [[5.73322, 52.03786], [5.73335, 52.03813], [5.73278, 52.03824], [5.73265, 52.03797], [5.73322, 52.03786]], [[5.88856, 52.03788], [5.88748, 52.03779], [5.88757, 52.0375], [5.88864, 52.03763], [5.88856, 52.03788]], [[5.88186, 52.03829], [5.88109, 52.0382], [5.88101, 52.03776], [5.88199, 52.03775], [5.88186, 52.03829]], [[5.88654, 52.03892], [5.8862, 52.04], [5.8817, 52.03945], [5.88202, 52.03837], [5.88654, 52.03892]], [[5.88716, 52.03915], [5.88671, 52.03902], [5.88688, 52.03851], [5.8873, 52.03866], [5.88716, 52.03915]], [[5.85459, 52.04024], [5.85417, 52.04034], [5.85397, 52.03994], [5.85441, 52.03984], [5.85459, 52.04024]], [[5.85547, 52.04034], [5.85531, 52.04056], [5.85523, 52.04039], [5.85547, 52.04034]], [[5.80837, 52.04323], [5.80944, 52.04205], [5.81, 52.0422], [5.80925, 52.04353], [5.80837, 52.04323]], [[5.73102, 52.04274], [5.73174, 52.0444], [5.73441, 52.04529], [5.73488, 52.04695], [5.73357, 52.04728], [5.73231, 52.0482], [5.73237, 52.04899], [5.73315, 52.04876], [5.73491, 52.04911], [5.73474, 52.0511], [5.73752, 52.05299], [5.73739, 52.05361], [5.73562, 52.05331], [5.72844, 52.05374], [5.72687, 52.05324], [5.72658, 52.05334], [5.72704, 52.05357], [5.72652, 52.05341], [5.72666, 52.05249], [5.72236, 52.0515], [5.72367, 52.05071], [5.72286, 52.04975], [5.72128, 52.05019], [5.72141, 52.04946], [5.72249, 52.04929], [5.72387, 52.04851], [5.72261, 52.04767], [5.72185, 52.04786], [5.72148, 52.04914], [5.71997, 52.04916], [5.71919, 52.0486], [5.71799, 52.04874], [5.71633, 52.04946], [5.71575, 52.04888], [5.71493, 52.04863], [5.71444, 52.04891], [5.71379, 52.04853], [5.71574, 52.04774], [5.71526, 52.04736], [5.71855, 52.04628], [5.71998, 52.04549], [5.71983, 52.04529], [5.72042, 52.04528], [5.72025, 52.04509], [5.72051, 52.04529], [5.72313, 52.04403], [5.72408, 52.04555], [5.72445, 52.04547], [5.72432, 52.04445], [5.72463, 52.04471], [5.72638, 52.04464], [5.73, 52.0442], [5.73005, 52.04286], [5.73048, 52.04281], [5.73019, 52.04255], [5.73135, 52.04252], [5.73102, 52.04274]], [[5.72914, 52.04395], [5.72468, 52.04446], [5.72434, 52.04357], [5.72922, 52.04279], [5.72914, 52.04395]], [[5.85451, 52.04334], [5.8541, 52.04355], [5.85439, 52.0438], [5.85333, 52.04419], [5.85285, 52.04321], [5.85372, 52.04276], [5.85451, 52.04334]], [[5.8094, 52.04403], [5.80958, 52.0438], [5.80949, 52.04347], [5.81, 52.04368], [5.8094, 52.04403]], [[5.68833, 52.05338], [5.68853, 52.05348], [5.68834, 52.05348], [5.68833, 52.05338]], [[5.82151, 52.05838], [5.82175, 52.05834], [5.82171, 52.0584], [5.82151, 52.05838]], [[5.73739, 52.05904], [5.73757, 52.05894], [5.7375, 52.05906], [5.73739, 52.05904]], [[5.76199, 52.06222], [5.76117, 52.06269], [5.76044, 52.06205], [5.76075, 52.0617], [5.76199, 52.06222]], [[5.67839, 52.08384], [5.67969, 52.08421], [5.67969, 52.08452], [5.68628, 52.08396], [5.68592, 52.08728], [5.68463, 52.08708], [5.6839, 52.08849], [5.67773, 52.08721], [5.67757, 52.08749], [5.67747, 52.08716], [5.66933, 52.08547], [5.66904, 52.0875], [5.6711, 52.08756], [5.66792, 52.09148], [5.66302, 52.08911], [5.66512, 52.0875], [5.66571, 52.08758], [5.66384, 52.08697], [5.66391, 52.08664], [5.66676, 52.08499], [5.66593, 52.0848], [5.667, 52.08435], [5.66505, 52.08299], [5.66567, 52.08244], [5.66417, 52.08225], [5.66457, 52.08177], [5.6638, 52.08223], [5.66183, 52.08156], [5.66231, 52.0816], [5.66292, 52.08094], [5.6654, 52.08172], [5.66504, 52.08213], [5.66538, 52.08222], [5.66582, 52.08234], [5.66645, 52.08192], [5.66226, 52.08062], [5.6636, 52.07889], [5.66318, 52.07862], [5.66394, 52.0787], [5.66303, 52.07838], [5.66303, 52.07798], [5.66452, 52.0778], [5.66506, 52.07721], [5.66565, 52.07741], [5.66645, 52.07656], [5.66273, 52.07525], [5.66344, 52.07446], [5.65994, 52.07323], [5.66138, 52.07164], [5.66882, 52.07416], [5.67152, 52.07121], [5.66276, 52.06837], [5.6625, 52.06807], [5.66382, 52.06763], [5.66462, 52.06614], [5.6656, 52.06642], [5.66516, 52.06646], [5.66447, 52.0675], [5.66507, 52.06747], [5.66522, 52.0672], [5.66644, 52.06744], [5.66592, 52.06808], [5.66662, 52.06793], [5.66634, 52.06839], [5.66803, 52.06625], [5.67459, 52.0679], [5.67332, 52.06951], [5.67412, 52.06975], [5.67386, 52.07009], [5.67436, 52.07024], [5.67511, 52.06932], [5.67617, 52.06965], [5.67677, 52.06891], [5.67759, 52.06918], [5.67792, 52.06881], [5.68324, 52.07065], [5.68554, 52.06752], [5.68854, 52.06587], [5.68896, 52.06575], [5.68951, 52.0661], [5.69344, 52.06339], [5.71012, 52.06718], [5.70864, 52.06947], [5.70565, 52.06958], [5.70097, 52.07044], [5.69714, 52.07217], [5.70166, 52.07486], [5.69387, 52.07979], [5.69358, 52.0789], [5.68941, 52.08103], [5.68678, 52.07706], [5.68434, 52.07794], [5.67839, 52.08384]], [[5.87162, 52.06626], [5.87173, 52.06615], [5.87174, 52.06626], [5.87162, 52.06626]], [[5.72291, 52.06789], [5.7231, 52.06795], [5.72295, 52.06797], [5.72291, 52.06789]], [[5.66046, 52.06885], [5.65993, 52.06907], [5.66026, 52.06863], [5.66046, 52.06885]], [[5.66183, 52.0689], [5.66171, 52.06945], [5.6609, 52.0689], [5.66051, 52.06973], [5.65988, 52.06958], [5.6609, 52.06868], [5.66183, 52.0689]], [[5.88108, 52.06951], [5.88123, 52.06962], [5.88108, 52.06962], [5.88108, 52.06951]], [[5.70083, 52.0717], [5.70121, 52.07192], [5.70077, 52.07219], [5.70042, 52.07199], [5.70083, 52.0717]], [[5.65637, 52.07222], [5.65669, 52.07208], [5.65654, 52.07228], [5.65637, 52.07222]], [[5.65682, 52.07572], [5.65719, 52.0758], [5.65711, 52.07627], [5.65654, 52.07686], [5.65603, 52.07654], [5.65651, 52.07591], [5.65761, 52.07475], [5.65811, 52.07493], [5.65773, 52.07572], [5.65707, 52.07548], [5.65682, 52.07572]], [[5.65396, 52.07561], [5.65458, 52.07529], [5.65479, 52.07554], [5.65396, 52.07561]], [[5.65655, 52.07551], [5.65602, 52.07575], [5.65625, 52.07543], [5.65655, 52.07551]], [[5.65099, 52.07688], [5.65115, 52.0763], [5.65191, 52.07547], [5.65223, 52.07559], [5.65099, 52.07688]], [[5.65244, 52.07642], [5.65303, 52.07552], [5.65347, 52.07555], [5.6529, 52.07652], [5.6534, 52.07669], [5.6529, 52.07697], [5.65244, 52.07642]], [[5.65843, 52.07565], [5.65785, 52.07584], [5.65819, 52.07558], [5.65843, 52.07565]], [[5.65852, 52.07613], [5.65898, 52.07639], [5.65864, 52.07642], [5.65852, 52.07613]], [[5.70255, 52.0766], [5.70207, 52.07739], [5.70146, 52.07758], [5.70047, 52.0771], [5.70187, 52.07619], [5.70255, 52.0766]], [[5.66115, 52.07672], [5.66115, 52.07631], [5.66181, 52.07648], [5.6616, 52.07671], [5.66115, 52.07672]], [[5.6537, 52.07653], [5.65354, 52.07727], [5.65301, 52.0776], [5.6537, 52.07653]], [[5.65757, 52.07671], [5.65719, 52.07673], [5.65749, 52.07663], [5.65757, 52.07671]], [[5.65884, 52.07665], [5.65899, 52.07721], [5.65856, 52.07706], [5.65884, 52.07665]], [[5.66086, 52.07685], [5.66075, 52.07665], [5.66099, 52.07672], [5.66086, 52.07685]], [[5.78636, 52.0766], [5.78675, 52.07643], [5.78708, 52.0767], [5.78669, 52.07676], [5.78636, 52.0766]], [[5.65449, 52.07706], [5.65384, 52.07779], [5.65377, 52.07777], [5.654, 52.07687], [5.65449, 52.07706]], [[5.65693, 52.07699], [5.65709, 52.07695], [5.65703, 52.07703], [5.65693, 52.07699]], [[5.70241, 52.07705], [5.70323, 52.07705], [5.70241, 52.0774], [5.70241, 52.07705]], [[5.65558, 52.07704], [5.65631, 52.07724], [5.65597, 52.07762], [5.65526, 52.07739], [5.65558, 52.07704]], [[5.65801, 52.07789], [5.65787, 52.0773], [5.6582, 52.07707], [5.65854, 52.07762], [5.65801, 52.07789]], [[5.66222, 52.07749], [5.66145, 52.07709], [5.66238, 52.07732], [5.66222, 52.07749]], [[5.65661, 52.07714], [5.65648, 52.07716], [5.65653, 52.07711], [5.65661, 52.07714]], [[5.65961, 52.07812], [5.66037, 52.07717], [5.66094, 52.07736], [5.66006, 52.07828], [5.65961, 52.07812]], [[5.66286, 52.07775], [5.66277, 52.07719], [5.6635, 52.07725], [5.66286, 52.07775]], [[5.65663, 52.07753], [5.65623, 52.07775], [5.65627, 52.07736], [5.65663, 52.07753]], [[5.66153, 52.07736], [5.6622, 52.07758], [5.66185, 52.078], [5.66093, 52.07768], [5.66153, 52.07736]], [[5.65713, 52.07826], [5.65877, 52.07787], [5.65801, 52.07858], [5.65797, 52.0783], [5.65713, 52.07826]], [[5.65527, 52.07815], [5.655, 52.07787], [5.6554, 52.07793], [5.65527, 52.07815]], [[5.66135, 52.07807], [5.66167, 52.07845], [5.66118, 52.07835], [5.66135, 52.07807]], [[5.65698, 52.07828], [5.65642, 52.07835], [5.65651, 52.07819], [5.65698, 52.07828]], [[5.66268, 52.07889], [5.6628, 52.07855], [5.66278, 52.07891], [5.66268, 52.07889]], [[5.65955, 52.07884], [5.6587, 52.07907], [5.65905, 52.07866], [5.65955, 52.07884]], [[5.65996, 52.07909], [5.66031, 52.07876], [5.66084, 52.07888], [5.66029, 52.07922], [5.65996, 52.07909]], [[5.65792, 52.07882], [5.65785, 52.0792], [5.65765, 52.07913], [5.65792, 52.07882]], [[5.6581, 52.07939], [5.65743, 52.08029], [5.65621, 52.07983], [5.65704, 52.07903], [5.6581, 52.07939]], [[5.66081, 52.0794], [5.6611, 52.07916], [5.66102, 52.07944], [5.66081, 52.0794]], [[5.65845, 52.07915], [5.65854, 52.07942], [5.65828, 52.07934], [5.65845, 52.07915]], [[5.66163, 52.07928], [5.66185, 52.07967], [5.66137, 52.07953], [5.66163, 52.07928]], [[5.70378, 52.07943], [5.70417, 52.07963], [5.70457, 52.07936], [5.70502, 52.07982], [5.70431, 52.07998], [5.70366, 52.07979], [5.70378, 52.07943]], [[5.6624, 52.07976], [5.66253, 52.07953], [5.66267, 52.07971], [5.6624, 52.07976]], [[5.69839, 52.07977], [5.6985, 52.08013], [5.69819, 52.07987], [5.69839, 52.07977]], [[5.6599, 52.08106], [5.66091, 52.08048], [5.66056, 52.08122], [5.6599, 52.08106]], [[5.70438, 52.081], [5.70511, 52.08046], [5.70525, 52.08048], [5.70549, 52.08073], [5.70498, 52.08131], [5.70438, 52.081]], [[5.69987, 52.08054], [5.69972, 52.08089], [5.69946, 52.08058], [5.69987, 52.08054]], [[5.70184, 52.08094], [5.70127, 52.08119], [5.70138, 52.08141], [5.70108, 52.08115], [5.7012, 52.0808], [5.70184, 52.08094]], [[5.66044, 52.08125], [5.66494, 52.08293], [5.66176, 52.08501], [5.66016, 52.08447], [5.65955, 52.08492], [5.65706, 52.08399], [5.66044, 52.08125]], [[5.69981, 52.08127], [5.70014, 52.08126], [5.69993, 52.08136], [5.69981, 52.08127]], [[5.64227, 52.08257], [5.64373, 52.08282], [5.6432, 52.08326], [5.64235, 52.08295], [5.64176, 52.08345], [5.64073, 52.08301], [5.64026, 52.08326], [5.64004, 52.08272], [5.64154, 52.08161], [5.6423, 52.08205], [5.64227, 52.08257]], [[5.6977, 52.08187], [5.69872, 52.08208], [5.69835, 52.08231], [5.69852, 52.08285], [5.6977, 52.08187]], [[5.69938, 52.08277], [5.70027, 52.08241], [5.7006, 52.08276], [5.69979, 52.08314], [5.69938, 52.08277]], [[5.69717, 52.08265], [5.69804, 52.08272], [5.69822, 52.083], [5.6962, 52.08387], [5.69589, 52.08251], [5.69648, 52.08287], [5.69717, 52.08265]], [[5.64801, 52.08303], [5.64838, 52.08268], [5.64856, 52.08256], [5.64873, 52.08274], [5.64801, 52.08303]], [[5.70135, 52.08485], [5.69986, 52.08553], [5.69922, 52.08518], [5.69863, 52.08532], [5.69913, 52.0851], [5.69841, 52.0842], [5.69769, 52.08426], [5.6976, 52.08372], [5.69717, 52.08366], [5.69869, 52.08309], [5.69955, 52.08394], [5.7001, 52.08374], [5.70055, 52.08446], [5.70135, 52.08485]], [[5.72357, 52.08425], [5.72332, 52.08389], [5.72358, 52.08372], [5.72403, 52.08397], [5.72357, 52.08425]], [[5.73384, 52.08378], [5.73362, 52.08376], [5.73378, 52.0837], [5.73384, 52.08378]], [[5.63293, 52.08474], [5.63396, 52.08531], [5.63373, 52.08514], [5.63428, 52.08512], [5.63436, 52.08463], [5.63472, 52.08497], [5.63561, 52.08467], [5.63524, 52.08554], [5.63356, 52.08534], [5.63318, 52.08569], [5.63181, 52.08555], [5.63161, 52.0852], [5.63219, 52.0847], [5.63262, 52.08481], [5.63298, 52.0842], [5.63293, 52.08474]], [[5.66576, 52.08422], [5.66592, 52.08472], [5.665, 52.08455], [5.66516, 52.08431], [5.66576, 52.08422]], [[5.66311, 52.08426], [5.66454, 52.08456], [5.66334, 52.08535], [5.66232, 52.08478], [5.66311, 52.08426]], [[5.63683, 52.08456], [5.63594, 52.08463], [5.63602, 52.08438], [5.63683, 52.08456]], [[5.63679, 52.0852], [5.63739, 52.0847], [5.63816, 52.08501], [5.63679, 52.0852]], [[5.69341, 52.08633], [5.6924, 52.0852], [5.69509, 52.08468], [5.69594, 52.0864], [5.69446, 52.08666], [5.69617, 52.08941], [5.69039, 52.09064], [5.68596, 52.08874], [5.68609, 52.0874], [5.69341, 52.08633]], [[5.72429, 52.0849], [5.72496, 52.08475], [5.72474, 52.0855], [5.72458, 52.08552], [5.72429, 52.0849]], [[5.70279, 52.08573], [5.70196, 52.08515], [5.70265, 52.08511], [5.70309, 52.08547], [5.70279, 52.08573]], [[5.62969, 52.08581], [5.62915, 52.08568], [5.6286, 52.08529], [5.63002, 52.08543], [5.62969, 52.08581]], [[5.65977, 52.08536], [5.65995, 52.08566], [5.65954, 52.08539], [5.65889, 52.08572], [5.65923, 52.08617], [5.65842, 52.08665], [5.65867, 52.08705], [5.6578, 52.08686], [5.65734, 52.08712], [5.65814, 52.08764], [5.65771, 52.08806], [5.65608, 52.08774], [5.65935, 52.08527], [5.65977, 52.08536]], [[5.63614, 52.08566], [5.63595, 52.08597], [5.63531, 52.08585], [5.63559, 52.08532], [5.63614, 52.08566]], [[5.63459, 52.08583], [5.63483, 52.08558], [5.63519, 52.08564], [5.63508, 52.08588], [5.63459, 52.08583]], [[5.7297, 52.08909], [5.72886, 52.08762], [5.72998, 52.08724], [5.73105, 52.08842], [5.73275, 52.08783], [5.73196, 52.087], [5.73387, 52.08634], [5.73355, 52.086], [5.7357, 52.08547], [5.73633, 52.08618], [5.73541, 52.0865], [5.73722, 52.08825], [5.73573, 52.08871], [5.73723, 52.09018], [5.73837, 52.09063], [5.73519, 52.09216], [5.7334, 52.09144], [5.73248, 52.09173], [5.73201, 52.09129], [5.73128, 52.09153], [5.73046, 52.09113], [5.72912, 52.08949], [5.7297, 52.08909]], [[5.63514, 52.08664], [5.63555, 52.08633], [5.63561, 52.08606], [5.63555, 52.08676], [5.63514, 52.08664]], [[5.63577, 52.08661], [5.63597, 52.08612], [5.63654, 52.08623], [5.6363, 52.0867], [5.63577, 52.08661]], [[5.63764, 52.08643], [5.63757, 52.08704], [5.63674, 52.08703], [5.63685, 52.08635], [5.63764, 52.08643]], [[5.70471, 52.08638], [5.70633, 52.0864], [5.7072, 52.08695], [5.70681, 52.08714], [5.70593, 52.08663], [5.7051, 52.08676], [5.70471, 52.08638]], [[5.63503, 52.0875], [5.6342, 52.08722], [5.6345, 52.08688], [5.63533, 52.08715], [5.63503, 52.0875]], [[5.63714, 52.08718], [5.63772, 52.08719], [5.63798, 52.08774], [5.63716, 52.08751], [5.63714, 52.08718]], [[5.67601, 52.08714], [5.67542, 52.08723], [5.67554, 52.08708], [5.67601, 52.08714]], [[5.72431, 52.08758], [5.72402, 52.08723], [5.72441, 52.08715], [5.72479, 52.08756], [5.72431, 52.08758]], [[5.6359, 52.08792], [5.63541, 52.08786], [5.6356, 52.08754], [5.63597, 52.08762], [5.6359, 52.08792]], [[5.63422, 52.08763], [5.63477, 52.08784], [5.63435, 52.0883], [5.63389, 52.08808], [5.63422, 52.08763]], [[5.63635, 52.08777], [5.63683, 52.08795], [5.63642, 52.08793], [5.63635, 52.08777]], [[5.64486, 52.08893], [5.64531, 52.08791], [5.64832, 52.08827], [5.64788, 52.08929], [5.64486, 52.08893]], [[5.7183, 52.08899], [5.71786, 52.08805], [5.71891, 52.08777], [5.71915, 52.08862], [5.7183, 52.08899]], [[5.63517, 52.08818], [5.63555, 52.08857], [5.63499, 52.08833], [5.63517, 52.08818]], [[5.72144, 52.08817], [5.72247, 52.08799], [5.72301, 52.08855], [5.72181, 52.08836], [5.72144, 52.08817]], [[5.6373, 52.0886], [5.63701, 52.08835], [5.63736, 52.08841], [5.6373, 52.0886]], [[5.63449, 52.08886], [5.63414, 52.08904], [5.63344, 52.08856], [5.63395, 52.08839], [5.63449, 52.08886]], [[5.65797, 52.08847], [5.65827, 52.0884], [5.65822, 52.08863], [5.65797, 52.08847]], [[5.6758, 52.0884], [5.67539, 52.08851], [5.67547, 52.08834], [5.6758, 52.0884]], [[5.65733, 52.08856], [5.65706, 52.08905], [5.65623, 52.08902], [5.65633, 52.08853], [5.65733, 52.08856]], [[5.67442, 52.0886], [5.67461, 52.08855], [5.6746, 52.08862], [5.67442, 52.0886]], [[5.65551, 52.0888], [5.65483, 52.08903], [5.65488, 52.08876], [5.65551, 52.0888]], [[5.63697, 52.08885], [5.63697, 52.0892], [5.63634, 52.08885], [5.63697, 52.08885]], [[5.67533, 52.08897], [5.67521, 52.08888], [5.67535, 52.0889], [5.67533, 52.08897]], [[5.63497, 52.08899], [5.63457, 52.08937], [5.63446, 52.08933], [5.63497, 52.08899]], [[5.6429, 52.08924], [5.64276, 52.08955], [5.64245, 52.0896], [5.64233, 52.08921], [5.6429, 52.08924]], [[5.63582, 52.08964], [5.63546, 52.08975], [5.6353, 52.08962], [5.63542, 52.08947], [5.63582, 52.08964]], [[5.64442, 52.08989], [5.6443, 52.09008], [5.6443, 52.08991], [5.64442, 52.08989]], [[5.63653, 52.09031], [5.63631, 52.09002], [5.63673, 52.09006], [5.63653, 52.09031]], [[5.65849, 52.09003], [5.65847, 52.09059], [5.65812, 52.09044], [5.65849, 52.09003]], [[5.64401, 52.09009], [5.6441, 52.09018], [5.644, 52.09019], [5.64401, 52.09009]], [[5.66075, 52.09011], [5.66378, 52.09158], [5.66107, 52.09548], [5.65788, 52.09493], [5.65901, 52.09341], [5.65837, 52.09325], [5.66075, 52.09011]], [[5.63534, 52.09053], [5.63609, 52.09098], [5.63474, 52.09088], [5.63534, 52.09053]], [[5.65917, 52.09066], [5.65875, 52.09073], [5.65884, 52.0906], [5.65917, 52.09066]], [[5.64321, 52.09112], [5.64295, 52.09094], [5.6432, 52.09076], [5.64321, 52.09112]], [[5.63953, 52.0919], [5.63863, 52.09213], [5.63819, 52.09166], [5.63867, 52.09081], [5.63919, 52.09087], [5.63903, 52.09124], [5.63948, 52.09129], [5.63951, 52.09164], [5.64048, 52.09164], [5.64001, 52.09274], [5.63972, 52.09233], [5.63916, 52.09292], [5.63953, 52.0919]], [[5.63439, 52.091], [5.63429, 52.09138], [5.63348, 52.09113], [5.63439, 52.091]], [[5.63529, 52.09115], [5.63505, 52.09114], [5.63524, 52.09107], [5.63529, 52.09115]], [[5.63702, 52.09147], [5.63653, 52.09158], [5.63649, 52.09125], [5.63676, 52.09125], [5.63702, 52.09147]], [[5.64193, 52.09165], [5.64223, 52.0914], [5.64235, 52.09173], [5.64193, 52.09165]], [[5.64282, 52.09169], [5.64353, 52.09147], [5.64336, 52.09189], [5.64282, 52.09169]], [[5.65126, 52.09157], [5.65063, 52.09157], [5.65071, 52.09145], [5.65126, 52.09157]], [[5.6355, 52.09175], [5.63478, 52.09153], [5.63551, 52.09158], [5.6355, 52.09175]], [[5.6414, 52.09167], [5.64111, 52.09177], [5.64118, 52.09165], [5.6414, 52.09167]], [[5.63754, 52.09195], [5.63721, 52.09221], [5.63674, 52.09206], [5.637, 52.0917], [5.63754, 52.09195]], [[5.63813, 52.09262], [5.63759, 52.09231], [5.63802, 52.09193], [5.63853, 52.09208], [5.63813, 52.09262]], [[5.63564, 52.09237], [5.6353, 52.09261], [5.63528, 52.09228], [5.63564, 52.09237]], [[5.73055, 52.09215], [5.73035, 52.09242], [5.73009, 52.0922], [5.73055, 52.09215]], [[5.68399, 52.09279], [5.68449, 52.09248], [5.68425, 52.09282], [5.68399, 52.09279]], [[5.71276, 52.09245], [5.71409, 52.09285], [5.714, 52.09356], [5.71215, 52.09312], [5.71276, 52.09245]], [[5.73912, 52.09326], [5.73862, 52.09296], [5.73912, 52.09266], [5.73912, 52.09326]], [[5.73175, 52.09312], [5.73241, 52.09276], [5.73272, 52.09305], [5.7321, 52.09334], [5.73175, 52.09312]], [[5.64308, 52.09342], [5.64335, 52.09325], [5.64358, 52.09345], [5.64345, 52.09354], [5.64308, 52.09342]], [[5.73883, 52.0934], [5.73901, 52.09348], [5.73884, 52.09349], [5.73883, 52.0934]], [[5.63814, 52.09469], [5.63736, 52.09442], [5.63779, 52.09392], [5.63865, 52.094], [5.63814, 52.09469]], [[5.64215, 52.09468], [5.64202, 52.09447], [5.64215, 52.09447], [5.64215, 52.09468]], [[5.81701, 52.09401], [5.81731, 52.09402], [5.8172, 52.09433], [5.81701, 52.09401]], [[5.65183, 52.09501], [5.65134, 52.0949], [5.65165, 52.09463], [5.65197, 52.09478], [5.65183, 52.09501]], [[5.81839, 52.09499], [5.81914, 52.09493], [5.819, 52.09514], [5.81855, 52.09503], [5.81775, 52.09605], [5.81764, 52.09663], [5.81803, 52.09673], [5.81767, 52.09743], [5.81727, 52.09713], [5.81739, 52.09655], [5.81696, 52.09647], [5.8178, 52.09577], [5.81594, 52.09545], [5.8169, 52.09469], [5.81807, 52.0952], [5.81839, 52.09499]], [[5.66703, 52.09515], [5.66746, 52.09588], [5.66666, 52.09577], [5.66703, 52.09515]], [[5.81394, 52.09563], [5.81267, 52.09586], [5.81241, 52.09519], [5.81348, 52.09496], [5.81394, 52.09563]], [[5.64905, 52.09565], [5.6493, 52.09567], [5.64917, 52.09574], [5.64905, 52.09565]], [[5.82147, 52.09568], [5.82118, 52.09542], [5.82156, 52.09554], [5.82147, 52.09568]], [[5.63468, 52.09677], [5.63518, 52.09604], [5.63537, 52.09606], [5.63535, 52.09672], [5.63499, 52.09702], [5.63468, 52.09677]], [[5.66642, 52.09605], [5.66663, 52.09611], [5.66644, 52.09615], [5.66642, 52.09605]], [[5.82669, 52.09634], [5.82623, 52.09624], [5.82643, 52.09585], [5.82687, 52.09596], [5.82669, 52.09634]], [[5.8187, 52.09678], [5.81927, 52.09646], [5.81921, 52.09682], [5.8187, 52.09678]], [[5.69407, 52.09701], [5.69415, 52.09745], [5.69405, 52.0975], [5.69334, 52.09713], [5.69407, 52.09701]], [[5.81974, 52.09679], [5.8194, 52.09683], [5.81969, 52.09672], [5.81974, 52.09679]], [[5.82004, 52.0975], [5.81969, 52.09731], [5.82071, 52.09688], [5.82111, 52.0973], [5.82004, 52.0975]], [[5.69311, 52.09732], [5.69283, 52.09794], [5.69255, 52.09763], [5.69311, 52.09732]], [[5.82937, 52.09796], [5.82937, 52.09837], [5.82679, 52.09901], [5.82658, 52.0982], [5.82715, 52.09809], [5.82743, 52.09834], [5.82797, 52.09823], [5.82783, 52.09798], [5.82937, 52.09796]], [[5.82941, 52.0986], [5.83006, 52.09997], [5.82912, 52.09987], [5.82869, 52.09864], [5.82941, 52.0986]], [[5.78131, 52.1003], [5.78042, 52.09996], [5.78067, 52.09965], [5.78, 52.0996], [5.78008, 52.09939], [5.78158, 52.10005], [5.78131, 52.1003]], [[5.72404, 52.10216], [5.72241, 52.10241], [5.72217, 52.10193], [5.72376, 52.10169], [5.72404, 52.10216]], [[5.78672, 52.102], [5.78708, 52.10206], [5.78693, 52.10241], [5.78657, 52.10235], [5.78672, 52.102]], [[5.78732, 52.10286], [5.78736, 52.10324], [5.78701, 52.10327], [5.78685, 52.10311], [5.78732, 52.10286]], [[5.78631, 52.10444], [5.78481, 52.10403], [5.78498, 52.10333], [5.78636, 52.10348], [5.78631, 52.10444]], [[5.88033, 52.10363], [5.88058, 52.10441], [5.88022, 52.10471], [5.8795, 52.10481], [5.87978, 52.10347], [5.88033, 52.10363]], [[5.87885, 52.10491], [5.87838, 52.10546], [5.87709, 52.1049], [5.87749, 52.10413], [5.87795, 52.10415], [5.87805, 52.10484], [5.87885, 52.10491]], [[5.67067, 52.10575], [5.67101, 52.10531], [5.67145, 52.10531], [5.67136, 52.10592], [5.67067, 52.10575]], [[5.88465, 52.10601], [5.88429, 52.10604], [5.88415, 52.10542], [5.88455, 52.10552], [5.88465, 52.10601]], [[5.67126, 52.10658], [5.67065, 52.10655], [5.67057, 52.10644], [5.67119, 52.1063], [5.67126, 52.10658]], [[5.88379, 52.10677], [5.8836, 52.10633], [5.88393, 52.10638], [5.88379, 52.10677]], [[5.87846, 52.10732], [5.87943, 52.10797], [5.87916, 52.10812], [5.87798, 52.10753], [5.87846, 52.10732]], [[5.87779, 52.10828], [5.87757, 52.10833], [5.87769, 52.10821], [5.87779, 52.10828]], [[5.87785, 52.10834], [5.87845, 52.1088], [5.8772, 52.10887], [5.87822, 52.10912], [5.87812, 52.10934], [5.87708, 52.10931], [5.87688, 52.10893], [5.87785, 52.10834]], [[5.87533, 52.1124], [5.87618, 52.11044], [5.87691, 52.11056], [5.87718, 52.1099], [5.87832, 52.11079], [5.87852, 52.11009], [5.87891, 52.11011], [5.87878, 52.1105], [5.87959, 52.11063], [5.88006, 52.1101], [5.88009, 52.11017], [5.87844, 52.11193], [5.87815, 52.11142], [5.87854, 52.11087], [5.87694, 52.11061], [5.87657, 52.11165], [5.87754, 52.11249], [5.87533, 52.1124]], [[5.8768, 52.11034], [5.87635, 52.11026], [5.87647, 52.11002], [5.87683, 52.11008], [5.8768, 52.11034]], [[5.87637, 52.11397], [5.87638, 52.11404], [5.87632, 52.11401], [5.87637, 52.11397]], [[5.8298, 52.19775], [5.82998, 52.19768], [5.82995, 52.19777], [5.8298, 52.19775]], [[5.87612, 52.11405], [5.87593, 52.11414], [5.87596, 52.11403], [5.87612, 52.11405]], [[5.82807, 52.11584], [5.82825, 52.11581], [5.8282, 52.11588], [5.82807, 52.11584]], [[5.86389, 52.1169], [5.86436, 52.11639], [5.86482, 52.11652], [5.86458, 52.11704], [5.86389, 52.1169]], [[5.8724, 52.11842], [5.87141, 52.11874], [5.87167, 52.11904], [5.87107, 52.11906], [5.86978, 52.12017], [5.86834, 52.11941], [5.87031, 52.11772], [5.8724, 52.11842]], [[5.77587, 52.12061], [5.77589, 52.12077], [5.77569, 52.12073], [5.77587, 52.12061]], [[5.77678, 52.12095], [5.777, 52.12095], [5.77688, 52.12102], [5.77678, 52.12095]], [[5.88535, 52.12195], [5.8854, 52.12144], [5.88578, 52.12062], [5.88579, 52.12111], [5.88639, 52.1215], [5.88535, 52.12195]], [[5.8339, 52.12169], [5.83259, 52.12205], [5.83218, 52.12181], [5.83332, 52.12113], [5.8339, 52.12169]], [[5.87589, 52.12177], [5.87651, 52.12168], [5.87659, 52.12221], [5.87501, 52.1222], [5.87495, 52.12165], [5.8757, 52.12169], [5.87576, 52.12213], [5.87589, 52.12177]], [[5.87711, 52.12171], [5.87791, 52.1217], [5.87778, 52.12223], [5.8773, 52.12217], [5.87711, 52.12171]], [[5.88624, 52.12264], [5.88538, 52.12225], [5.88624, 52.12189], [5.88647, 52.12232], [5.88624, 52.12264]], [[5.87872, 52.12206], [5.87872, 52.1225], [5.87799, 52.12234], [5.87828, 52.12201], [5.87872, 52.12206]], [[5.77326, 52.1227], [5.77353, 52.1227], [5.77343, 52.12276], [5.77326, 52.1227]], [[5.8757, 52.12232], [5.87751, 52.12251], [5.8776, 52.12224], [5.87775, 52.12272], [5.87711, 52.12274], [5.87775, 52.12296], [5.87582, 52.12297], [5.87549, 52.12272], [5.8757, 52.12232]], [[5.87485, 52.12282], [5.87483, 52.12244], [5.87537, 52.12242], [5.87541, 52.12281], [5.87485, 52.12282]], [[5.87873, 52.12271], [5.87871, 52.12324], [5.87801, 52.12306], [5.87831, 52.12257], [5.87873, 52.12271]], [[5.87956, 52.12305], [5.8792, 52.12276], [5.87958, 52.12271], [5.87956, 52.12305]], [[5.83456, 52.12361], [5.8354, 52.12382], [5.8346, 52.12406], [5.83504, 52.12462], [5.83458, 52.12418], [5.83419, 52.12455], [5.83156, 52.12422], [5.83241, 52.12359], [5.83385, 52.12399], [5.83454, 52.1235], [5.83409, 52.12311], [5.83472, 52.12332], [5.83456, 52.12361]], [[5.87548, 52.12356], [5.87502, 52.12349], [5.87502, 52.12318], [5.87545, 52.12318], [5.87548, 52.12356]], [[5.87674, 52.1235], [5.8768, 52.1232], [5.87721, 52.12319], [5.87723, 52.12349], [5.87674, 52.1235]], [[5.87832, 52.12337], [5.87776, 52.12344], [5.87789, 52.12325], [5.87832, 52.12337]], [[5.8688, 52.12332], [5.86927, 52.12355], [5.86891, 52.12385], [5.86842, 52.12362], [5.8688, 52.12332]], [[5.8767, 52.12447], [5.87733, 52.12356], [5.87888, 52.12395], [5.87824, 52.12484], [5.87748, 52.12481], [5.87723, 52.12512], [5.87724, 52.12465], [5.8767, 52.12447]], [[5.86952, 52.12427], [5.86874, 52.12421], [5.86918, 52.12384], [5.86952, 52.12402], [5.86952, 52.12427]], [[5.88926, 52.12391], [5.88851, 52.12414], [5.88884, 52.12377], [5.88926, 52.12391]], [[5.88639, 52.12399], [5.88661, 52.1245], [5.88594, 52.12462], [5.88639, 52.12399]], [[5.86808, 52.12448], [5.86772, 52.12409], [5.86847, 52.12422], [5.86808, 52.12448]], [[5.86816, 52.12463], [5.86755, 52.12481], [5.86716, 52.12461], [5.86745, 52.1244], [5.86816, 52.12463]], [[5.86862, 52.12466], [5.86935, 52.12445], [5.86962, 52.12482], [5.86914, 52.12501], [5.86862, 52.12466]], [[5.83153, 52.12514], [5.8319, 52.12614], [5.83114, 52.12548], [5.83138, 52.12522], [5.83067, 52.12496], [5.83153, 52.12514]], [[5.86786, 52.12489], [5.86818, 52.12528], [5.86749, 52.12547], [5.86716, 52.12522], [5.86786, 52.12489]], [[5.88109, 52.12487], [5.88165, 52.12495], [5.88122, 52.12527], [5.88109, 52.12487]], [[5.86405, 52.12724], [5.85903, 52.12766], [5.857, 52.12693], [5.85624, 52.12633], [5.86475, 52.12556], [5.86405, 52.12724]], [[5.87776, 52.12569], [5.87845, 52.12633], [5.87793, 52.12653], [5.87737, 52.12598], [5.87776, 52.12569]], [[5.88055, 52.12623], [5.88025, 52.12594], [5.88098, 52.12562], [5.88096, 52.12607], [5.88055, 52.12623]], [[5.88377, 52.12614], [5.883, 52.12573], [5.88401, 52.1257], [5.88377, 52.12614]], [[5.88701, 52.12636], [5.88783, 52.12587], [5.88795, 52.12686], [5.88701, 52.12636]], [[5.88235, 52.12589], [5.88283, 52.12594], [5.88266, 52.12649], [5.88209, 52.1264], [5.88235, 52.12589]], [[5.8838, 52.12618], [5.88333, 52.12721], [5.88258, 52.12712], [5.88294, 52.12592], [5.8838, 52.12618]], [[5.87964, 52.12723], [5.87877, 52.12632], [5.87944, 52.12664], [5.87916, 52.12621], [5.87972, 52.12598], [5.88048, 52.12686], [5.87964, 52.12723]], [[5.88535, 52.12678], [5.88528, 52.12607], [5.88581, 52.12649], [5.88535, 52.12678]], [[5.87861, 52.12721], [5.87809, 52.12669], [5.87861, 52.12648], [5.87917, 52.127], [5.87861, 52.12721]], [[5.88823, 52.12684], [5.88903, 52.12686], [5.88977, 52.12732], [5.88951, 52.12802], [5.88823, 52.12684]], [[5.8823, 52.12731], [5.88176, 52.12731], [5.88169, 52.12688], [5.88252, 52.12695], [5.8823, 52.12731]], [[5.88744, 52.12693], [5.8873, 52.12721], [5.88693, 52.12728], [5.88706, 52.12693], [5.88744, 52.12693]], [[5.8848, 52.12719], [5.88391, 52.1273], [5.88457, 52.12692], [5.8848, 52.12719]], [[5.88555, 52.12699], [5.88608, 52.12728], [5.88573, 52.12753], [5.88525, 52.12721], [5.88555, 52.12699]], [[5.87979, 52.12744], [5.88021, 52.12708], [5.88032, 52.12718], [5.87979, 52.12744]], [[5.84345, 52.12746], [5.84356, 52.12725], [5.84421, 52.12731], [5.8441, 52.1276], [5.84345, 52.12746]], [[5.88285, 52.12771], [5.88247, 52.1275], [5.88254, 52.12725], [5.88309, 52.12733], [5.88285, 52.12771]], [[5.8881, 52.1274], [5.8885, 52.12758], [5.88824, 52.12807], [5.88752, 52.12763], [5.8881, 52.1274]], [[5.88369, 52.12755], [5.88372, 52.12782], [5.88348, 52.1282], [5.88294, 52.12799], [5.88369, 52.12755]], [[5.87683, 52.12774], [5.87727, 52.12755], [5.87761, 52.12786], [5.87694, 52.12809], [5.87683, 52.12774]], [[5.87993, 52.12771], [5.88056, 52.12829], [5.88039, 52.12895], [5.87935, 52.12778], [5.87993, 52.12771]], [[5.84413, 52.12826], [5.84336, 52.12791], [5.84411, 52.12789], [5.84413, 52.12826]], [[5.88128, 52.12837], [5.88033, 52.12795], [5.88069, 52.12778], [5.88128, 52.12837]], [[5.88547, 52.1278], [5.88576, 52.12795], [5.88541, 52.12831], [5.88503, 52.12811], [5.88547, 52.1278]], [[5.88236, 52.12826], [5.88243, 52.12842], [5.88221, 52.12836], [5.88236, 52.12826]], [[5.88514, 52.12859], [5.8841, 52.12875], [5.88454, 52.12826], [5.88514, 52.12859]], [[5.77106, 52.1288], [5.77184, 52.12883], [5.77172, 52.12909], [5.77121, 52.129], [5.77106, 52.1288]], [[5.88385, 52.12875], [5.88353, 52.12912], [5.88294, 52.12888], [5.88328, 52.12841], [5.88385, 52.12875]], [[5.88141, 52.12877], [5.88205, 52.12857], [5.88198, 52.12882], [5.88141, 52.12877]], [[5.88229, 52.12912], [5.88207, 52.12896], [5.88235, 52.12897], [5.88229, 52.12912]], [[5.88654, 52.12985], [5.88637, 52.12928], [5.887, 52.12922], [5.88654, 52.12985]], [[5.84533, 52.12979], [5.85164, 52.13235], [5.85171, 52.13304], [5.8476, 52.13325], [5.8449, 52.13248], [5.84459, 52.13049], [5.84533, 52.12979]], [[5.88695, 52.12989], [5.88667, 52.1299], [5.88677, 52.1298], [5.88695, 52.12989]], [[5.76874, 52.1306], [5.76955, 52.13074], [5.76942, 52.13104], [5.76859, 52.13092], [5.76874, 52.1306]], [[5.84877, 52.13036], [5.84862, 52.13039], [5.84867, 52.13033], [5.84877, 52.13036]], [[5.88711, 52.13032], [5.88693, 52.13036], [5.88702, 52.13028], [5.88711, 52.13032]], [[5.88468, 52.13093], [5.88525, 52.13116], [5.88492, 52.13128], [5.88468, 52.13093]], [[5.883, 52.1323], [5.88275, 52.13189], [5.88317, 52.13145], [5.88348, 52.13174], [5.883, 52.1323]], [[5.88356, 52.13283], [5.88304, 52.13236], [5.8839, 52.13146], [5.88423, 52.13228], [5.88356, 52.13283]], [[5.88571, 52.13193], [5.88537, 52.13213], [5.88508, 52.13186], [5.88542, 52.1317], [5.88571, 52.13193]], [[5.88554, 52.13282], [5.88655, 52.13222], [5.88649, 52.13249], [5.88554, 52.13282]], [[5.88441, 52.13281], [5.88455, 52.13218], [5.88497, 52.13258], [5.88441, 52.13281]], [[5.88669, 52.13258], [5.88699, 52.13288], [5.88599, 52.13325], [5.88569, 52.13297], [5.88669, 52.13258]], [[5.88494, 52.13264], [5.88502, 52.13279], [5.88487, 52.1329], [5.88478, 52.13276], [5.88494, 52.13264]], [[5.88584, 52.13343], [5.88491, 52.13406], [5.88451, 52.13369], [5.88532, 52.1328], [5.88584, 52.13343]], [[5.88766, 52.13336], [5.888, 52.13281], [5.88878, 52.13351], [5.88817, 52.13394], [5.88766, 52.13336]], [[5.88263, 52.13287], [5.88331, 52.13361], [5.88242, 52.13409], [5.88256, 52.13357], [5.88303, 52.13343], [5.8823, 52.13324], [5.88263, 52.13287]], [[5.768, 52.13392], [5.76819, 52.13345], [5.76819, 52.13391], [5.768, 52.13392]], [[5.88648, 52.13383], [5.88602, 52.13427], [5.88507, 52.13402], [5.8861, 52.13366], [5.88648, 52.13383]], [[5.8805, 52.13384], [5.88139, 52.13406], [5.88094, 52.13453], [5.88046, 52.1342], [5.8805, 52.13384]], [[5.84896, 52.13423], [5.8488, 52.13454], [5.84874, 52.13405], [5.84896, 52.13423]], [[5.88827, 52.1342], [5.8888, 52.13389], [5.88949, 52.13422], [5.88897, 52.13508], [5.88827, 52.1342]], [[5.88307, 52.13398], [5.88324, 52.13401], [5.88315, 52.13405], [5.88307, 52.13398]], [[5.88529, 52.1347], [5.88381, 52.13502], [5.88374, 52.13457], [5.8848, 52.13417], [5.88529, 52.1347]], [[5.88657, 52.13437], [5.88634, 52.13429], [5.88652, 52.13422], [5.88657, 52.13437]], [[5.84933, 52.13463], [5.8489, 52.13527], [5.84882, 52.13466], [5.84933, 52.13463]], [[5.8873, 52.13459], [5.88752, 52.13522], [5.8868, 52.13576], [5.88641, 52.13485], [5.8873, 52.13459]], [[5.88436, 52.13539], [5.88536, 52.13486], [5.88564, 52.13523], [5.88477, 52.13573], [5.88436, 52.13539]], [[5.76782, 52.13595], [5.76797, 52.13545], [5.768, 52.13595], [5.76782, 52.13595]], [[5.84911, 52.1355], [5.84897, 52.13582], [5.84891, 52.13531], [5.84911, 52.1355]], [[5.88777, 52.13592], [5.88774, 52.13573], [5.88797, 52.13562], [5.88807, 52.1357], [5.88777, 52.13592]], [[5.88629, 52.13612], [5.88632, 52.136], [5.8864, 52.13607], [5.88629, 52.13612]], [[5.88885, 52.13603], [5.888, 52.1368], [5.88756, 52.1366], [5.88575, 52.13736], [5.88563, 52.13718], [5.88885, 52.13603]], [[5.88941, 52.13768], [5.88876, 52.13671], [5.88959, 52.13672], [5.88992, 52.13729], [5.88941, 52.13768]], [[5.88918, 52.13809], [5.88845, 52.13862], [5.88828, 52.13829], [5.88742, 52.1384], [5.88746, 52.13807], [5.88795, 52.13827], [5.88843, 52.13805], [5.88744, 52.1371], [5.88875, 52.13757], [5.88918, 52.13809]], [[5.76855, 52.13814], [5.76866, 52.13765], [5.76873, 52.13813], [5.76855, 52.13814]], [[5.88711, 52.13948], [5.88638, 52.13858], [5.88677, 52.13842], [5.88722, 52.13899], [5.88759, 52.13914], [5.88711, 52.13948]], [[5.88728, 52.13887], [5.88741, 52.13893], [5.88737, 52.13895], [5.88728, 52.13887]], [[5.76892, 52.13985], [5.76921, 52.13934], [5.76912, 52.13986], [5.76892, 52.13985]], [[5.83955, 52.14097], [5.84508, 52.14267], [5.8466, 52.14278], [5.84607, 52.14381], [5.84255, 52.14376], [5.84175, 52.14323], [5.83897, 52.1418], [5.83863, 52.14141], [5.83955, 52.14097]], [[5.84805, 52.14108], [5.84784, 52.14107], [5.84794, 52.14101], [5.84805, 52.14108]], [[5.84828, 52.14118], [5.84847, 52.14142], [5.84816, 52.14126], [5.84828, 52.14118]], [[5.84774, 52.14158], [5.84782, 52.14142], [5.84791, 52.14145], [5.84774, 52.14158]], [[5.75261, 52.14207], [5.75204, 52.14215], [5.7522, 52.14192], [5.75261, 52.14207]], [[5.75425, 52.14269], [5.75441, 52.14269], [5.75431, 52.14274], [5.75425, 52.14269]], [[5.84697, 52.14233], [5.84751, 52.14245], [5.84736, 52.14275], [5.84787, 52.14304], [5.84759, 52.14316], [5.84689, 52.14292], [5.84697, 52.14233]], [[5.84058, 52.14266], [5.84041, 52.1428], [5.8404, 52.14265], [5.84058, 52.14266]], [[5.88728, 52.14308], [5.88712, 52.143], [5.88727, 52.14299], [5.88728, 52.14308]], [[5.84142, 52.14332], [5.8416, 52.14319], [5.8416, 52.14332], [5.84142, 52.14332]], [[5.84445, 52.14666], [5.84455, 52.1466], [5.84452, 52.14667], [5.84445, 52.14666]], [[5.8453, 52.14677], [5.84549, 52.14673], [5.84547, 52.1468], [5.8453, 52.14677]], [[5.84426, 52.14707], [5.84434, 52.14703], [5.84432, 52.14708], [5.84426, 52.14707]], [[5.76138, 52.14895], [5.7613, 52.14833], [5.76164, 52.14896], [5.76138, 52.14895]], [[5.84478, 52.14906], [5.8446, 52.14915], [5.8446, 52.14907], [5.84478, 52.14906]], [[5.76207, 52.14999], [5.76188, 52.14938], [5.76234, 52.15], [5.76207, 52.14999]], [[5.74033, 52.15071], [5.74078, 52.15012], [5.74194, 52.15052], [5.74089, 52.15087], [5.74033, 52.15071]], [[5.73277, 52.15042], [5.73314, 52.15083], [5.73258, 52.1509], [5.73225, 52.15072], [5.73277, 52.15042]], [[5.72999, 52.15151], [5.72957, 52.15133], [5.73029, 52.15097], [5.73052, 52.1511], [5.72999, 52.15151]], [[5.77544, 52.15308], [5.77557, 52.15309], [5.77547, 52.15312], [5.77544, 52.15308]], [[5.77627, 52.15421], [5.77609, 52.1537], [5.77645, 52.15416], [5.77627, 52.15421]], [[5.77289, 52.15396], [5.773, 52.15396], [5.77293, 52.15399], [5.77289, 52.15396]], [[5.77236, 52.15401], [5.77219, 52.15401], [5.77231, 52.15396], [5.77236, 52.15401]], [[5.80778, 52.15485], [5.80789, 52.15484], [5.80783, 52.15488], [5.80778, 52.15485]], [[5.80798, 52.15495], [5.80806, 52.1549], [5.80806, 52.15495], [5.80798, 52.15495]], [[5.80794, 52.155], [5.80808, 52.15504], [5.80795, 52.15505], [5.80794, 52.155]], [[5.79668, 52.15521], [5.79683, 52.15518], [5.79678, 52.15523], [5.79668, 52.15521]], [[5.80802, 52.15539], [5.80814, 52.15524], [5.80817, 52.15538], [5.80802, 52.15539]], [[5.78916, 52.15549], [5.78932, 52.15535], [5.7893, 52.15549], [5.78916, 52.15549]], [[5.8076, 52.15535], [5.80752, 52.15545], [5.8075, 52.15536], [5.8076, 52.15535]], [[5.79265, 52.15559], [5.79238, 52.15571], [5.79244, 52.15554], [5.79265, 52.15559]], [[5.79867, 52.15583], [5.79834, 52.15587], [5.79846, 52.15576], [5.79867, 52.15583]], [[5.79543, 52.15625], [5.79567, 52.15632], [5.79544, 52.15633], [5.79543, 52.15625]], [[5.72349, 52.16292], [5.7239, 52.16315], [5.72334, 52.16329], [5.72349, 52.16292]], [[5.82259, 52.16407], [5.82315, 52.16384], [5.82364, 52.16434], [5.82309, 52.16456], [5.82259, 52.16407]], [[5.82421, 52.16566], [5.8239, 52.16535], [5.82422, 52.16523], [5.82449, 52.16554], [5.82421, 52.16566]], [[5.84489, 52.16595], [5.84443, 52.1659], [5.84456, 52.1653], [5.84508, 52.16537], [5.84489, 52.16595]], [[5.82613, 52.16597], [5.82678, 52.16662], [5.82585, 52.16729], [5.82449, 52.16593], [5.82502, 52.16579], [5.82548, 52.16624], [5.82613, 52.16597]], [[5.84249, 52.16782], [5.84196, 52.16775], [5.84215, 52.16723], [5.84268, 52.1673], [5.84249, 52.16782]], [[5.71165, 52.16964], [5.70889, 52.16863], [5.71036, 52.16773], [5.71248, 52.16911], [5.71165, 52.16964]], [[5.84282, 52.16965], [5.84215, 52.17017], [5.84228, 52.16957], [5.84282, 52.16965]], [[5.83795, 52.1733], [5.83774, 52.17296], [5.83839, 52.17278], [5.839, 52.17315], [5.83795, 52.1733]], [[5.82558, 52.17369], [5.8255, 52.17322], [5.82487, 52.17306], [5.82641, 52.17315], [5.82625, 52.17386], [5.82585, 52.17399], [5.82593, 52.1736], [5.82558, 52.17369]], [[5.8196, 52.17372], [5.81828, 52.17365], [5.81812, 52.17316], [5.81998, 52.17332], [5.8196, 52.17372]], [[5.82265, 52.17388], [5.82159, 52.17374], [5.82178, 52.17323], [5.82313, 52.17341], [5.82265, 52.17388]], [[5.82862, 52.17455], [5.82779, 52.17451], [5.82801, 52.17396], [5.8287, 52.17415], [5.82862, 52.17455]], [[5.83322, 52.17435], [5.83265, 52.1743], [5.83272, 52.174], [5.8333, 52.17405], [5.83322, 52.17435]], [[5.8259, 52.17509], [5.82615, 52.1744], [5.82722, 52.17455], [5.82685, 52.17534], [5.8259, 52.17509]], [[5.82517, 52.1747], [5.82444, 52.17525], [5.82397, 52.17507], [5.82415, 52.17464], [5.82517, 52.1747]], [[5.82973, 52.175], [5.82965, 52.17466], [5.82995, 52.17478], [5.82973, 52.175]], [[5.8279, 52.17509], [5.82911, 52.1749], [5.82818, 52.17532], [5.8279, 52.17509]], [[5.82563, 52.1749], [5.82565, 52.17507], [5.8255, 52.17499], [5.82563, 52.1749]], [[5.82895, 52.17523], [5.83006, 52.17531], [5.82939, 52.1756], [5.82895, 52.17523]], [[5.83003, 52.17578], [5.83044, 52.17551], [5.83083, 52.17575], [5.83042, 52.17601], [5.83003, 52.17578]], [[5.83358, 52.17581], [5.83409, 52.17637], [5.83366, 52.17651], [5.83358, 52.17581]], [[5.83174, 52.17614], [5.83231, 52.17585], [5.83312, 52.17619], [5.83249, 52.17659], [5.83174, 52.17614]], [[5.8464, 52.17627], [5.84647, 52.17613], [5.84653, 52.17615], [5.8464, 52.17627]], [[5.83397, 52.17653], [5.8339, 52.17658], [5.83389, 52.17654], [5.83397, 52.17653]], [[5.83382, 52.17658], [5.83379, 52.17662], [5.83378, 52.17658], [5.83382, 52.17658]], [[5.76067, 52.17733], [5.76076, 52.17699], [5.76159, 52.17727], [5.76181, 52.17685], [5.76264, 52.1772], [5.76162, 52.17763], [5.76067, 52.17733]], [[5.8345, 52.17689], [5.83437, 52.17668], [5.83448, 52.17667], [5.8345, 52.17689]], [[5.83424, 52.17742], [5.83372, 52.17708], [5.83407, 52.17703], [5.83424, 52.17742]], [[5.8343, 52.17793], [5.83437, 52.17742], [5.83473, 52.17772], [5.8343, 52.17793]], [[5.83532, 52.17769], [5.83495, 52.17751], [5.83503, 52.17747], [5.83532, 52.17769]], [[5.83449, 52.17807], [5.83482, 52.17779], [5.83534, 52.1782], [5.83485, 52.1783], [5.83449, 52.17807]], [[5.76178, 52.1782], [5.7614, 52.17821], [5.76147, 52.1781], [5.76178, 52.1782]], [[5.75462, 52.17826], [5.75442, 52.17859], [5.75384, 52.17849], [5.75409, 52.17816], [5.75462, 52.17826]], [[5.8456, 52.17845], [5.8467, 52.17839], [5.84675, 52.17865], [5.84523, 52.179], [5.84509, 52.17811], [5.84552, 52.17808], [5.8456, 52.17845]], [[5.7905, 52.18915], [5.78248, 52.18868], [5.78084, 52.18898], [5.78031, 52.18879], [5.77937, 52.18938], [5.77746, 52.18926], [5.7761, 52.18941], [5.77584, 52.18986], [5.77471, 52.18975], [5.77387, 52.18949], [5.77484, 52.18786], [5.77249, 52.18768], [5.77114, 52.18684], [5.77065, 52.18766], [5.77024, 52.18751], [5.76982, 52.18791], [5.76584, 52.187], [5.76687, 52.18598], [5.76532, 52.18644], [5.76103, 52.186], [5.76248, 52.18434], [5.76288, 52.18149], [5.76368, 52.18165], [5.76533, 52.18075], [5.76459, 52.18047], [5.76546, 52.18009], [5.76452, 52.17877], [5.76917, 52.1792], [5.77006, 52.17957], [5.77013, 52.1806], [5.77091, 52.18026], [5.77049, 52.18075], [5.77318, 52.18102], [5.77327, 52.1807], [5.77323, 52.18103], [5.77403, 52.1811], [5.77506, 52.17974], [5.77894, 52.18062], [5.7844, 52.18277], [5.78648, 52.1841], [5.78644, 52.18561], [5.7859, 52.18557], [5.78594, 52.18501], [5.78309, 52.18494], [5.78248, 52.18755], [5.7863, 52.18807], [5.78568, 52.18612], [5.787, 52.18621], [5.78701, 52.1851], [5.78823, 52.18521], [5.79099, 52.18658], [5.79019, 52.18686], [5.7905, 52.18915]], [[5.75919, 52.17977], [5.75944, 52.17934], [5.75987, 52.17946], [5.75962, 52.17987], [5.75919, 52.17977]], [[5.77257, 52.1801], [5.77284, 52.1804], [5.77214, 52.18037], [5.77219, 52.18016], [5.77257, 52.1801]], [[5.88714, 52.17986], [5.8863, 52.18173], [5.88538, 52.18086], [5.88556, 52.18111], [5.88529, 52.18196], [5.8847, 52.18086], [5.88542, 52.1797], [5.88714, 52.17986]], [[5.7722, 52.18053], [5.77261, 52.18058], [5.77254, 52.18091], [5.77221, 52.18086], [5.7722, 52.18053]], [[5.83107, 52.18309], [5.83082, 52.18319], [5.83094, 52.18305], [5.83107, 52.18309]], [[5.88807, 52.1844], [5.88659, 52.18439], [5.88673, 52.18359], [5.88819, 52.18371], [5.88807, 52.1844]], [[5.87959, 52.18444], [5.8787, 52.1841], [5.87885, 52.18384], [5.87985, 52.18396], [5.87959, 52.18444]], [[5.81075, 52.18594], [5.81174, 52.18625], [5.81095, 52.18687], [5.81008, 52.18646], [5.81075, 52.18594]], [[5.79336, 52.18712], [5.79244, 52.18758], [5.79273, 52.18676], [5.79336, 52.18712]], [[5.79321, 52.1884], [5.79696, 52.18697], [5.79858, 52.18885], [5.79545, 52.19], [5.79428, 52.18991], [5.79331, 52.18954], [5.79321, 52.1884]], [[5.79549, 52.18749], [5.79525, 52.18739], [5.79551, 52.18737], [5.79549, 52.18749]], [[5.79346, 52.18754], [5.79367, 52.18741], [5.7937, 52.1875], [5.79346, 52.18754]], [[5.79071, 52.18905], [5.79055, 52.18767], [5.79117, 52.18768], [5.79131, 52.18822], [5.79233, 52.1882], [5.79313, 52.18947], [5.79071, 52.18905]], [[5.76828, 52.1886], [5.76827, 52.18803], [5.76884, 52.18777], [5.76858, 52.18857], [5.76828, 52.1886]], [[5.70509, 52.18848], [5.70478, 52.18855], [5.7044, 52.18853], [5.7047, 52.18817], [5.70509, 52.18848]], [[5.79633, 52.19031], [5.79536, 52.19064], [5.79407, 52.19057], [5.79509, 52.19043], [5.79533, 52.1901], [5.79633, 52.19031]], [[5.78074, 52.19178], [5.78046, 52.19314], [5.77535, 52.1921], [5.77626, 52.19043], [5.78074, 52.19178]], [[5.79408, 52.19098], [5.7947, 52.19136], [5.79438, 52.1917], [5.79408, 52.19098]], [[5.78139, 52.19155], [5.78188, 52.19155], [5.78175, 52.19215], [5.78103, 52.19206], [5.78139, 52.19155]], [[5.79855, 52.19168], [5.79836, 52.19219], [5.79768, 52.19211], [5.79791, 52.19161], [5.79855, 52.19168]], [[5.79438, 52.19239], [5.79393, 52.19234], [5.79413, 52.19171], [5.79457, 52.19178], [5.79438, 52.19239]], [[5.79697, 52.19348], [5.7977, 52.19218], [5.7983, 52.19226], [5.79811, 52.19268], [5.79978, 52.19294], [5.79894, 52.19443], [5.79538, 52.19365], [5.79557, 52.19324], [5.79697, 52.19348]], [[5.78144, 52.19313], [5.7808, 52.19303], [5.78094, 52.19261], [5.78157, 52.19271], [5.78144, 52.19313]]], [[[5.88905, 52.04339], [5.88682, 52.04484], [5.88912, 52.04921], [5.88905, 52.04339]]], [[[5.89009, 52.13567], [5.88982, 52.13568], [5.88982, 52.1359], [5.89009, 52.13567]]], [[[5.76491, 52.21748], [5.76113, 52.21651], [5.76269, 52.21709], [5.76203, 52.21815], [5.7615, 52.21842], [5.76003, 52.21806], [5.76062, 52.21719], [5.75985, 52.21689], [5.75925, 52.21705], [5.76002, 52.21677], [5.75973, 52.21663], [5.76022, 52.21628], [5.75958, 52.21612], [5.75914, 52.21675], [5.7587, 52.21625], [5.75897, 52.21596], [5.75734, 52.21638], [5.75776, 52.21565], [5.74958, 52.21362], [5.74865, 52.217], [5.75731, 52.21807], [5.75744, 52.2187], [5.76498, 52.21894], [5.76491, 52.21748]], [[5.75895, 52.21777], [5.75886, 52.21786], [5.75883, 52.21779], [5.75895, 52.21777]]], [[[5.71168, 52.23907], [5.71425, 52.23843], [5.71504, 52.239], [5.71704, 52.23781], [5.71747, 52.23704], [5.71507, 52.23525], [5.71515, 52.23605], [5.71614, 52.23617], [5.71622, 52.23758], [5.71489, 52.23759], [5.71345, 52.23822], [5.71264, 52.2381], [5.71218, 52.23884], [5.71163, 52.23827], [5.71168, 52.23907]], [[5.71406, 52.23812], [5.71478, 52.23772], [5.71501, 52.23855], [5.71406, 52.23812]]], [[[5.77242, 52.27544], [5.77099, 52.27535], [5.77079, 52.27639], [5.77201, 52.27692], [5.77242, 52.27544]], [[5.77201, 52.27628], [5.77166, 52.27628], [5.77168, 52.27594], [5.77202, 52.27592], [5.77201, 52.27628]], [[5.77167, 52.27655], [5.77199, 52.2764], [5.77196, 52.27654], [5.77167, 52.27655]]], [[[5.76743, 52.27782], [5.76963, 52.27605], [5.77045, 52.27624], [5.77039, 52.27576], [5.76804, 52.27603], [5.76821, 52.27647], [5.76634, 52.27669], [5.76662, 52.27621], [5.76215, 52.27699], [5.76244, 52.27759], [5.76517, 52.27848], [5.76596, 52.27716], [5.76743, 52.27782]]], [[[5.89066, 52.18634], [5.88728, 52.18577], [5.88246, 52.18644], [5.88029, 52.18639], [5.87849, 52.18669], [5.87804, 52.18754], [5.87555, 52.18692], [5.85712, 52.18892], [5.85449, 52.18893], [5.84867, 52.19023], [5.84285, 52.19217], [5.82923, 52.20014], [5.82603, 52.20164], [5.82275, 52.2028], [5.81867, 52.20379], [5.81192, 52.20453], [5.80522, 52.20417], [5.79372, 52.20164], [5.78467, 52.20051], [5.77764, 52.20045], [5.77449, 52.19951], [5.77064, 52.1988], [5.76635, 52.19832], [5.76333, 52.19873], [5.76056, 52.19847], [5.75798, 52.19734], [5.75779, 52.19753], [5.75172, 52.19658], [5.72451, 52.19405], [5.70518, 52.19258], [5.70277, 52.19354], [5.70902, 52.1937], [5.71709, 52.19634], [5.71643, 52.19895], [5.7191, 52.20038], [5.72078, 52.20351], [5.72098, 52.20406], [5.71455, 52.20959], [5.71541, 52.20961], [5.71523, 52.21137], [5.71768, 52.21175], [5.71787, 52.21363], [5.71599, 52.21616], [5.70975, 52.21438], [5.70955, 52.21505], [5.70822, 52.21469], [5.70854, 52.21407], [5.70811, 52.21426], [5.70759, 52.21413], [5.70777, 52.21387], [5.70655, 52.21356], [5.70722, 52.21274], [5.70674, 52.20685], [5.70346, 52.19986], [5.70163, 52.19787], [5.70064, 52.19798], [5.70048, 52.19752], [5.7009, 52.19743], [5.70041, 52.19467], [5.69902, 52.19461], [5.69881, 52.19438], [5.69796, 52.19494], [5.69533, 52.19481], [5.68896, 52.19383], [5.68631, 52.19385], [5.68553, 52.19317], [5.68433, 52.19373], [5.68352, 52.19374], [5.682, 52.19244], [5.66795, 52.19852], [5.66941, 52.2007], [5.66785, 52.20135], [5.66639, 52.19919], [5.66393, 52.20025], [5.66308, 52.20098], [5.65324, 52.19815], [5.65236, 52.19931], [5.65744, 52.20397], [5.65097, 52.2057], [5.65089, 52.207], [5.65896, 52.21176], [5.6573, 52.21316], [5.6536, 52.21152], [5.65154, 52.21316], [5.64919, 52.21209], [5.65102, 52.21055], [5.64781, 52.20913], [5.6464, 52.21062], [5.64565, 52.2107], [5.64686, 52.21121], [5.64533, 52.21361], [5.64644, 52.21411], [5.63857, 52.21449], [5.63942, 52.21393], [5.6323, 52.21429], [5.63281, 52.21581], [5.62922, 52.21649], [5.62892, 52.21575], [5.62778, 52.21602], [5.62839, 52.21802], [5.62596, 52.21811], [5.62627, 52.21868], [5.61853, 52.21856], [5.61831, 52.21924], [5.61912, 52.22136], [5.61884, 52.22241], [5.61953, 52.22224], [5.61948, 52.22247], [5.61878, 52.22296], [5.61758, 52.22285], [5.61717, 52.22457], [5.61645, 52.2247], [5.61649, 52.22613], [5.61467, 52.22622], [5.61475, 52.22741], [5.61558, 52.22737], [5.61572, 52.22694], [5.61584, 52.22796], [5.6167, 52.22751], [5.61668, 52.22692], [5.61765, 52.22703], [5.61859, 52.22595], [5.6213, 52.22603], [5.62113, 52.22728], [5.62363, 52.22707], [5.62408, 52.23211], [5.62201, 52.23172], [5.62045, 52.23605], [5.62709, 52.23697], [5.62725, 52.23747], [5.62597, 52.23746], [5.62558, 52.23996], [5.62557, 52.24037], [5.62598, 52.24035], [5.62598, 52.24184], [5.62669, 52.24182], [5.62673, 52.24215], [5.62598, 52.24218], [5.62604, 52.24338], [5.62478, 52.24364], [5.62403, 52.2435], [5.62336, 52.24235], [5.62066, 52.24231], [5.62059, 52.24205], [5.62053, 52.2419], [5.62053, 52.2419], [5.61981, 52.24254], [5.61809, 52.24193], [5.61651, 52.2453], [5.62361, 52.24382], [5.62448, 52.2458], [5.61791, 52.24716], [5.61757, 52.24629], [5.61591, 52.24656], [5.61464, 52.24896], [5.61512, 52.24906], [5.61552, 52.24992], [5.6166, 52.24978], [5.617, 52.25059], [5.61865, 52.25183], [5.61892, 52.25168], [5.6185, 52.25093], [5.61897, 52.2504], [5.61925, 52.25061], [5.61871, 52.25098], [5.6192, 52.2512], [5.61913, 52.25157], [5.62085, 52.25074], [5.62258, 52.25208], [5.61781, 52.25371], [5.61866, 52.25426], [5.62377, 52.25537], [5.62554, 52.25735], [5.62866, 52.25728], [5.62899, 52.25783], [5.62601, 52.25788], [5.62709, 52.2595], [5.62705, 52.26041], [5.6223, 52.25993], [5.62221, 52.26059], [5.62086, 52.26037], [5.62077, 52.25966], [5.61965, 52.25959], [5.61824, 52.26049], [5.61803, 52.26137], [5.61878, 52.26167], [5.6188, 52.26247], [5.62326, 52.26322], [5.6225, 52.26459], [5.62264, 52.2655], [5.61844, 52.26519], [5.61835, 52.26664], [5.61697, 52.26716], [5.61762, 52.26766], [5.61588, 52.26773], [5.61656, 52.26829], [5.61624, 52.26894], [5.618, 52.26885], [5.61842, 52.26869], [5.61802, 52.26808], [5.61987, 52.26756], [5.62271, 52.269], [5.62242, 52.27017], [5.62411, 52.2701], [5.62276, 52.27251], [5.61955, 52.27343], [5.62012, 52.27461], [5.61996, 52.27476], [5.61825, 52.27363], [5.61768, 52.27365], [5.60971, 52.27484], [5.60865, 52.27508], [5.60866, 52.2755], [5.60453, 52.27603], [5.60491, 52.2793], [5.60598, 52.28102], [5.6034, 52.28134], [5.60369, 52.28127], [5.60235, 52.28015], [5.60041, 52.28126], [5.59997, 52.28129], [5.59954, 52.28059], [5.59887, 52.281], [5.59914, 52.28128], [5.59876, 52.28143], [5.59857, 52.2812], [5.59772, 52.28176], [5.60501, 52.2898], [5.60567, 52.28976], [5.60637, 52.29013], [5.60855, 52.28923], [5.61262, 52.28815], [5.61291, 52.28782], [5.61688, 52.28721], [5.61854, 52.28721], [5.61874, 52.2875], [5.62118, 52.28737], [5.6261, 52.28604], [5.62537, 52.28647], [5.62908, 52.29306], [5.63124, 52.29233], [5.63737, 52.29122], [5.63705, 52.29065], [5.63826, 52.28987], [5.63907, 52.2903], [5.63871, 52.29052], [5.63988, 52.29099], [5.63884, 52.29162], [5.6399, 52.29193], [5.64048, 52.29155], [5.64094, 52.29182], [5.64057, 52.29216], [5.64321, 52.29051], [5.64587, 52.29128], [5.64518, 52.29243], [5.64389, 52.29283], [5.64423, 52.29316], [5.64371, 52.29318], [5.64398, 52.29658], [5.63658, 52.29795], [5.63687, 52.29853], [5.6375, 52.29876], [5.63729, 52.29812], [5.64255, 52.2981], [5.64257, 52.29999], [5.64234, 52.30103], [5.64148, 52.30097], [5.6413, 52.30138], [5.63771, 52.30104], [5.63761, 52.30394], [5.63675, 52.30602], [5.63495, 52.30749], [5.63224, 52.30865], [5.63537, 52.30922], [5.63471, 52.31054], [5.63196, 52.31032], [5.63241, 52.30947], [5.63116, 52.30921], [5.63108, 52.30876], [5.62918, 52.30877], [5.62792, 52.31145], [5.63352, 52.31218], [5.63391, 52.31273], [5.63594, 52.31383], [5.63578, 52.31421], [5.63661, 52.31426], [5.63683, 52.31581], [5.64423, 52.3104], [5.6471, 52.31178], [5.63091, 52.32139], [5.62901, 52.3207], [5.62863, 52.32126], [5.63025, 52.32399], [5.64685, 52.31428], [5.64765, 52.31396], [5.64814, 52.31425], [5.64924, 52.31573], [5.64082, 52.32072], [5.64178, 52.32146], [5.63918, 52.32296], [5.64351, 52.32591], [5.64631, 52.32651], [5.64603, 52.32712], [5.64635, 52.32739], [5.64458, 52.32846], [5.64272, 52.32741], [5.64114, 52.32793], [5.64048, 52.32867], [5.63964, 52.32846], [5.63878, 52.3287], [5.63993, 52.33133], [5.64073, 52.33085], [5.64148, 52.33106], [5.64191, 52.3308], [5.64298, 52.33142], [5.64146, 52.33241], [5.64064, 52.33193], [5.64045, 52.33254], [5.64084, 52.33307], [5.64779, 52.32859], [5.65153, 52.33096], [5.64987, 52.3321], [5.65198, 52.33429], [5.65098, 52.335], [5.65181, 52.33551], [5.64852, 52.33844], [5.65453, 52.34033], [5.66131, 52.34131], [5.69222, 52.34207], [5.69357, 52.34164], [5.69555, 52.34169], [5.69538, 52.34201], [5.69583, 52.3421], [5.7026, 52.34254], [5.71204, 52.34472], [5.73372, 52.35123], [5.73394, 52.35066], [5.7347, 52.35088], [5.73402, 52.35133], [5.74853, 52.35592], [5.74847, 52.35613], [5.75741, 52.35907], [5.76193, 52.36031], [5.7654, 52.36078], [5.76696, 52.36025], [5.76936, 52.36045], [5.77025, 52.36125], [5.77118, 52.36144], [5.78266, 52.36127], [5.78323, 52.36147], [5.78686, 52.36117], [5.7884, 52.36182], [5.79205, 52.36245], [5.80839, 52.36681], [5.8152, 52.3694], [5.82041, 52.37271], [5.82337, 52.37436], [5.82373, 52.37421], [5.82403, 52.37464], [5.82287, 52.375], [5.82626, 52.37989], [5.82869, 52.38214], [5.83181, 52.3839], [5.84496, 52.38829], [5.85445, 52.39214], [5.85743, 52.39271], [5.85894, 52.39399], [5.86899, 52.39821], [5.87374, 52.40054], [5.88535, 52.40737], [5.88849, 52.40867], [5.89064, 52.40581], [5.89031, 52.4055], [5.89096, 52.40472], [5.89006, 52.40428], [5.8918, 52.40263], [5.89213, 52.40278], [5.89306, 52.39769], [5.89066, 52.18634]], [[5.88955, 52.19003], [5.89041, 52.18984], [5.89043, 52.1904], [5.88986, 52.19052], [5.88955, 52.19003]], [[5.88593, 52.19233], [5.88625, 52.19236], [5.88596, 52.19241], [5.88593, 52.19233]], [[5.88638, 52.19231], [5.88625, 52.1923], [5.88636, 52.19228], [5.88638, 52.19231]], [[5.84244, 52.19449], [5.84228, 52.19424], [5.84255, 52.19437], [5.84244, 52.19449]], [[5.84257, 52.1946], [5.84277, 52.19484], [5.84248, 52.19484], [5.84257, 52.1946]], [[5.67788, 52.19536], [5.67773, 52.19575], [5.67737, 52.19548], [5.67765, 52.19586], [5.67704, 52.19612], [5.67669, 52.19538], [5.67788, 52.19536]], [[5.87711, 52.1957], [5.87784, 52.19543], [5.87834, 52.19596], [5.87763, 52.19592], [5.87728, 52.19597], [5.87711, 52.1957]], [[5.87769, 52.19623], [5.8773, 52.19607], [5.87698, 52.19629], [5.87727, 52.19602], [5.87772, 52.19597], [5.87769, 52.19623]], [[5.84435, 52.2003], [5.83864, 52.19966], [5.84082, 52.19881], [5.84223, 52.19923], [5.8449, 52.19811], [5.8465, 52.19857], [5.84435, 52.2003]], [[5.84074, 52.19833], [5.84008, 52.19861], [5.83952, 52.1985], [5.83998, 52.19821], [5.84074, 52.19833]], [[5.83524, 52.19926], [5.83705, 52.19951], [5.83703, 52.1998], [5.83729, 52.19963], [5.83764, 52.19996], [5.83681, 52.20024], [5.83522, 52.19985], [5.83524, 52.19926]], [[5.8381, 52.20041], [5.83688, 52.20032], [5.83811, 52.19987], [5.8381, 52.20041]], [[5.83665, 52.20082], [5.83683, 52.20095], [5.83646, 52.20108], [5.83665, 52.20082]], [[5.66353, 52.20182], [5.66301, 52.20168], [5.66306, 52.20138], [5.66367, 52.20155], [5.66353, 52.20182]], [[5.83993, 52.20155], [5.8412, 52.2013], [5.84284, 52.20155], [5.84232, 52.20195], [5.84125, 52.20163], [5.84094, 52.20195], [5.84056, 52.20168], [5.84096, 52.20253], [5.83973, 52.20224], [5.83993, 52.20155]], [[5.83853, 52.20363], [5.83868, 52.20372], [5.83853, 52.20373], [5.83853, 52.20363]], [[5.83835, 52.20515], [5.83793, 52.20551], [5.8372, 52.20509], [5.83782, 52.20473], [5.83835, 52.20515]], [[5.74074, 52.20848], [5.73867, 52.21057], [5.73634, 52.20995], [5.73525, 52.21118], [5.7345, 52.21124], [5.73407, 52.21179], [5.73365, 52.21258], [5.73569, 52.21326], [5.73284, 52.21688], [5.73342, 52.21691], [5.73321, 52.21775], [5.73264, 52.21797], [5.73267, 52.21775], [5.73138, 52.2177], [5.73124, 52.2187], [5.72706, 52.21897], [5.72305, 52.2179], [5.72296, 52.21699], [5.72334, 52.21695], [5.72362, 52.2156], [5.72506, 52.21595], [5.72739, 52.2159], [5.73112, 52.21529], [5.73114, 52.2136], [5.7322, 52.21369], [5.7323, 52.21321], [5.72956, 52.21242], [5.7308, 52.2085], [5.73178, 52.20745], [5.7346, 52.20656], [5.73687, 52.2071], [5.74074, 52.20848]], [[5.82059, 52.20755], [5.82136, 52.20686], [5.82252, 52.20752], [5.82189, 52.20783], [5.82146, 52.2075], [5.82089, 52.20778], [5.82059, 52.20755]], [[5.77342, 52.24747], [5.7742, 52.24856], [5.77246, 52.24832], [5.77174, 52.24877], [5.76929, 52.24853], [5.77042, 52.24692], [5.7725, 52.2472], [5.77048, 52.24661], [5.7695, 52.24691], [5.76885, 52.24607], [5.76834, 52.24651], [5.76677, 52.24621], [5.76713, 52.2457], [5.76773, 52.24575], [5.76177, 52.24403], [5.75967, 52.24611], [5.75982, 52.24711], [5.75933, 52.24727], [5.75942, 52.24765], [5.76137, 52.24807], [5.76181, 52.24846], [5.76132, 52.24882], [5.76075, 52.2487], [5.76056, 52.24903], [5.76026, 52.24885], [5.75979, 52.24963], [5.75278, 52.24786], [5.75353, 52.24654], [5.75315, 52.24623], [5.75563, 52.24678], [5.75711, 52.24226], [5.75961, 52.24248], [5.76096, 52.24181], [5.76017, 52.24108], [5.75906, 52.24079], [5.75904, 52.24037], [5.75859, 52.24028], [5.75894, 52.24002], [5.75662, 52.23993], [5.75684, 52.24096], [5.75625, 52.24161], [5.7546, 52.24225], [5.75303, 52.24362], [5.75314, 52.24523], [5.75177, 52.24571], [5.75092, 52.24565], [5.75137, 52.23963], [5.74937, 52.23978], [5.74944, 52.23895], [5.74713, 52.23892], [5.74731, 52.23853], [5.7469, 52.23841], [5.74726, 52.23789], [5.74784, 52.23778], [5.74955, 52.23525], [5.75197, 52.23531], [5.75058, 52.23298], [5.74984, 52.23291], [5.75064, 52.23292], [5.75043, 52.23191], [5.75313, 52.22938], [5.75025, 52.22977], [5.75014, 52.22795], [5.74943, 52.22716], [5.74883, 52.2214], [5.75115, 52.22145], [5.75089, 52.22316], [5.75309, 52.2232], [5.75253, 52.22938], [5.75556, 52.22687], [5.75807, 52.22562], [5.76143, 52.22508], [5.76109, 52.22473], [5.7619, 52.22442], [5.76179, 52.22409], [5.7628, 52.22389], [5.75651, 52.2237], [5.75665, 52.22261], [5.75765, 52.22264], [5.75801, 52.22049], [5.745, 52.22001], [5.74489, 52.22149], [5.74238, 52.2219], [5.74312, 52.22372], [5.74023, 52.22424], [5.7405, 52.22509], [5.73977, 52.22511], [5.73928, 52.22637], [5.73876, 52.22624], [5.73831, 52.2274], [5.7364, 52.2297], [5.73828, 52.23058], [5.73817, 52.23146], [5.73652, 52.23162], [5.73667, 52.23018], [5.73621, 52.23016], [5.73618, 52.23143], [5.73415, 52.23179], [5.73109, 52.23147], [5.72997, 52.23212], [5.72951, 52.23256], [5.73005, 52.23372], [5.7292, 52.23503], [5.72957, 52.23527], [5.72912, 52.23643], [5.72774, 52.23699], [5.7263, 52.23807], [5.72532, 52.23768], [5.72393, 52.23879], [5.72225, 52.23801], [5.72317, 52.23869], [5.72273, 52.23903], [5.72335, 52.23923], [5.72267, 52.23957], [5.72382, 52.24002], [5.72072, 52.24266], [5.71888, 52.24155], [5.71815, 52.24186], [5.71747, 52.24145], [5.71511, 52.24195], [5.71441, 52.24372], [5.71323, 52.24416], [5.71288, 52.24468], [5.7128, 52.24552], [5.71323, 52.24565], [5.71035, 52.24874], [5.7084, 52.24879], [5.70758, 52.24827], [5.7072, 52.24957], [5.70495, 52.24945], [5.70322, 52.24881], [5.70317, 52.24766], [5.70261, 52.24768], [5.70252, 52.24582], [5.70384, 52.24582], [5.70695, 52.2423], [5.70888, 52.2425], [5.70869, 52.24155], [5.70949, 52.24148], [5.71102, 52.23961], [5.71047, 52.23947], [5.71053, 52.23883], [5.71005, 52.2384], [5.7084, 52.24013], [5.70784, 52.23991], [5.70817, 52.23945], [5.70733, 52.23946], [5.7071, 52.23997], [5.70663, 52.23997], [5.70638, 52.23955], [5.70672, 52.2394], [5.70401, 52.23928], [5.70267, 52.23738], [5.70061, 52.23799], [5.70149, 52.2392], [5.70223, 52.23934], [5.69908, 52.23959], [5.6985, 52.2376], [5.69753, 52.23774], [5.69694, 52.23594], [5.69387, 52.23604], [5.69465, 52.23835], [5.69574, 52.23825], [5.69596, 52.23917], [5.6935, 52.23977], [5.693, 52.23895], [5.69111, 52.23902], [5.69123, 52.24021], [5.68817, 52.24048], [5.68793, 52.23806], [5.68665, 52.2381], [5.6869, 52.24043], [5.68364, 52.24062], [5.68302, 52.23643], [5.6824, 52.23646], [5.68232, 52.23596], [5.68294, 52.23591], [5.68303, 52.23643], [5.68306, 52.23598], [5.68445, 52.23586], [5.68438, 52.23634], [5.6896, 52.23605], [5.68994, 52.23387], [5.6929, 52.23404], [5.69314, 52.23253], [5.69394, 52.23264], [5.69374, 52.23181], [5.69511, 52.23199], [5.6958, 52.2317], [5.6962, 52.23215], [5.69999, 52.23264], [5.7004, 52.23198], [5.69679, 52.23108], [5.6966, 52.23031], [5.69757, 52.23044], [5.69742, 52.22994], [5.69783, 52.22999], [5.69809, 52.22958], [5.69985, 52.22979], [5.70007, 52.22944], [5.69918, 52.2294], [5.69912, 52.22889], [5.69965, 52.22881], [5.70021, 52.2292], [5.7007, 52.22843], [5.70306, 52.22919], [5.70244, 52.2286], [5.70282, 52.22823], [5.70419, 52.22887], [5.70607, 52.22912], [5.70652, 52.22775], [5.7052, 52.22779], [5.70516, 52.22727], [5.7061, 52.22693], [5.70604, 52.22639], [5.70543, 52.22647], [5.70486, 52.22574], [5.70703, 52.2248], [5.70805, 52.22571], [5.70773, 52.22601], [5.70906, 52.22624], [5.7089, 52.22525], [5.71126, 52.22447], [5.71059, 52.22385], [5.70869, 52.22415], [5.71347, 52.2224], [5.71348, 52.22381], [5.71126, 52.22452], [5.7122, 52.22582], [5.71377, 52.22667], [5.7158, 52.22665], [5.71583, 52.22574], [5.72003, 52.22559], [5.72301, 52.22038], [5.72398, 52.21995], [5.72497, 52.22011], [5.72545, 52.21947], [5.72405, 52.219], [5.72439, 52.21855], [5.72751, 52.21952], [5.72866, 52.2205], [5.73008, 52.21958], [5.73292, 52.2197], [5.73297, 52.22075], [5.73085, 52.2212], [5.72846, 52.2213], [5.72734, 52.22106], [5.72399, 52.22359], [5.72449, 52.22352], [5.72444, 52.22442], [5.72551, 52.22442], [5.72567, 52.22321], [5.72808, 52.2234], [5.72799, 52.22446], [5.73064, 52.22448], [5.73076, 52.22144], [5.73385, 52.22087], [5.734, 52.21961], [5.73889, 52.21975], [5.73895, 52.21946], [5.73801, 52.21943], [5.73805, 52.21915], [5.73751, 52.21941], [5.73757, 52.21888], [5.73929, 52.21905], [5.73959, 52.21865], [5.73866, 52.21846], [5.73881, 52.2181], [5.7399, 52.21824], [5.7416, 52.21616], [5.74958, 52.21362], [5.75043, 52.21261], [5.75728, 52.21434], [5.75726, 52.21268], [5.75906, 52.20877], [5.76274, 52.20944], [5.76287, 52.21114], [5.76543, 52.21157], [5.76544, 52.21182], [5.76942, 52.21228], [5.77017, 52.21993], [5.77216, 52.21998], [5.77228, 52.21917], [5.78047, 52.219], [5.78695, 52.21686], [5.78894, 52.21647], [5.78895, 52.21733], [5.7894, 52.21733], [5.78952, 52.21686], [5.79193, 52.21702], [5.79253, 52.2166], [5.79355, 52.21665], [5.79428, 52.21631], [5.79309, 52.2156], [5.7957, 52.21505], [5.79593, 52.21745], [5.79493, 52.21741], [5.79454, 52.22176], [5.78545, 52.22142], [5.7852, 52.2219], [5.7844, 52.22188], [5.78427, 52.22352], [5.77839, 52.2229], [5.77681, 52.22527], [5.7714, 52.22537], [5.76996, 52.22624], [5.7695, 52.2276], [5.76977, 52.22887], [5.77354, 52.22965], [5.77437, 52.22843], [5.77707, 52.22849], [5.77804, 52.22657], [5.78268, 52.22656], [5.7816, 52.22917], [5.77649, 52.2292], [5.77647, 52.22984], [5.77487, 52.2299], [5.7747, 52.23036], [5.77462, 52.22995], [5.77366, 52.2299], [5.77331, 52.23042], [5.78155, 52.23057], [5.78009, 52.23304], [5.78186, 52.23326], [5.78204, 52.23296], [5.78431, 52.23337], [5.78541, 52.23566], [5.78114, 52.23518], [5.78123, 52.23454], [5.77942, 52.23423], [5.7789, 52.23519], [5.78268, 52.23564], [5.78182, 52.23677], [5.78401, 52.23705], [5.78305, 52.23868], [5.78676, 52.23916], [5.78614, 52.23993], [5.7881, 52.24051], [5.78888, 52.23969], [5.7919, 52.24078], [5.78973, 52.24302], [5.78468, 52.24471], [5.77609, 52.24292], [5.77373, 52.24369], [5.77346, 52.24609], [5.77273, 52.24728], [5.77342, 52.24747]], [[5.73838, 52.21108], [5.73825, 52.21137], [5.73712, 52.21127], [5.73749, 52.21056], [5.73838, 52.21108]], [[5.87935, 52.2229], [5.87607, 52.2227], [5.87447, 52.22229], [5.87457, 52.22196], [5.87537, 52.22199], [5.87548, 52.22146], [5.87094, 52.22136], [5.87076, 52.22214], [5.86736, 52.2233], [5.86672, 52.22327], [5.86685, 52.22281], [5.86531, 52.22255], [5.86492, 52.21838], [5.86429, 52.21825], [5.86442, 52.21791], [5.86366, 52.21756], [5.86489, 52.21579], [5.8661, 52.21499], [5.86681, 52.2152], [5.86711, 52.21497], [5.86678, 52.21451], [5.86915, 52.21493], [5.86951, 52.216], [5.8723, 52.21654], [5.87236, 52.217], [5.87692, 52.21702], [5.87693, 52.21738], [5.87824, 52.21745], [5.87816, 52.21885], [5.87926, 52.21938], [5.87865, 52.22], [5.88046, 52.22004], [5.88372, 52.22253], [5.88129, 52.22452], [5.8796, 52.22349], [5.8799, 52.22326], [5.87935, 52.2229]], [[5.70975, 52.21519], [5.71042, 52.21512], [5.71098, 52.21556], [5.70968, 52.21598], [5.70929, 52.21573], [5.70975, 52.21519]], [[5.72185, 52.21619], [5.72033, 52.2159], [5.71985, 52.21565], [5.72197, 52.21594], [5.72185, 52.21619]], [[5.7171, 52.21594], [5.71748, 52.21558], [5.71789, 52.21568], [5.71761, 52.21617], [5.7171, 52.21594]], [[5.66872, 52.21581], [5.66826, 52.21612], [5.6686, 52.21573], [5.66872, 52.21581]], [[5.74126, 52.21642], [5.74078, 52.21626], [5.74109, 52.21588], [5.74157, 52.21604], [5.74126, 52.21642]], [[5.67591, 52.2166], [5.67599, 52.21633], [5.67697, 52.21649], [5.67651, 52.21684], [5.67591, 52.2166]], [[5.66881, 52.21782], [5.66931, 52.21857], [5.66856, 52.21878], [5.66773, 52.2184], [5.6664, 52.21858], [5.66698, 52.21743], [5.66751, 52.21765], [5.66834, 52.21661], [5.66925, 52.21732], [5.66881, 52.21782]], [[5.71724, 52.21739], [5.71603, 52.21753], [5.71633, 52.21707], [5.71602, 52.21678], [5.71797, 52.21673], [5.71724, 52.21739]], [[5.7196, 52.21792], [5.71849, 52.21752], [5.71882, 52.21706], [5.72028, 52.21768], [5.7196, 52.21792]], [[5.6569, 52.2175], [5.65753, 52.21825], [5.6574, 52.21864], [5.6578, 52.21874], [5.65832, 52.21831], [5.65864, 52.21871], [5.65773, 52.21902], [5.65576, 52.21827], [5.65641, 52.21739], [5.6569, 52.2175]], [[5.68368, 52.21857], [5.68432, 52.21793], [5.68421, 52.21754], [5.68478, 52.21757], [5.68431, 52.21864], [5.68368, 52.21857]], [[5.68258, 52.21797], [5.68223, 52.21807], [5.68191, 52.2178], [5.68233, 52.21776], [5.68258, 52.21797]], [[5.71387, 52.2177], [5.71391, 52.21785], [5.71383, 52.21784], [5.71387, 52.2177]], [[5.65533, 52.21806], [5.65572, 52.21797], [5.65555, 52.21814], [5.65533, 52.21806]], [[5.6829, 52.21802], [5.68322, 52.21795], [5.68313, 52.21807], [5.6829, 52.21802]], [[5.68254, 52.21815], [5.68272, 52.21811], [5.68266, 52.21819], [5.68254, 52.21815]], [[5.73065, 52.21911], [5.73301, 52.21797], [5.73319, 52.21811], [5.73308, 52.2188], [5.73242, 52.21861], [5.73201, 52.21909], [5.73065, 52.21911]], [[5.69153, 52.21828], [5.69142, 52.21926], [5.69079, 52.21922], [5.6909, 52.21824], [5.69153, 52.21828]], [[5.71994, 52.21825], [5.71994, 52.21844], [5.71984, 52.21841], [5.71994, 52.21825]], [[5.68827, 52.2201], [5.68863, 52.21997], [5.68839, 52.22097], [5.68672, 52.22026], [5.68704, 52.21849], [5.68779, 52.21878], [5.68774, 52.21911], [5.68839, 52.21915], [5.68827, 52.2201]], [[5.71521, 52.21881], [5.71565, 52.21876], [5.71562, 52.21885], [5.71521, 52.21881]], [[5.71954, 52.21876], [5.71968, 52.21884], [5.71951, 52.21881], [5.71954, 52.21876]], [[5.73055, 52.21881], [5.7303, 52.21899], [5.73032, 52.2188], [5.73055, 52.21881]], [[5.71814, 52.21887], [5.71799, 52.21895], [5.71805, 52.21885], [5.71814, 52.21887]], [[5.6851, 52.21934], [5.68535, 52.219], [5.68613, 52.21929], [5.68589, 52.21957], [5.6851, 52.21934]], [[5.71513, 52.21966], [5.71475, 52.21993], [5.71446, 52.21961], [5.71483, 52.2196], [5.7149, 52.21904], [5.71513, 52.21966]], [[5.71318, 52.21963], [5.71311, 52.21924], [5.71315, 52.21924], [5.71318, 52.21963]], [[5.68338, 52.21978], [5.68414, 52.21932], [5.68477, 52.21958], [5.68424, 52.21991], [5.68338, 52.21978]], [[5.71831, 52.22086], [5.71944, 52.21926], [5.72372, 52.21925], [5.72179, 52.22182], [5.71831, 52.22086]], [[5.70464, 52.21967], [5.7046, 52.22035], [5.70509, 52.22039], [5.70476, 52.22066], [5.70455, 52.2204], [5.70368, 52.22062], [5.70263, 52.22046], [5.70194, 52.21984], [5.70301, 52.2195], [5.70464, 52.21967]], [[5.65416, 52.22081], [5.65392, 52.22027], [5.65441, 52.22018], [5.65457, 52.22053], [5.65416, 52.22081]], [[5.88025, 52.21996], [5.88036, 52.21992], [5.88034, 52.21997], [5.88025, 52.21996]], [[5.70792, 52.22091], [5.70733, 52.22088], [5.70731, 52.22056], [5.7079, 52.22058], [5.70792, 52.22091]], [[5.69027, 52.22069], [5.6901, 52.22078], [5.6901, 52.22068], [5.69027, 52.22069]], [[5.68799, 52.22129], [5.68765, 52.22113], [5.688, 52.22088], [5.68831, 52.22101], [5.68799, 52.22129]], [[5.65354, 52.22141], [5.65426, 52.22122], [5.65461, 52.22177], [5.65522, 52.22185], [5.65298, 52.22205], [5.65313, 52.22167], [5.65273, 52.22167], [5.65253, 52.22122], [5.65342, 52.22107], [5.65354, 52.22141]], [[5.6894, 52.22117], [5.68985, 52.22123], [5.68973, 52.22136], [5.6894, 52.22117]], [[5.62841, 52.22152], [5.62726, 52.22158], [5.62715, 52.22122], [5.62824, 52.22127], [5.62841, 52.22152]], [[5.69073, 52.22141], [5.69055, 52.22154], [5.69053, 52.22143], [5.69073, 52.22141]], [[5.69136, 52.222], [5.69089, 52.22181], [5.69099, 52.22148], [5.69149, 52.22186], [5.69136, 52.222]], [[5.69354, 52.22204], [5.69365, 52.22192], [5.6937, 52.22199], [5.69354, 52.22204]], [[5.68841, 52.22213], [5.68843, 52.22247], [5.68834, 52.22221], [5.68747, 52.22255], [5.68706, 52.22227], [5.68783, 52.22194], [5.68841, 52.22213]], [[5.6931, 52.22243], [5.69275, 52.22242], [5.69277, 52.22212], [5.69303, 52.22213], [5.6931, 52.22243]], [[5.72782, 52.22293], [5.72756, 52.22257], [5.72971, 52.22232], [5.7295, 52.22289], [5.72782, 52.22293]], [[5.62015, 52.22271], [5.62035, 52.22265], [5.62033, 52.22273], [5.62015, 52.22271]], [[5.70802, 52.22249], [5.70806, 52.22329], [5.70757, 52.22335], [5.70776, 52.22439], [5.70707, 52.22441], [5.70702, 52.22401], [5.70644, 52.22412], [5.70538, 52.22315], [5.70745, 52.22323], [5.70682, 52.22246], [5.70802, 52.22249]], [[5.68853, 52.22271], [5.6882, 52.22273], [5.68829, 52.22257], [5.68853, 52.22271]], [[5.77859, 52.22319], [5.77906, 52.22299], [5.7791, 52.22319], [5.77859, 52.22319]], [[5.7209, 52.22374], [5.72015, 52.22367], [5.72022, 52.22343], [5.72095, 52.22348], [5.7209, 52.22374]], [[5.77884, 52.22369], [5.77848, 52.22347], [5.77887, 52.22353], [5.77884, 52.22369]], [[5.77913, 52.22389], [5.7794, 52.22375], [5.77936, 52.2239], [5.77913, 52.22389]], [[5.77807, 52.22387], [5.77841, 52.22409], [5.778, 52.22405], [5.77807, 52.22387]], [[5.70633, 52.22417], [5.70626, 52.22488], [5.70574, 52.22441], [5.70633, 52.22417]], [[5.77938, 52.22398], [5.77908, 52.22407], [5.77913, 52.22396], [5.77938, 52.22398]], [[5.66568, 52.2246], [5.67581, 52.22665], [5.67359, 52.22751], [5.67391, 52.22784], [5.67632, 52.22697], [5.67667, 52.22739], [5.6701, 52.22971], [5.67057, 52.23024], [5.6725, 52.22988], [5.6727, 52.23041], [5.67322, 52.23039], [5.67334, 52.23104], [5.67108, 52.23095], [5.6684, 52.23193], [5.67096, 52.23435], [5.67353, 52.23368], [5.6748, 52.2367], [5.6713, 52.23637], [5.66938, 52.23662], [5.6674, 52.23601], [5.66821, 52.23539], [5.6679, 52.23525], [5.66527, 52.2356], [5.6649, 52.2343], [5.66444, 52.23567], [5.66173, 52.23627], [5.66149, 52.2373], [5.65835, 52.23748], [5.65843, 52.23792], [5.65774, 52.23798], [5.65714, 52.23765], [5.65661, 52.23779], [5.65738, 52.23639], [5.65922, 52.23628], [5.65954, 52.23591], [5.65946, 52.23547], [5.65502, 52.23534], [5.65546, 52.23364], [5.65349, 52.23319], [5.65474, 52.23093], [5.65658, 52.22947], [5.65628, 52.22934], [5.65877, 52.229], [5.66043, 52.22954], [5.66568, 52.2246]], [[5.70425, 52.22464], [5.70452, 52.22458], [5.70434, 52.22471], [5.70425, 52.22464]], [[5.70234, 52.22593], [5.70221, 52.22577], [5.70239, 52.22585], [5.70234, 52.22593]], [[5.69944, 52.22593], [5.69982, 52.22602], [5.6996, 52.22611], [5.69944, 52.22593]], [[5.6901, 52.2264], [5.6901, 52.22605], [5.69089, 52.22602], [5.69086, 52.22639], [5.6901, 52.2264]], [[5.77667, 52.22656], [5.77635, 52.22594], [5.77757, 52.22658], [5.77667, 52.22656]], [[5.70015, 52.2266], [5.70031, 52.22653], [5.7003, 52.22662], [5.70015, 52.2266]], [[5.70237, 52.22801], [5.70163, 52.22743], [5.70239, 52.22715], [5.70246, 52.22744], [5.70278, 52.22736], [5.70237, 52.22801]], [[5.69791, 52.22722], [5.69772, 52.22744], [5.69764, 52.22729], [5.69791, 52.22722]], [[5.64873, 52.22737], [5.6494, 52.22757], [5.64918, 52.22789], [5.64852, 52.22781], [5.64873, 52.22737]], [[5.69698, 52.22771], [5.69743, 52.22802], [5.69704, 52.22815], [5.69605, 52.22782], [5.69645, 52.22746], [5.69734, 52.22763], [5.69698, 52.22771]], [[5.70041, 52.22765], [5.7005, 52.2275], [5.70057, 52.22755], [5.70041, 52.22765]], [[5.70362, 52.22778], [5.70367, 52.22754], [5.70413, 52.2276], [5.70408, 52.22782], [5.70362, 52.22778]], [[5.64699, 52.22797], [5.64706, 52.22786], [5.64711, 52.22796], [5.64699, 52.22797]], [[5.69984, 52.22784], [5.70022, 52.22798], [5.69988, 52.22802], [5.69984, 52.22784]], [[5.70089, 52.22837], [5.70056, 52.22801], [5.70134, 52.22789], [5.70167, 52.2281], [5.70089, 52.22837]], [[5.67768, 52.22855], [5.67749, 52.22853], [5.6776, 52.22848], [5.67768, 52.22855]], [[5.69161, 52.22858], [5.69136, 52.22934], [5.69028, 52.22926], [5.69027, 52.22875], [5.69161, 52.22858]], [[5.69834, 52.22934], [5.6983, 52.22895], [5.69872, 52.22902], [5.69834, 52.22934]], [[5.67756, 52.2291], [5.67787, 52.22918], [5.6776, 52.22922], [5.67756, 52.2291]], [[5.69702, 52.22942], [5.69683, 52.22916], [5.69702, 52.22917], [5.69702, 52.22942]], [[5.67713, 52.22943], [5.67715, 52.22963], [5.67699, 52.22959], [5.67713, 52.22943]], [[5.6758, 52.22967], [5.67561, 52.22965], [5.67575, 52.22961], [5.6758, 52.22967]], [[5.67637, 52.22973], [5.67627, 52.2299], [5.67625, 52.22974], [5.67637, 52.22973]], [[5.67377, 52.22996], [5.67392, 52.22985], [5.67396, 52.22993], [5.67377, 52.22996]], [[5.6758, 52.22985], [5.67574, 52.22998], [5.6757, 52.22987], [5.6758, 52.22985]], [[5.67464, 52.22993], [5.67447, 52.23], [5.67449, 52.22992], [5.67464, 52.22993]], [[5.67421, 52.23008], [5.67411, 52.23023], [5.67408, 52.23009], [5.67421, 52.23008]], [[5.67358, 52.23031], [5.67348, 52.23022], [5.67358, 52.23021], [5.67358, 52.23031]], [[5.84544, 52.23063], [5.84614, 52.2299], [5.84638, 52.22993], [5.84614, 52.23086], [5.84544, 52.23063]], [[5.69577, 52.23139], [5.69588, 52.23132], [5.69587, 52.23139], [5.69577, 52.23139]], [[5.69762, 52.23159], [5.6979, 52.23146], [5.6978, 52.23164], [5.69762, 52.23159]], [[5.69641, 52.23154], [5.69623, 52.23143], [5.69634, 52.23141], [5.69641, 52.23154]], [[5.84561, 52.23134], [5.84649, 52.23119], [5.84591, 52.23163], [5.84561, 52.23134]], [[5.69656, 52.23205], [5.69644, 52.23201], [5.69652, 52.23199], [5.69656, 52.23205]], [[5.87671, 52.23265], [5.87673, 52.23219], [5.87715, 52.23223], [5.87716, 52.23265], [5.87671, 52.23265]], [[5.69185, 52.23323], [5.69277, 52.23331], [5.69256, 52.23361], [5.69179, 52.23373], [5.69185, 52.23323]], [[5.87598, 52.23302], [5.87859, 52.23292], [5.87872, 52.23349], [5.87776, 52.23353], [5.87598, 52.23302]], [[5.74258, 52.23403], [5.74207, 52.23398], [5.74213, 52.23374], [5.74266, 52.23377], [5.74258, 52.23403]], [[5.62727, 52.23461], [5.627, 52.2345], [5.62728, 52.23452], [5.62727, 52.23461]], [[5.77987, 52.23509], [5.78018, 52.23493], [5.78006, 52.2351], [5.77987, 52.23509]], [[5.74556, 52.23525], [5.74703, 52.23527], [5.74702, 52.23593], [5.74556, 52.23593], [5.74556, 52.23525]], [[5.64935, 52.23746], [5.6488, 52.23746], [5.64878, 52.23712], [5.6495, 52.23696], [5.64935, 52.23746]], [[5.64738, 52.23731], [5.64664, 52.23758], [5.6466, 52.23737], [5.64738, 52.23731]], [[5.73395, 52.23761], [5.73381, 52.23783], [5.73371, 52.23773], [5.73395, 52.23761]], [[5.63209, 52.23866], [5.63318, 52.23845], [5.63359, 52.23888], [5.63216, 52.23898], [5.63209, 52.23866]], [[5.69855, 52.23961], [5.69822, 52.23934], [5.69835, 52.23908], [5.6988, 52.23921], [5.69855, 52.23961]], [[5.73148, 52.23986], [5.73114, 52.24024], [5.73041, 52.24004], [5.73069, 52.23964], [5.73148, 52.23986]], [[5.63253, 52.24081], [5.63092, 52.24152], [5.63166, 52.24015], [5.63227, 52.24011], [5.63253, 52.24081]], [[5.64072, 52.24074], [5.64162, 52.24058], [5.64189, 52.241], [5.6413, 52.24118], [5.64072, 52.24074]], [[5.72363, 52.24091], [5.7233, 52.24099], [5.72336, 52.24087], [5.72363, 52.24091]], [[5.64119, 52.24168], [5.64068, 52.24138], [5.64101, 52.2413], [5.64119, 52.24168]], [[5.64206, 52.24143], [5.64313, 52.24157], [5.64269, 52.24203], [5.64324, 52.24237], [5.64271, 52.2425], [5.64202, 52.24168], [5.64206, 52.24143]], [[5.6439, 52.24177], [5.64368, 52.24167], [5.64381, 52.24164], [5.6439, 52.24177]], [[5.62974, 52.24317], [5.62781, 52.24314], [5.6287, 52.2419], [5.63032, 52.24229], [5.62974, 52.24317]], [[5.7178, 52.24259], [5.71738, 52.24249], [5.71745, 52.24219], [5.71786, 52.2422], [5.7178, 52.24259]], [[5.64511, 52.24273], [5.64568, 52.24275], [5.64549, 52.2429], [5.64511, 52.24273]], [[5.64001, 52.24451], [5.63948, 52.24451], [5.63983, 52.24436], [5.64001, 52.24451]], [[5.64048, 52.24554], [5.64012, 52.2457], [5.63927, 52.24501], [5.63974, 52.24464], [5.64048, 52.24554]], [[5.7541, 52.24456], [5.75396, 52.24497], [5.75349, 52.24482], [5.7541, 52.24456]], [[5.61624, 52.24707], [5.61787, 52.24795], [5.6161, 52.24833], [5.61564, 52.24888], [5.61521, 52.24884], [5.61555, 52.24761], [5.61612, 52.24749], [5.61624, 52.24707]], [[5.74913, 52.24761], [5.74946, 52.24731], [5.74955, 52.24768], [5.74993, 52.24712], [5.75046, 52.24717], [5.75044, 52.24795], [5.74913, 52.24761]], [[5.61899, 52.24935], [5.61712, 52.24971], [5.61638, 52.2488], [5.61823, 52.24799], [5.61899, 52.24935]], [[5.78394, 52.28253], [5.78399, 52.28281], [5.78179, 52.28336], [5.77922, 52.28242], [5.77863, 52.28336], [5.7776, 52.28392], [5.77608, 52.28369], [5.7714, 52.28196], [5.77179, 52.28286], [5.771, 52.2831], [5.76985, 52.28496], [5.76653, 52.28401], [5.766, 52.28481], [5.76183, 52.28261], [5.76107, 52.28388], [5.75543, 52.28808], [5.75179, 52.28749], [5.75145, 52.2879], [5.74975, 52.28763], [5.75358, 52.28467], [5.75535, 52.2849], [5.75851, 52.2828], [5.75885, 52.28236], [5.75681, 52.28222], [5.7595, 52.28008], [5.75987, 52.28017], [5.76089, 52.2781], [5.75918, 52.27822], [5.75867, 52.27901], [5.7595, 52.27974], [5.75924, 52.27986], [5.75631, 52.27725], [5.75436, 52.27632], [5.7535, 52.27482], [5.75171, 52.27357], [5.75387, 52.27147], [5.75484, 52.2719], [5.75608, 52.27091], [5.75793, 52.2717], [5.75967, 52.2718], [5.75997, 52.26995], [5.75967, 52.26861], [5.75681, 52.26967], [5.75551, 52.26963], [5.75138, 52.26704], [5.75219, 52.26572], [5.75151, 52.26556], [5.75139, 52.26518], [5.75991, 52.25097], [5.76423, 52.25072], [5.76602, 52.25174], [5.76489, 52.25193], [5.76231, 52.25337], [5.76189, 52.25264], [5.76102, 52.2529], [5.76054, 52.25361], [5.76067, 52.25437], [5.76504, 52.25466], [5.76586, 52.25371], [5.76612, 52.25171], [5.76652, 52.2516], [5.76481, 52.2507], [5.76527, 52.25044], [5.76828, 52.25051], [5.76856, 52.24999], [5.76896, 52.25011], [5.76935, 52.24968], [5.77666, 52.2524], [5.77721, 52.25231], [5.77622, 52.25213], [5.77606, 52.25098], [5.77476, 52.24973], [5.77446, 52.2486], [5.77489, 52.24774], [5.77532, 52.24767], [5.77811, 52.24866], [5.77913, 52.24777], [5.78121, 52.24819], [5.78095, 52.24858], [5.78329, 52.24897], [5.78272, 52.24999], [5.78117, 52.24974], [5.78029, 52.25156], [5.7846, 52.25336], [5.78409, 52.25427], [5.78437, 52.25464], [5.78697, 52.25491], [5.78794, 52.25475], [5.78841, 52.25504], [5.78863, 52.25606], [5.78903, 52.25527], [5.79004, 52.25483], [5.79476, 52.25625], [5.79573, 52.25717], [5.79531, 52.25786], [5.79477, 52.25761], [5.79389, 52.25855], [5.7926, 52.25864], [5.79431, 52.25931], [5.79326, 52.26113], [5.79115, 52.26077], [5.78998, 52.26221], [5.78931, 52.26201], [5.78865, 52.26278], [5.78805, 52.26261], [5.78501, 52.26648], [5.78461, 52.26579], [5.78161, 52.26564], [5.78162, 52.26649], [5.78242, 52.26653], [5.78226, 52.26734], [5.78516, 52.26749], [5.78557, 52.27038], [5.7748, 52.27056], [5.77423, 52.27474], [5.77295, 52.27733], [5.77877, 52.27999], [5.77828, 52.28049], [5.77968, 52.28106], [5.77997, 52.28076], [5.7806, 52.28098], [5.78053, 52.28148], [5.78139, 52.28168], [5.78328, 52.28132], [5.78324, 52.28083], [5.78603, 52.28062], [5.78629, 52.28173], [5.78657, 52.28123], [5.78659, 52.28288], [5.78567, 52.28296], [5.78557, 52.28247], [5.78394, 52.28253]], [[5.74798, 52.24921], [5.74881, 52.24781], [5.75298, 52.24857], [5.75134, 52.2579], [5.74795, 52.25786], [5.74529, 52.2651], [5.74243, 52.2647], [5.74212, 52.26516], [5.73908, 52.26473], [5.742, 52.26182], [5.74153, 52.26175], [5.74205, 52.26176], [5.74473, 52.25887], [5.74535, 52.25741], [5.74486, 52.25723], [5.74541, 52.25733], [5.74564, 52.25682], [5.74798, 52.24921]], [[5.77427, 52.24896], [5.77437, 52.24872], [5.77444, 52.24893], [5.77427, 52.24896]], [[5.62022, 52.24932], [5.61987, 52.24983], [5.61943, 52.24947], [5.62022, 52.24932]], [[5.6217, 52.2502], [5.62115, 52.25], [5.62183, 52.24964], [5.62212, 52.24986], [5.6217, 52.2502]], [[5.62692, 52.25039], [5.62651, 52.25053], [5.62625, 52.25038], [5.62663, 52.2502], [5.62692, 52.25039]], [[5.75715, 52.25083], [5.75661, 52.25126], [5.75585, 52.25115], [5.75616, 52.25039], [5.75715, 52.25083]], [[5.62725, 52.25118], [5.62786, 52.25143], [5.62687, 52.25185], [5.62649, 52.25149], [5.62725, 52.25118]], [[5.62633, 52.25155], [5.62664, 52.25193], [5.62587, 52.25223], [5.62562, 52.25184], [5.62633, 52.25155]], [[5.63069, 52.25211], [5.63082, 52.25262], [5.63001, 52.25256], [5.62996, 52.25227], [5.63069, 52.25211]], [[5.62662, 52.25231], [5.62628, 52.25274], [5.62637, 52.25209], [5.62662, 52.25231]], [[5.71257, 52.25257], [5.71193, 52.25353], [5.71106, 52.25331], [5.71175, 52.25254], [5.71257, 52.25257]], [[5.78581, 52.25311], [5.78545, 52.25309], [5.78555, 52.25255], [5.78591, 52.25258], [5.78581, 52.25311]], [[5.62861, 52.25351], [5.62853, 52.25371], [5.6281, 52.25372], [5.6281, 52.25357], [5.62861, 52.25351]], [[5.75283, 52.25404], [5.75287, 52.25338], [5.75513, 52.25334], [5.75504, 52.2543], [5.75283, 52.25404]], [[5.71202, 52.25459], [5.71193, 52.25513], [5.7133, 52.2548], [5.71302, 52.25587], [5.71401, 52.25608], [5.71287, 52.25804], [5.71841, 52.26842], [5.71907, 52.27201], [5.7252, 52.27411], [5.72691, 52.27429], [5.72799, 52.27506], [5.72975, 52.27566], [5.72242, 52.28358], [5.71109, 52.28267], [5.70986, 52.28071], [5.71121, 52.28051], [5.71118, 52.28023], [5.71066, 52.28021], [5.71055, 52.2795], [5.70977, 52.27935], [5.71018, 52.27897], [5.70835, 52.27866], [5.70801, 52.27893], [5.7063, 52.27888], [5.70332, 52.27833], [5.70053, 52.27835], [5.69643, 52.27711], [5.69712, 52.27624], [5.6992, 52.27485], [5.70057, 52.27246], [5.69963, 52.27236], [5.69944, 52.27079], [5.69825, 52.27014], [5.69832, 52.26973], [5.69616, 52.26887], [5.69624, 52.26834], [5.69791, 52.26863], [5.699, 52.26804], [5.69943, 52.26731], [5.69919, 52.267], [5.69964, 52.26679], [5.69945, 52.26532], [5.70112, 52.26525], [5.70221, 52.26336], [5.70314, 52.26345], [5.70283, 52.26389], [5.70468, 52.26427], [5.70532, 52.26433], [5.70614, 52.2639], [5.70831, 52.26059], [5.7105, 52.25454], [5.71134, 52.25455], [5.71176, 52.25384], [5.71191, 52.25448], [5.71154, 52.25456], [5.71202, 52.25459]], [[5.62043, 52.25444], [5.62115, 52.25423], [5.62115, 52.25448], [5.62043, 52.25444]], [[5.79425, 52.25522], [5.79396, 52.25423], [5.79432, 52.2542], [5.79484, 52.25544], [5.7945, 52.25557], [5.79388, 52.25524], [5.79425, 52.25522]], [[5.79446, 52.25561], [5.79397, 52.25593], [5.79357, 52.2557], [5.79396, 52.25547], [5.79446, 52.25561]], [[5.67828, 52.26244], [5.67669, 52.26227], [5.67738, 52.26153], [5.67829, 52.26156], [5.67828, 52.26244]], [[5.67811, 52.26368], [5.67871, 52.26375], [5.67864, 52.26399], [5.67803, 52.26392], [5.67811, 52.26368]], [[5.79775, 52.26387], [5.79807, 52.26332], [5.79921, 52.26364], [5.79891, 52.26398], [5.79775, 52.26387]], [[5.67755, 52.26385], [5.6778, 52.26374], [5.67776, 52.26387], [5.67755, 52.26385]], [[5.67817, 52.26437], [5.67814, 52.26469], [5.67768, 52.26469], [5.67774, 52.26429], [5.67817, 52.26437]], [[5.67971, 52.26438], [5.6793, 52.2644], [5.67932, 52.26433], [5.67971, 52.26438]], [[5.67712, 52.26475], [5.67713, 52.2655], [5.67657, 52.26552], [5.67656, 52.26478], [5.67712, 52.26475]], [[5.67862, 52.26557], [5.67809, 52.26533], [5.67863, 52.26541], [5.67862, 52.26557]], [[5.67729, 52.26654], [5.6768, 52.26612], [5.67741, 52.26607], [5.67729, 52.26654]], [[5.6775, 52.26615], [5.67848, 52.26722], [5.67757, 52.26727], [5.6775, 52.26615]], [[5.83404, 52.26635], [5.83335, 52.26646], [5.83312, 52.26609], [5.83391, 52.26585], [5.83404, 52.26635]], [[5.74119, 52.26776], [5.74109, 52.26803], [5.74011, 52.26755], [5.74073, 52.2667], [5.74219, 52.26691], [5.74181, 52.26785], [5.74119, 52.26776]], [[5.75067, 52.26686], [5.75062, 52.26675], [5.75072, 52.26678], [5.75067, 52.26686]], [[5.6776, 52.26762], [5.67714, 52.26744], [5.67733, 52.26723], [5.67772, 52.26738], [5.6776, 52.26762]], [[5.74725, 52.26806], [5.74752, 52.26857], [5.74686, 52.2685], [5.74725, 52.26806]], [[5.74203, 52.26876], [5.74234, 52.26915], [5.74194, 52.2688], [5.74203, 52.26876]], [[5.7425, 52.26927], [5.74379, 52.26912], [5.74326, 52.27055], [5.7427, 52.26958], [5.7425, 52.26927]], [[5.74213, 52.27007], [5.74136, 52.27023], [5.74129, 52.26982], [5.74203, 52.26967], [5.74213, 52.27007]], [[5.64074, 52.27], [5.64098, 52.27009], [5.64078, 52.27012], [5.64074, 52.27]], [[5.75013, 52.27027], [5.74949, 52.27048], [5.74929, 52.27024], [5.74974, 52.26991], [5.75013, 52.27027]], [[5.64099, 52.2711], [5.64042, 52.27084], [5.64096, 52.27051], [5.64126, 52.27072], [5.64099, 52.2711]], [[5.63987, 52.27051], [5.64061, 52.27111], [5.64015, 52.27131], [5.63958, 52.2708], [5.63987, 52.27051]], [[5.63738, 52.27106], [5.63758, 52.27135], [5.63718, 52.27126], [5.63738, 52.27106]], [[5.74214, 52.27115], [5.74217, 52.27083], [5.74275, 52.27087], [5.74273, 52.27116], [5.74214, 52.27115]], [[5.6376, 52.27156], [5.63801, 52.2713], [5.63866, 52.27145], [5.6376, 52.27156]], [[5.63732, 52.27139], [5.63777, 52.27202], [5.63734, 52.27235], [5.63722, 52.2717], [5.6368, 52.27173], [5.63629, 52.27149], [5.63732, 52.27139]], [[5.63821, 52.27174], [5.63801, 52.2717], [5.63817, 52.27167], [5.63821, 52.27174]], [[5.63645, 52.27192], [5.63664, 52.27186], [5.63656, 52.27195], [5.63645, 52.27192]], [[5.63263, 52.27219], [5.63261, 52.27206], [5.63284, 52.27233], [5.63263, 52.27219]], [[5.71937, 52.2719], [5.71952, 52.27203], [5.71933, 52.27196], [5.71937, 52.2719]], [[5.69918, 52.27221], [5.69907, 52.27239], [5.69899, 52.27243], [5.69881, 52.27228], [5.69918, 52.27221]], [[5.63327, 52.27263], [5.63349, 52.27282], [5.63293, 52.27306], [5.63264, 52.27288], [5.63327, 52.27263]], [[5.63144, 52.27328], [5.63102, 52.27341], [5.63068, 52.27311], [5.63144, 52.27285], [5.63144, 52.27328]], [[5.74602, 52.27329], [5.7454, 52.27318], [5.74549, 52.27266], [5.74625, 52.2726], [5.74602, 52.27329]], [[5.63021, 52.27294], [5.6304, 52.27299], [5.63022, 52.273], [5.63021, 52.27294]], [[5.6297, 52.27299], [5.63008, 52.2739], [5.62968, 52.27394], [5.6297, 52.27299]], [[5.62598, 52.27359], [5.62552, 52.27411], [5.62507, 52.27323], [5.62598, 52.27359]], [[5.62748, 52.27402], [5.6272, 52.27367], [5.62767, 52.27354], [5.62825, 52.27395], [5.62748, 52.27402]], [[5.61824, 52.27424], [5.61732, 52.27453], [5.6171, 52.27403], [5.61793, 52.27387], [5.61824, 52.27424]], [[5.69723, 52.27383], [5.69723, 52.27369], [5.69739, 52.27375], [5.69723, 52.27383]], [[5.69756, 52.27383], [5.69771, 52.27391], [5.69754, 52.2739], [5.69756, 52.27383]], [[5.62536, 52.27483], [5.6248, 52.27445], [5.6252, 52.27432], [5.62536, 52.27483]], [[5.62217, 52.27491], [5.6209, 52.27553], [5.62058, 52.27522], [5.62177, 52.275], [5.62206, 52.27453], [5.62217, 52.27491]], [[5.61467, 52.27481], [5.61498, 52.27473], [5.61492, 52.27494], [5.61467, 52.27481]], [[5.62306, 52.27463], [5.62286, 52.27471], [5.62286, 52.27461], [5.62306, 52.27463]], [[5.61935, 52.27493], [5.61988, 52.27492], [5.62018, 52.27513], [5.61916, 52.2753], [5.61935, 52.27493]], [[5.62504, 52.27504], [5.6256, 52.27511], [5.62541, 52.27545], [5.62483, 52.27551], [5.62504, 52.27504]], [[5.62428, 52.2757], [5.62449, 52.27599], [5.62392, 52.27608], [5.62377, 52.27585], [5.62428, 52.2757]], [[5.62981, 52.27607], [5.62947, 52.27674], [5.6289, 52.27683], [5.62949, 52.27612], [5.62981, 52.27607]], [[5.63191, 52.27609], [5.63195, 52.27631], [5.63171, 52.27628], [5.63191, 52.27609]], [[5.63038, 52.27627], [5.63061, 52.27628], [5.63041, 52.27631], [5.63038, 52.27627]], [[5.61487, 52.2766], [5.61326, 52.27685], [5.61312, 52.27667], [5.61487, 52.2766]], [[5.62846, 52.27673], [5.628, 52.27649], [5.62834, 52.27645], [5.62846, 52.27673]], [[5.63045, 52.27658], [5.6303, 52.27655], [5.63042, 52.27653], [5.63045, 52.27658]], [[5.7408, 52.27728], [5.7398, 52.27677], [5.74064, 52.2764], [5.7408, 52.27728]], [[5.61298, 52.27685], [5.61337, 52.27747], [5.61244, 52.27763], [5.61298, 52.27685]], [[5.62322, 52.27694], [5.62357, 52.27688], [5.62395, 52.27711], [5.62368, 52.27728], [5.62322, 52.27694]], [[5.62975, 52.27726], [5.62935, 52.2769], [5.63003, 52.27702], [5.62975, 52.27726]], [[5.62756, 52.27762], [5.62714, 52.27732], [5.62875, 52.27706], [5.62833, 52.27737], [5.6286, 52.27753], [5.62756, 52.27762]], [[5.61484, 52.27735], [5.614, 52.27722], [5.61474, 52.27709], [5.61484, 52.27735]], [[5.6251, 52.27743], [5.62462, 52.27775], [5.62451, 52.27767], [5.6251, 52.27743]], [[5.62675, 52.27764], [5.62713, 52.2777], [5.62688, 52.27778], [5.62675, 52.27764]], [[5.81004, 52.27703], [5.80974, 52.27735], [5.81039, 52.2786], [5.80424, 52.27971], [5.80616, 52.27773], [5.81004, 52.27703]], [[5.61482, 52.27821], [5.61523, 52.27777], [5.61543, 52.27797], [5.61482, 52.27821]], [[5.61267, 52.27794], [5.61275, 52.27783], [5.61276, 52.27793], [5.61267, 52.27794]], [[5.62515, 52.2781], [5.62591, 52.27791], [5.62529, 52.27826], [5.62515, 52.2781]], [[5.74396, 52.27791], [5.74497, 52.27767], [5.74522, 52.27795], [5.74414, 52.27828], [5.74396, 52.27791]], [[5.66854, 52.27811], [5.66956, 52.27803], [5.67004, 52.27828], [5.66945, 52.27856], [5.66939, 52.27908], [5.66854, 52.27811]], [[5.62056, 52.27834], [5.62069, 52.27857], [5.62008, 52.27864], [5.61949, 52.27827], [5.62056, 52.27834]], [[5.63102, 52.27823], [5.6312, 52.27837], [5.63103, 52.2783], [5.63102, 52.27823]], [[5.70966, 52.27919], [5.70939, 52.27918], [5.70963, 52.27914], [5.70966, 52.27919]], [[5.73184, 52.27978], [5.73209, 52.27937], [5.73293, 52.27959], [5.73266, 52.28009], [5.73184, 52.27978]], [[5.72875, 52.27989], [5.72891, 52.28014], [5.72811, 52.28026], [5.72772, 52.27995], [5.72875, 52.27989]], [[5.65017, 52.28618], [5.64753, 52.28786], [5.64703, 52.28751], [5.64153, 52.29098], [5.63968, 52.2905], [5.64052, 52.28999], [5.6388, 52.28952], [5.64457, 52.28583], [5.64419, 52.2856], [5.64649, 52.28414], [5.64604, 52.2839], [5.64998, 52.28205], [5.65154, 52.28256], [5.65478, 52.28021], [5.65638, 52.28135], [5.64961, 52.28579], [5.65017, 52.28618]], [[5.73406, 52.28091], [5.73354, 52.28091], [5.73348, 52.28039], [5.73417, 52.28059], [5.73406, 52.28091]], [[5.60179, 52.28119], [5.60152, 52.28116], [5.6017, 52.2811], [5.60179, 52.28119]], [[5.6033, 52.2813], [5.60313, 52.28134], [5.60316, 52.28128], [5.6033, 52.2813]], [[5.74452, 52.28165], [5.74472, 52.2817], [5.7446, 52.28173], [5.74452, 52.28165]], [[5.74546, 52.28199], [5.74468, 52.28226], [5.74443, 52.282], [5.74514, 52.28167], [5.74546, 52.28199]], [[5.74396, 52.28204], [5.74409, 52.28207], [5.74402, 52.2821], [5.74396, 52.28204]], [[5.74303, 52.2823], [5.74311, 52.28243], [5.74295, 52.28238], [5.74303, 52.2823]], [[5.74801, 52.3062], [5.7434, 52.30591], [5.74289, 52.30614], [5.74223, 52.306], [5.74213, 52.30564], [5.74048, 52.30544], [5.73333, 52.30536], [5.73436, 52.29773], [5.73404, 52.2977], [5.73391, 52.2985], [5.7334, 52.29857], [5.73346, 52.29954], [5.73291, 52.29985], [5.73258, 52.30094], [5.73113, 52.30103], [5.72983, 52.30349], [5.73051, 52.30355], [5.72972, 52.30484], [5.7262, 52.30381], [5.72653, 52.30235], [5.72742, 52.30243], [5.72795, 52.30134], [5.72724, 52.2981], [5.72365, 52.29738], [5.72348, 52.2966], [5.72473, 52.29544], [5.72562, 52.29574], [5.72738, 52.29346], [5.72771, 52.29374], [5.73208, 52.29294], [5.73142, 52.29378], [5.73475, 52.29348], [5.73512, 52.29416], [5.73572, 52.29301], [5.73562, 52.29185], [5.7365, 52.29161], [5.73626, 52.29215], [5.74073, 52.29231], [5.7488, 52.29193], [5.7473, 52.29404], [5.74696, 52.29853], [5.74856, 52.29971], [5.75005, 52.30019], [5.75457, 52.2985], [5.75605, 52.29693], [5.76417, 52.29497], [5.76375, 52.29449], [5.76513, 52.29372], [5.76406, 52.2919], [5.76928, 52.29179], [5.76929, 52.29139], [5.77153, 52.29178], [5.77603, 52.29172], [5.77615, 52.29125], [5.77634, 52.29169], [5.77752, 52.29161], [5.77567, 52.28992], [5.77698, 52.2894], [5.77473, 52.28783], [5.77517, 52.28624], [5.77686, 52.28385], [5.78128, 52.28517], [5.782, 52.28665], [5.78367, 52.28789], [5.78427, 52.28705], [5.78774, 52.28798], [5.78658, 52.28688], [5.78747, 52.28671], [5.78727, 52.28557], [5.78563, 52.28609], [5.78501, 52.28574], [5.78416, 52.28606], [5.78219, 52.28616], [5.78109, 52.28422], [5.78203, 52.2841], [5.7823, 52.28374], [5.78378, 52.28456], [5.7937, 52.28291], [5.79562, 52.28478], [5.79584, 52.28651], [5.79489, 52.28797], [5.79628, 52.28811], [5.79644, 52.28788], [5.79758, 52.28814], [5.79765, 52.289], [5.79803, 52.28913], [5.80045, 52.28876], [5.80094, 52.28913], [5.80104, 52.28987], [5.79989, 52.28998], [5.79995, 52.29017], [5.80194, 52.29132], [5.80021, 52.29133], [5.80039, 52.29264], [5.80202, 52.2926], [5.80236, 52.29434], [5.80122, 52.2944], [5.80121, 52.29484], [5.80208, 52.29485], [5.80209, 52.29505], [5.80056, 52.29508], [5.8006, 52.29576], [5.80142, 52.29576], [5.8016, 52.29771], [5.80068, 52.29966], [5.79999, 52.30012], [5.7973, 52.30064], [5.79122, 52.30053], [5.79075, 52.30175], [5.79029, 52.30181], [5.79011, 52.30282], [5.78566, 52.30271], [5.78564, 52.30127], [5.78253, 52.30152], [5.77997, 52.30107], [5.77854, 52.30117], [5.77779, 52.30056], [5.77687, 52.30096], [5.77621, 52.30021], [5.77465, 52.30038], [5.77376, 52.29885], [5.76897, 52.30046], [5.7655, 52.30096], [5.76676, 52.30367], [5.76303, 52.3042], [5.76364, 52.30548], [5.75691, 52.3062], [5.7488, 52.30796], [5.75016, 52.30837], [5.74969, 52.30881], [5.74882, 52.30875], [5.74801, 52.3062]], [[5.733, 52.28326], [5.73294, 52.28323], [5.733, 52.28323], [5.733, 52.28326]], [[5.73328, 52.28362], [5.73438, 52.28367], [5.73432, 52.28414], [5.73332, 52.28402], [5.73328, 52.28362]], [[5.73708, 52.28412], [5.73694, 52.28476], [5.73753, 52.28476], [5.7374, 52.28513], [5.73661, 52.28502], [5.73671, 52.28455], [5.73577, 52.28422], [5.73545, 52.28365], [5.73643, 52.28408], [5.73694, 52.28367], [5.73656, 52.28438], [5.73708, 52.28412]], [[5.74286, 52.28416], [5.74336, 52.2837], [5.74377, 52.28423], [5.74308, 52.28446], [5.74286, 52.28416]], [[5.73311, 52.28449], [5.73265, 52.2842], [5.73312, 52.28414], [5.73311, 52.28449]], [[5.7287, 52.28571], [5.72987, 52.28444], [5.73048, 52.28468], [5.73064, 52.28431], [5.73146, 52.28438], [5.73104, 52.28482], [5.73168, 52.28528], [5.73098, 52.28606], [5.73047, 52.28624], [5.72935, 52.28597], [5.7287, 52.28571]], [[5.74045, 52.28529], [5.7388, 52.28501], [5.73898, 52.28457], [5.73938, 52.28461], [5.7395, 52.28428], [5.73985, 52.28474], [5.74012, 52.28442], [5.74089, 52.28454], [5.74045, 52.28529]], [[5.7421, 52.2845], [5.74197, 52.28456], [5.74202, 52.28448], [5.7421, 52.2845]], [[5.73258, 52.28479], [5.73305, 52.28458], [5.73287, 52.28482], [5.73258, 52.28479]], [[5.73156, 52.28467], [5.73169, 52.28458], [5.73169, 52.28467], [5.73156, 52.28467]], [[5.79672, 52.28495], [5.79725, 52.28479], [5.7976, 52.28516], [5.79733, 52.28527], [5.79672, 52.28495]], [[5.73991, 52.28589], [5.73842, 52.28532], [5.74012, 52.28552], [5.73991, 52.28589]], [[5.65502, 52.28919], [5.65446, 52.28824], [5.65752, 52.28648], [5.66059, 52.28568], [5.66207, 52.287], [5.66426, 52.28712], [5.66448, 52.28896], [5.66266, 52.29203], [5.65489, 52.28964], [5.65462, 52.28936], [5.65502, 52.28919]], [[5.74221, 52.28716], [5.7412, 52.28708], [5.74161, 52.28679], [5.74221, 52.28716]], [[5.74009, 52.28715], [5.7401, 52.28683], [5.74108, 52.2873], [5.74084, 52.28748], [5.74009, 52.28715]], [[5.7488, 52.28693], [5.74857, 52.28696], [5.74861, 52.2869], [5.7488, 52.28693]], [[5.79602, 52.28729], [5.79635, 52.28715], [5.79671, 52.28748], [5.79627, 52.28766], [5.79602, 52.28729]], [[5.73931, 52.28769], [5.73932, 52.28831], [5.73812, 52.28812], [5.73842, 52.28742], [5.73931, 52.28769]], [[5.65103, 52.28978], [5.64917, 52.2888], [5.65089, 52.28769], [5.65345, 52.28919], [5.65103, 52.28978]], [[5.79819, 52.28755], [5.79802, 52.28763], [5.798, 52.28756], [5.79819, 52.28755]], [[5.74527, 52.28856], [5.7448, 52.28822], [5.74525, 52.2878], [5.7459, 52.28811], [5.74527, 52.28856]], [[5.74252, 52.28808], [5.74211, 52.28817], [5.74228, 52.288], [5.74252, 52.28808]], [[5.73745, 52.28834], [5.73772, 52.28814], [5.7374, 52.28845], [5.73692, 52.28846], [5.73668, 52.28807], [5.73745, 52.28834]], [[5.75345, 52.28935], [5.75254, 52.29066], [5.75013, 52.29019], [5.75106, 52.28887], [5.75345, 52.28935]], [[5.6283, 52.28935], [5.62852, 52.28958], [5.62752, 52.28988], [5.62734, 52.28955], [5.6283, 52.28935]], [[5.72176, 52.29077], [5.72123, 52.29052], [5.7215, 52.29], [5.72247, 52.28992], [5.72329, 52.29075], [5.72263, 52.29092], [5.72233, 52.29055], [5.72176, 52.29077]], [[5.72566, 52.29018], [5.72589, 52.29067], [5.72477, 52.2911], [5.725, 52.2904], [5.72566, 52.29018]], [[5.64879, 52.29124], [5.65414, 52.2907], [5.65476, 52.29267], [5.64801, 52.29343], [5.6479, 52.29201], [5.64916, 52.29173], [5.64879, 52.29124]], [[5.72631, 52.29132], [5.72686, 52.29109], [5.72713, 52.29126], [5.72678, 52.29167], [5.72631, 52.29132]], [[5.6649, 52.29304], [5.6659, 52.299], [5.66288, 52.3], [5.66179, 52.30253], [5.66197, 52.30302], [5.66675, 52.30309], [5.66695, 52.30445], [5.66217, 52.30419], [5.64933, 52.30246], [5.64978, 52.30091], [5.65304, 52.30134], [5.65342, 52.29958], [5.65051, 52.29961], [5.65046, 52.29871], [5.65456, 52.29518], [5.661, 52.2947], [5.66066, 52.29168], [5.6649, 52.29304]], [[5.72145, 52.29154], [5.722, 52.29207], [5.7213, 52.29204], [5.72145, 52.29154]], [[5.8006, 52.29223], [5.80072, 52.2923], [5.80052, 52.29228], [5.8006, 52.29223]], [[5.7213, 52.29322], [5.72174, 52.2928], [5.72349, 52.29327], [5.72272, 52.2939], [5.7213, 52.29322]], [[5.72075, 52.29387], [5.71984, 52.29389], [5.71965, 52.29333], [5.72096, 52.29353], [5.72075, 52.29387]], [[5.72153, 52.29458], [5.72062, 52.2942], [5.72096, 52.29369], [5.72296, 52.29459], [5.72153, 52.29458]], [[5.71916, 52.29425], [5.72026, 52.29456], [5.72007, 52.29486], [5.7193, 52.29457], [5.71868, 52.29471], [5.71839, 52.29447], [5.71916, 52.29425]], [[5.69882, 52.29588], [5.69877, 52.2961], [5.69857, 52.29579], [5.69882, 52.29588]], [[5.71957, 52.29873], [5.71976, 52.2981], [5.72005, 52.29805], [5.72003, 52.29863], [5.71957, 52.29873]], [[5.74718, 52.29803], [5.74744, 52.29796], [5.74744, 52.29803], [5.74718, 52.29803]], [[5.68027, 52.29871], [5.68032, 52.29838], [5.68108, 52.29828], [5.68128, 52.29874], [5.68027, 52.29871]], [[5.72015, 52.29818], [5.72026, 52.2984], [5.72029, 52.29864], [5.72007, 52.29846], [5.72015, 52.29818]], [[5.72466, 52.29856], [5.72468, 52.29881], [5.72388, 52.29885], [5.72402, 52.29864], [5.72466, 52.29856]], [[5.706, 52.30013], [5.70514, 52.3003], [5.7048, 52.29987], [5.70517, 52.29955], [5.70461, 52.29917], [5.70518, 52.29875], [5.706, 52.30013]], [[5.70329, 52.29959], [5.70291, 52.2999], [5.70297, 52.29957], [5.70329, 52.29959]], [[5.71993, 52.29994], [5.7207, 52.29982], [5.7207, 52.30008], [5.72108, 52.29977], [5.72069, 52.30035], [5.72012, 52.30034], [5.71993, 52.29994]], [[5.72139, 52.29998], [5.72223, 52.29997], [5.72226, 52.3005], [5.72144, 52.30024], [5.72139, 52.29998]], [[5.77312, 52.29981], [5.77333, 52.30152], [5.77201, 52.30152], [5.77173, 52.30134], [5.77312, 52.29981]], [[5.71917, 52.3003], [5.72058, 52.30074], [5.71955, 52.30099], [5.71917, 52.3003]], [[5.71879, 52.30113], [5.71945, 52.30127], [5.71998, 52.30099], [5.72062, 52.30129], [5.72011, 52.30152], [5.72055, 52.30155], [5.72035, 52.30185], [5.71937, 52.30192], [5.71938, 52.30166], [5.71872, 52.30153], [5.71879, 52.30113]], [[5.69012, 52.30147], [5.69032, 52.30155], [5.69017, 52.30158], [5.69012, 52.30147]], [[5.68449, 52.30175], [5.685, 52.30177], [5.68456, 52.30187], [5.68449, 52.30175]], [[5.71384, 52.30207], [5.71506, 52.30209], [5.71515, 52.30231], [5.71425, 52.30246], [5.71384, 52.30207]], [[5.7158, 52.30217], [5.71655, 52.30298], [5.71536, 52.30324], [5.71526, 52.30236], [5.7158, 52.30217]], [[5.71361, 52.303], [5.71304, 52.3031], [5.71234, 52.30312], [5.71289, 52.30255], [5.71365, 52.3026], [5.71361, 52.303]], [[5.71509, 52.30303], [5.71457, 52.30262], [5.71515, 52.30264], [5.71509, 52.30303]], [[5.69101, 52.30304], [5.69119, 52.30417], [5.69111, 52.30421], [5.69051, 52.30305], [5.69101, 52.30304]], [[5.69028, 52.30329], [5.69054, 52.30338], [5.69034, 52.30342], [5.69028, 52.30329]], [[5.71869, 52.30359], [5.71878, 52.30322], [5.71909, 52.30342], [5.71869, 52.30359]], [[5.71339, 52.30657], [5.7126, 52.30655], [5.71121, 52.30748], [5.71098, 52.30695], [5.70985, 52.30717], [5.71042, 52.30669], [5.71196, 52.30679], [5.71267, 52.30621], [5.71414, 52.306], [5.71368, 52.30685], [5.71326, 52.30681], [5.71339, 52.30657]], [[5.75248, 52.30963], [5.75209, 52.30934], [5.75282, 52.30919], [5.75248, 52.30963]], [[5.87972, 52.30931], [5.8799, 52.30897], [5.87991, 52.30932], [5.87972, 52.30931]], [[5.75374, 52.30953], [5.75333, 52.30966], [5.75348, 52.30946], [5.75374, 52.30953]], [[5.62923, 52.3099], [5.63066, 52.31016], [5.63034, 52.31084], [5.62891, 52.31059], [5.62923, 52.3099]], [[5.75378, 52.30983], [5.7542, 52.3097], [5.75405, 52.30991], [5.75378, 52.30983]], [[5.75281, 52.30992], [5.75323, 52.30979], [5.75305, 52.30999], [5.75281, 52.30992]], [[5.75458, 52.31], [5.75447, 52.30973], [5.75473, 52.3098], [5.75458, 52.31]], [[5.87958, 52.31001], [5.87947, 52.30943], [5.88044, 52.30937], [5.88031, 52.30999], [5.87958, 52.31001]], [[5.75505, 52.31014], [5.75547, 52.31002], [5.75532, 52.31022], [5.75505, 52.31014]], [[5.8819, 52.3096], [5.88239, 52.30978], [5.88201, 52.3101], [5.8813, 52.31006], [5.8819, 52.3096]], [[5.75595, 52.31014], [5.75553, 52.31027], [5.75568, 52.31007], [5.75595, 52.31014]], [[5.75124, 52.31142], [5.74988, 52.31141], [5.74989, 52.31092], [5.7514, 52.31072], [5.7528, 52.31009], [5.7529, 52.31039], [5.75332, 52.31026], [5.7529, 52.31039], [5.75322, 52.31137], [5.75192, 52.31186], [5.75124, 52.31142]], [[5.75473, 52.31014], [5.75484, 52.31044], [5.75457, 52.31036], [5.75473, 52.31014]], [[5.7537, 52.31016], [5.75382, 52.31043], [5.75356, 52.31036], [5.7537, 52.31016]], [[5.756, 52.31057], [5.75641, 52.31045], [5.75626, 52.31065], [5.756, 52.31057]], [[5.67245, 52.3115], [5.67231, 52.31116], [5.67272, 52.31125], [5.67298, 52.31071], [5.67417, 52.31115], [5.67351, 52.31189], [5.67245, 52.3115]], [[5.75638, 52.31066], [5.75649, 52.31093], [5.75622, 52.31086], [5.75638, 52.31066]], [[5.75444, 52.31071], [5.75408, 52.3109], [5.75406, 52.31072], [5.75444, 52.31071]], [[5.75672, 52.31102], [5.75713, 52.31089], [5.75699, 52.31109], [5.75672, 52.31102]], [[5.75583, 52.31104], [5.75538, 52.31113], [5.75559, 52.31094], [5.75583, 52.31104]], [[5.75506, 52.31111], [5.75465, 52.31125], [5.7547, 52.31108], [5.75506, 52.31111]], [[5.75465, 52.31128], [5.75424, 52.31142], [5.75428, 52.31125], [5.75465, 52.31128]], [[5.75381, 52.31158], [5.75426, 52.3115], [5.75416, 52.31166], [5.75381, 52.31158]], [[5.71264, 52.3119], [5.71236, 52.31156], [5.71273, 52.31163], [5.71264, 52.3119]], [[5.66967, 52.31176], [5.66989, 52.31194], [5.66949, 52.31195], [5.66967, 52.31176]], [[5.75337, 52.31184], [5.75376, 52.312], [5.75339, 52.31202], [5.75337, 52.31184]], [[5.75116, 52.31293], [5.75037, 52.31276], [5.7507, 52.31217], [5.75133, 52.31224], [5.75116, 52.31293]], [[5.75554, 52.31265], [5.75442, 52.31262], [5.75432, 52.31221], [5.75519, 52.3122], [5.75554, 52.31265]], [[5.74986, 52.31257], [5.75007, 52.31224], [5.75041, 52.31231], [5.75021, 52.31265], [5.74986, 52.31257]], [[5.75221, 52.31274], [5.754, 52.31278], [5.75351, 52.31331], [5.75221, 52.31274]], [[5.67071, 52.31352], [5.67118, 52.31374], [5.67204, 52.31416], [5.67122, 52.31448], [5.66998, 52.3138], [5.67071, 52.31352]], [[5.75311, 52.31346], [5.75267, 52.31351], [5.75296, 52.31335], [5.75311, 52.31346]], [[5.81913, 52.31367], [5.81874, 52.31363], [5.81885, 52.31325], [5.81924, 52.3133], [5.81913, 52.31367]], [[5.75276, 52.3141], [5.75567, 52.31443], [5.75687, 52.3135], [5.75747, 52.31376], [5.75598, 52.31626], [5.7545, 52.31612], [5.75446, 52.3158], [5.75216, 52.31475], [5.75276, 52.3141]], [[5.81766, 52.3135], [5.81822, 52.31361], [5.81804, 52.31373], [5.81766, 52.3135]], [[5.88069, 52.31349], [5.88132, 52.31342], [5.88137, 52.31377], [5.8807, 52.31382], [5.88069, 52.31349]], [[5.81743, 52.31474], [5.81703, 52.31428], [5.81781, 52.31388], [5.81827, 52.3144], [5.81743, 52.31474]], [[5.75535, 52.31429], [5.75579, 52.31423], [5.75567, 52.31438], [5.75535, 52.31429]], [[5.7503, 52.31455], [5.75048, 52.31449], [5.75041, 52.31458], [5.7503, 52.31455]], [[5.88147, 52.3144], [5.88178, 52.31402], [5.88236, 52.3143], [5.88147, 52.3144]], [[5.74886, 52.31463], [5.74932, 52.31458], [5.74939, 52.31486], [5.74894, 52.31491], [5.74886, 52.31463]], [[5.75064, 52.31471], [5.7504, 52.31474], [5.75043, 52.31467], [5.75064, 52.31471]], [[5.81695, 52.31498], [5.81773, 52.31499], [5.81713, 52.31518], [5.81695, 52.31498]], [[5.88848, 52.31512], [5.88849, 52.31559], [5.88787, 52.31566], [5.88768, 52.31534], [5.88848, 52.31512]], [[5.7462, 52.31661], [5.7473, 52.31651], [5.74722, 52.31675], [5.7462, 52.31661]], [[5.82142, 52.31695], [5.82216, 52.31766], [5.8217, 52.31777], [5.82079, 52.31717], [5.82142, 52.31695]], [[5.82113, 52.31792], [5.82037, 52.31812], [5.82031, 52.31751], [5.82108, 52.31748], [5.82113, 52.31792]], [[5.82995, 52.33902], [5.82734, 52.3385], [5.82714, 52.3388], [5.82676, 52.33873], [5.82697, 52.33841], [5.82304, 52.3378], [5.8233, 52.33743], [5.82164, 52.33693], [5.82409, 52.33484], [5.82214, 52.3339], [5.82257, 52.33314], [5.82461, 52.33326], [5.82396, 52.33253], [5.8194, 52.33198], [5.81875, 52.3337], [5.81803, 52.33375], [5.81733, 52.3281], [5.81934, 52.32699], [5.81978, 52.32622], [5.81832, 52.32196], [5.81789, 52.32164], [5.81676, 52.32186], [5.8154, 52.31976], [5.81749, 52.31935], [5.81721, 52.319], [5.81785, 52.31885], [5.81703, 52.31817], [5.81795, 52.318], [5.81869, 52.31855], [5.82014, 52.32011], [5.82132, 52.32243], [5.82171, 52.32261], [5.82206, 52.32228], [5.82316, 52.32214], [5.82349, 52.32458], [5.82466, 52.32679], [5.82562, 52.32767], [5.82607, 52.32779], [5.82659, 52.32733], [5.8282, 52.32685], [5.82873, 52.32692], [5.8289, 52.32727], [5.82829, 52.32738], [5.82842, 52.32769], [5.83089, 52.32765], [5.8338, 52.32705], [5.83439, 52.32744], [5.83553, 52.32721], [5.83634, 52.32793], [5.83649, 52.32916], [5.83694, 52.3291], [5.8375, 52.32986], [5.83812, 52.3297], [5.83836, 52.33014], [5.83652, 52.33058], [5.83721, 52.33147], [5.83678, 52.33158], [5.83903, 52.33406], [5.83835, 52.33412], [5.83843, 52.33439], [5.83778, 52.33446], [5.83759, 52.33414], [5.8359, 52.33429], [5.83522, 52.3335], [5.83436, 52.33354], [5.83201, 52.33289], [5.8331, 52.3334], [5.8329, 52.3337], [5.83452, 52.33435], [5.83458, 52.33491], [5.83528, 52.33488], [5.83534, 52.33543], [5.83464, 52.33546], [5.83468, 52.33587], [5.83571, 52.33583], [5.83575, 52.33614], [5.83471, 52.3362], [5.8348, 52.33695], [5.8358, 52.33691], [5.83584, 52.33723], [5.83483, 52.33728], [5.83488, 52.33769], [5.83535, 52.33769], [5.83537, 52.33843], [5.83292, 52.33789], [5.83148, 52.33717], [5.83069, 52.33729], [5.8307, 52.3384], [5.82995, 52.33858], [5.82995, 52.33902]], [[5.7555, 52.31853], [5.75567, 52.31824], [5.75629, 52.31838], [5.75612, 52.31867], [5.7555, 52.31853]], [[5.66209, 52.31914], [5.66458, 52.31948], [5.66389, 52.31953], [5.66554, 52.32093], [5.66477, 52.32296], [5.66405, 52.3227], [5.66225, 52.3242], [5.66097, 52.32418], [5.66042, 52.3245], [5.65669, 52.32221], [5.6551, 52.32343], [5.65413, 52.32281], [5.66111, 52.3186], [5.66209, 52.31914]], [[5.75671, 52.31845], [5.75634, 52.31845], [5.75656, 52.31834], [5.75671, 52.31845]], [[5.82194, 52.31897], [5.82221, 52.31901], [5.82189, 52.31904], [5.82194, 52.31897]], [[5.82308, 52.319], [5.82401, 52.31998], [5.82425, 52.32031], [5.8237, 52.32041], [5.82342, 52.31994], [5.82303, 52.32003], [5.82251, 52.31919], [5.82308, 52.319]], [[5.75411, 52.32122], [5.75352, 52.32086], [5.75385, 52.32066], [5.75443, 52.32102], [5.75411, 52.32122]], [[5.82381, 52.32105], [5.82358, 52.32061], [5.82418, 52.32049], [5.82447, 52.32092], [5.82381, 52.32105]], [[5.75009, 52.32192], [5.74955, 52.32154], [5.75008, 52.32134], [5.75056, 52.32167], [5.75009, 52.32192]], [[5.83088, 52.32124], [5.83132, 52.32162], [5.83169, 52.32152], [5.83198, 52.32193], [5.83161, 52.32202], [5.83132, 52.32163], [5.83041, 52.32186], [5.83012, 52.32128], [5.83088, 52.32124]], [[5.83192, 52.32165], [5.83175, 52.3216], [5.8318, 52.32157], [5.83192, 52.32165]], [[5.83208, 52.32184], [5.83195, 52.32174], [5.83201, 52.32173], [5.83208, 52.32184]], [[5.83205, 52.32197], [5.83224, 52.322], [5.83209, 52.32203], [5.83205, 52.32197]], [[5.84258, 52.32195], [5.84261, 52.32208], [5.84252, 52.32198], [5.84258, 52.32195]], [[5.82619, 52.32293], [5.82699, 52.32288], [5.8272, 52.32315], [5.8263, 52.32327], [5.82619, 52.32293]], [[5.82707, 52.32355], [5.82722, 52.32319], [5.82763, 52.32373], [5.82652, 52.3239], [5.82643, 52.32364], [5.82707, 52.32355]], [[5.64252, 52.32439], [5.64313, 52.325], [5.64256, 52.32474], [5.64252, 52.32439]], [[5.66194, 52.32506], [5.66155, 52.32511], [5.66097, 52.3249], [5.66167, 52.32448], [5.66194, 52.32506]], [[5.8243, 52.32418], [5.82522, 52.32463], [5.82475, 52.32477], [5.8243, 52.32418]], [[5.82843, 52.32528], [5.82879, 52.32543], [5.82851, 52.32548], [5.82843, 52.32528]], [[5.73395, 52.32611], [5.73447, 52.32648], [5.7338, 52.32683], [5.73341, 52.32655], [5.73395, 52.32611]], [[5.82855, 52.32616], [5.82846, 52.32584], [5.82883, 52.3258], [5.82891, 52.32613], [5.82855, 52.32616]], [[5.81904, 52.32669], [5.81852, 52.32707], [5.81764, 52.32675], [5.81806, 52.32633], [5.81904, 52.32669]], [[5.82934, 52.32696], [5.83221, 52.32636], [5.83267, 52.32676], [5.82962, 52.32715], [5.82934, 52.32696]], [[5.82905, 52.32652], [5.82932, 52.32674], [5.82906, 52.32675], [5.82905, 52.32652]], [[5.83224, 52.32707], [5.83258, 52.32716], [5.8323, 52.3272], [5.83224, 52.32707]], [[5.83115, 52.32739], [5.83143, 52.32716], [5.83151, 52.32734], [5.83115, 52.32739]], [[5.84189, 52.32737], [5.84281, 52.32761], [5.84177, 52.32763], [5.84189, 52.32737]], [[5.83968, 52.32759], [5.84024, 52.32743], [5.8408, 52.3278], [5.84003, 52.32795], [5.83968, 52.32759]], [[5.84412, 52.32803], [5.84215, 52.32894], [5.84172, 52.32857], [5.8435, 52.32773], [5.84412, 52.32803]], [[5.83815, 52.32835], [5.83757, 52.32846], [5.83723, 52.32802], [5.83791, 52.32785], [5.83813, 52.32832], [5.83916, 52.32812], [5.8401, 52.32927], [5.83882, 52.32991], [5.83815, 52.32835]], [[5.84039, 52.32928], [5.84147, 52.32958], [5.84096, 52.32982], [5.84039, 52.32928]], [[5.79582, 52.32971], [5.79617, 52.33005], [5.79503, 52.3303], [5.79484, 52.32993], [5.79582, 52.32971]], [[5.65472, 52.33031], [5.65483, 52.33069], [5.65421, 52.33096], [5.65402, 52.33063], [5.65472, 52.33031]], [[5.78828, 52.33145], [5.78904, 52.33086], [5.78949, 52.33102], [5.78938, 52.33148], [5.78828, 52.33145]], [[5.83818, 52.3315], [5.83787, 52.33113], [5.83847, 52.33101], [5.83868, 52.33141], [5.83818, 52.3315]], [[5.79119, 52.33228], [5.79173, 52.33226], [5.79223, 52.3328], [5.79111, 52.33306], [5.79119, 52.33228]], [[5.83992, 52.33335], [5.83896, 52.33294], [5.84115, 52.33226], [5.84176, 52.3329], [5.83992, 52.33335]], [[5.79188, 52.33392], [5.79098, 52.33412], [5.79107, 52.33321], [5.79197, 52.333], [5.79188, 52.33392]], [[5.81291, 52.33447], [5.81273, 52.33408], [5.81328, 52.33395], [5.81356, 52.33444], [5.81291, 52.33447]], [[5.81708, 52.33438], [5.81902, 52.33396], [5.8202, 52.33477], [5.81921, 52.33518], [5.81878, 52.33479], [5.8179, 52.33513], [5.81708, 52.33438]], [[5.84087, 52.3342], [5.84127, 52.33419], [5.84111, 52.33432], [5.84087, 52.3342]], [[5.8382, 52.3356], [5.83816, 52.33509], [5.83901, 52.33519], [5.83889, 52.33568], [5.8382, 52.3356]], [[5.83817, 52.33677], [5.83758, 52.3367], [5.83784, 52.3359], [5.83836, 52.33618], [5.83817, 52.33677]], [[5.83636, 52.33617], [5.8367, 52.33616], [5.83656, 52.33627], [5.83636, 52.33617]], [[5.81708, 52.33745], [5.81714, 52.33709], [5.81777, 52.33712], [5.81744, 52.3375], [5.81708, 52.33745]], [[5.83667, 52.33742], [5.83624, 52.33718], [5.83667, 52.33718], [5.83667, 52.33742]], [[5.75193, 52.33828], [5.75222, 52.33823], [5.75208, 52.33838], [5.75193, 52.33828]], [[5.71285, 52.33872], [5.71224, 52.33895], [5.71204, 52.33877], [5.71214, 52.3383], [5.7121, 52.33858], [5.71262, 52.33839], [5.71285, 52.33872]], [[5.83399, 52.33838], [5.83337, 52.33844], [5.83354, 52.33824], [5.83399, 52.33838]], [[5.82452, 52.33857], [5.82513, 52.33866], [5.82509, 52.33891], [5.82448, 52.33888], [5.82452, 52.33857]], [[5.70344, 52.33911], [5.70447, 52.33978], [5.70517, 52.33954], [5.70522, 52.33974], [5.70478, 52.34004], [5.70393, 52.33967], [5.70363, 52.33982], [5.70344, 52.33911]], [[5.83078, 52.33937], [5.83086, 52.33893], [5.83229, 52.3391], [5.83222, 52.33962], [5.83078, 52.33937]], [[5.78857, 52.33992], [5.78898, 52.33986], [5.78897, 52.3409], [5.78746, 52.34084], [5.78736, 52.33955], [5.78841, 52.33936], [5.78857, 52.33992]], [[5.81581, 52.33975], [5.81572, 52.33963], [5.8158, 52.33963], [5.81581, 52.33975]], [[5.81559, 52.33981], [5.81549, 52.33979], [5.81555, 52.33977], [5.81559, 52.33981]], [[5.81704, 52.33998], [5.81641, 52.34002], [5.81665, 52.33984], [5.81704, 52.33998]], [[5.70858, 52.34053], [5.70884, 52.34079], [5.70849, 52.34103], [5.70803, 52.34065], [5.70858, 52.34053]], [[5.82022, 52.34107], [5.81922, 52.34141], [5.81892, 52.34124], [5.81952, 52.34082], [5.82022, 52.34107]], [[5.82106, 52.3417], [5.82146, 52.341], [5.82283, 52.34164], [5.8223, 52.34215], [5.82106, 52.3417]], [[5.79249, 52.34114], [5.79361, 52.34225], [5.79375, 52.34353], [5.79272, 52.34324], [5.79233, 52.34256], [5.79013, 52.34323], [5.78985, 52.34259], [5.78931, 52.34257], [5.78932, 52.3421], [5.79017, 52.34186], [5.79042, 52.34257], [5.79049, 52.34177], [5.79139, 52.34141], [5.79249, 52.34114]], [[5.8322, 52.34796], [5.83204, 52.34931], [5.82936, 52.34922], [5.82846, 52.35111], [5.8271, 52.35095], [5.82625, 52.35199], [5.82545, 52.35185], [5.82575, 52.35125], [5.82405, 52.35014], [5.82431, 52.34961], [5.82293, 52.34866], [5.82419, 52.3482], [5.82352, 52.34763], [5.8242, 52.34713], [5.82351, 52.34659], [5.82315, 52.3454], [5.82118, 52.34498], [5.81998, 52.34385], [5.81854, 52.3435], [5.81924, 52.34253], [5.81857, 52.34237], [5.81872, 52.34201], [5.81993, 52.34178], [5.82428, 52.34295], [5.82358, 52.34439], [5.82233, 52.34396], [5.82219, 52.34428], [5.82286, 52.34491], [5.82538, 52.3451], [5.82571, 52.34482], [5.82728, 52.34538], [5.82803, 52.3453], [5.83012, 52.34634], [5.83322, 52.34711], [5.8322, 52.34796]], [[5.70788, 52.34256], [5.70849, 52.34302], [5.70797, 52.34327], [5.70756, 52.34295], [5.70788, 52.34256]], [[5.70874, 52.34358], [5.70835, 52.34334], [5.70881, 52.34305], [5.7092, 52.34329], [5.70874, 52.34358]], [[5.79053, 52.3433], [5.79219, 52.34285], [5.79253, 52.34328], [5.79011, 52.344], [5.7901, 52.34422], [5.78911, 52.34417], [5.7892, 52.34332], [5.79053, 52.3433]], [[5.71011, 52.34361], [5.7094, 52.34343], [5.7096, 52.34313], [5.71031, 52.3433], [5.71011, 52.34361]], [[5.71067, 52.34333], [5.71127, 52.34337], [5.71111, 52.34352], [5.71067, 52.34333]], [[5.7121, 52.34318], [5.71235, 52.34334], [5.71214, 52.34353], [5.71181, 52.3434], [5.7121, 52.34318]], [[5.8648, 52.34294], [5.86543, 52.34309], [5.86519, 52.34348], [5.86456, 52.34332], [5.8648, 52.34294]], [[5.80856, 52.34459], [5.80834, 52.34425], [5.80927, 52.34403], [5.80949, 52.34437], [5.80856, 52.34459]], [[5.80839, 52.34483], [5.80854, 52.34488], [5.80845, 52.34491], [5.80839, 52.34483]], [[5.81202, 52.3451], [5.81254, 52.3455], [5.81205, 52.34577], [5.8115, 52.34528], [5.81202, 52.3451]], [[5.78805, 52.34646], [5.78764, 52.34644], [5.78774, 52.34546], [5.78876, 52.34563], [5.78805, 52.34646]], [[5.80164, 52.34801], [5.80105, 52.34723], [5.80141, 52.34665], [5.80273, 52.34697], [5.80226, 52.34795], [5.80164, 52.34801]], [[5.81509, 52.34817], [5.81564, 52.34801], [5.81556, 52.34832], [5.81509, 52.34817]], [[5.81532, 52.34928], [5.81428, 52.34892], [5.81459, 52.34859], [5.81543, 52.34888], [5.81532, 52.34928]], [[5.7978, 52.34985], [5.79817, 52.3498], [5.79813, 52.34988], [5.7978, 52.34985]], [[5.80739, 52.35057], [5.80691, 52.35077], [5.80577, 52.35078], [5.80684, 52.34992], [5.80739, 52.35057]], [[5.88547, 52.35119], [5.88519, 52.35114], [5.88547, 52.35113], [5.88547, 52.35119]], [[5.79817, 52.35196], [5.79835, 52.35192], [5.7983, 52.35199], [5.79817, 52.35196]], [[5.79826, 52.35208], [5.79811, 52.35198], [5.7983, 52.35203], [5.79826, 52.35208]], [[5.79795, 52.35343], [5.79739, 52.35324], [5.79756, 52.35279], [5.79836, 52.35304], [5.79795, 52.35343]], [[5.88283, 52.35268], [5.88418, 52.35292], [5.88421, 52.35312], [5.88318, 52.35336], [5.88283, 52.35268]], [[5.7916, 52.3553], [5.79331, 52.35641], [5.79323, 52.35715], [5.79216, 52.35788], [5.79038, 52.3582], [5.7896, 52.35755], [5.78767, 52.35714], [5.78791, 52.35656], [5.78692, 52.35635], [5.78706, 52.35573], [5.78782, 52.3558], [5.7893, 52.35437], [5.79128, 52.35463], [5.7916, 52.3553]], [[5.78402, 52.35463], [5.78464, 52.35476], [5.78406, 52.35479], [5.78402, 52.35463]], [[5.78502, 52.35532], [5.78504, 52.35568], [5.78424, 52.35553], [5.78417, 52.35534], [5.78502, 52.35532]], [[5.78623, 52.36041], [5.78638, 52.36033], [5.78637, 52.36041], [5.78623, 52.36041]], [[5.78859, 52.3617], [5.78728, 52.3612], [5.78793, 52.36046], [5.7885, 52.36072], [5.78908, 52.36058], [5.78876, 52.36084], [5.78932, 52.36109], [5.78859, 52.3617]], [[5.79639, 52.36106], [5.79619, 52.36142], [5.79568, 52.36108], [5.79578, 52.36093], [5.79639, 52.36106]], [[5.84238, 52.36389], [5.84281, 52.36371], [5.84451, 52.36524], [5.8434, 52.3657], [5.84266, 52.36515], [5.84332, 52.36473], [5.84238, 52.36389]], [[5.8291, 52.37356], [5.8294, 52.37359], [5.82916, 52.37365], [5.8291, 52.37356]], [[5.82842, 52.37423], [5.82766, 52.37396], [5.82965, 52.37368], [5.82996, 52.37416], [5.82842, 52.37423]], [[5.83255, 52.38115], [5.83271, 52.3813], [5.83249, 52.38124], [5.83255, 52.38115]], [[5.88177, 52.39559], [5.88479, 52.39709], [5.88392, 52.39753], [5.8834, 52.39729], [5.88285, 52.3977], [5.88071, 52.39665], [5.88177, 52.39559]], [[5.88715, 52.40694], [5.88602, 52.40736], [5.88459, 52.40663], [5.88533, 52.40601], [5.88715, 52.40694]], [[5.8889, 52.40676], [5.88925, 52.40706], [5.88879, 52.40685], [5.8889, 52.40676]]], [[[5.71338, 52.35275], [5.71466, 52.35093], [5.7157, 52.35126], [5.71587, 52.34942], [5.71374, 52.34885], [5.71361, 52.34856], [5.7155, 52.34688], [5.71637, 52.34718], [5.71667, 52.34672], [5.70909, 52.34441], [5.70499, 52.34369], [5.70484, 52.34425], [5.70435, 52.34417], [5.70394, 52.3464], [5.70993, 52.34796], [5.70807, 52.34995], [5.70594, 52.34935], [5.70197, 52.35352], [5.70681, 52.35459], [5.71151, 52.35611], [5.71378, 52.3538], [5.71338, 52.35275]], [[5.70607, 52.34442], [5.70484, 52.3453], [5.70467, 52.34498], [5.70517, 52.34437], [5.70607, 52.34442]], [[5.70687, 52.34471], [5.70866, 52.34496], [5.70871, 52.3451], [5.70687, 52.34471]], [[5.70868, 52.34517], [5.70824, 52.34569], [5.70723, 52.34566], [5.70778, 52.34496], [5.70868, 52.34517]], [[5.70935, 52.34754], [5.70894, 52.34738], [5.70934, 52.34737], [5.70935, 52.34754]], [[5.70853, 52.35213], [5.70906, 52.35232], [5.70861, 52.35271], [5.70807, 52.35245], [5.70853, 52.35213]], [[5.70817, 52.35221], [5.70756, 52.35247], [5.70806, 52.35217], [5.70817, 52.35221]], [[5.71057, 52.35309], [5.70994, 52.35368], [5.70952, 52.35352], [5.71021, 52.35291], [5.71057, 52.35309]]], [[[5.78226, 52.37005], [5.78133, 52.36988], [5.78143, 52.36896], [5.78209, 52.36612], [5.78277, 52.36504], [5.78243, 52.36363], [5.78348, 52.36235], [5.77947, 52.36212], [5.77553, 52.36209], [5.77336, 52.36212], [5.77414, 52.36213], [5.77553, 52.36279], [5.77533, 52.36458], [5.77419, 52.36512], [5.77186, 52.36513], [5.76995, 52.36439], [5.76969, 52.36283], [5.76814, 52.3639], [5.76481, 52.36353], [5.76496, 52.36217], [5.76409, 52.36141], [5.75847, 52.36003], [5.73867, 52.35346], [5.73761, 52.35471], [5.73938, 52.35602], [5.73865, 52.35657], [5.73939, 52.35711], [5.74042, 52.35745], [5.74168, 52.35736], [5.74131, 52.3578], [5.74191, 52.35776], [5.74196, 52.35805], [5.74375, 52.35824], [5.74402, 52.35757], [5.74478, 52.35771], [5.74453, 52.3582], [5.74389, 52.35827], [5.74472, 52.35844], [5.74522, 52.35801], [5.74576, 52.35813], [5.74528, 52.35855], [5.74579, 52.35866], [5.7462, 52.35829], [5.74716, 52.35848], [5.747, 52.35878], [5.746, 52.35862], [5.74682, 52.35897], [5.74326, 52.36022], [5.74129, 52.36192], [5.74361, 52.36289], [5.74665, 52.36344], [5.74674, 52.36387], [5.74788, 52.36415], [5.75101, 52.3645], [5.75142, 52.36502], [5.75303, 52.36569], [5.75266, 52.36597], [5.75651, 52.36768], [5.75779, 52.36641], [5.75972, 52.36725], [5.76429, 52.36364], [5.77266, 52.36753], [5.77866, 52.36946], [5.78129, 52.37009], [5.78226, 52.37005]], [[5.74183, 52.35681], [5.7416, 52.35687], [5.7416, 52.35683], [5.74183, 52.35681]], [[5.74764, 52.35759], [5.74729, 52.35798], [5.74686, 52.35771], [5.74735, 52.35741], [5.74764, 52.35759]], [[5.74864, 52.3582], [5.74816, 52.35845], [5.74765, 52.35814], [5.7481, 52.35787], [5.74864, 52.3582]], [[5.74605, 52.36278], [5.74555, 52.36273], [5.74563, 52.36241], [5.74613, 52.36245], [5.74605, 52.36278]]], [[[5.87623, 52.41239], [5.87785, 52.41104], [5.8806, 52.41217], [5.88194, 52.41106], [5.87775, 52.40887], [5.87881, 52.40821], [5.87849, 52.40788], [5.88009, 52.40711], [5.87979, 52.40675], [5.88059, 52.40654], [5.88111, 52.40672], [5.88203, 52.40614], [5.87649, 52.40284], [5.86806, 52.39896], [5.86558, 52.39749], [5.85831, 52.39434], [5.83805, 52.38681], [5.83322, 52.39024], [5.82796, 52.38675], [5.83129, 52.38446], [5.82884, 52.38336], [5.82677, 52.38197], [5.82086, 52.37568], [5.81669, 52.37646], [5.81621, 52.37564], [5.81489, 52.37489], [5.81412, 52.37358], [5.81488, 52.37209], [5.81615, 52.37187], [5.81778, 52.37266], [5.81847, 52.37241], [5.81564, 52.37057], [5.81225, 52.36898], [5.81099, 52.36894], [5.80989, 52.36794], [5.80707, 52.36742], [5.7949, 52.36383], [5.78539, 52.36269], [5.78283, 52.36927], [5.78363, 52.36934], [5.78357, 52.36892], [5.78418, 52.36864], [5.78436, 52.36948], [5.78587, 52.36992], [5.7923, 52.36511], [5.79642, 52.36703], [5.79728, 52.36702], [5.79794, 52.36628], [5.79875, 52.36638], [5.79858, 52.36677], [5.79794, 52.36663], [5.79764, 52.367], [5.79932, 52.36769], [5.79854, 52.36796], [5.79872, 52.36851], [5.80331, 52.36997], [5.80396, 52.37065], [5.80401, 52.3715], [5.80483, 52.3722], [5.80422, 52.3725], [5.80472, 52.37304], [5.80729, 52.37386], [5.8068, 52.3744], [5.80681, 52.37558], [5.80379, 52.37496], [5.80381, 52.37569], [5.80314, 52.37577], [5.80153, 52.375], [5.80171, 52.37455], [5.7983, 52.37383], [5.79656, 52.37559], [5.79692, 52.37577], [5.79605, 52.37677], [5.79874, 52.37722], [5.79754, 52.37871], [5.8083, 52.37864], [5.81245, 52.37988], [5.81298, 52.37924], [5.81411, 52.37867], [5.8146, 52.37896], [5.81531, 52.37841], [5.81744, 52.37871], [5.81832, 52.37912], [5.8187, 52.38033], [5.81699, 52.38157], [5.81513, 52.38365], [5.816, 52.38394], [5.81492, 52.38503], [5.81581, 52.38533], [5.81584, 52.38569], [5.81663, 52.38558], [5.81706, 52.3851], [5.81935, 52.38496], [5.81841, 52.38531], [5.81826, 52.38621], [5.81756, 52.38677], [5.81738, 52.38746], [5.81822, 52.38811], [5.8173, 52.3906], [5.81822, 52.39031], [5.81895, 52.38877], [5.81975, 52.38947], [5.81953, 52.38997], [5.81973, 52.3898], [5.82092, 52.39084], [5.82108, 52.39146], [5.82394, 52.39276], [5.82338, 52.39479], [5.82435, 52.39494], [5.82394, 52.39657], [5.82511, 52.3967], [5.82534, 52.39594], [5.82674, 52.39582], [5.82695, 52.39519], [5.82807, 52.39532], [5.828, 52.3961], [5.8286, 52.39613], [5.82813, 52.39788], [5.82858, 52.39794], [5.82935, 52.39547], [5.83215, 52.39642], [5.83274, 52.39522], [5.83412, 52.39539], [5.83289, 52.39762], [5.83458, 52.39836], [5.83491, 52.39778], [5.83684, 52.39847], [5.83748, 52.39754], [5.83869, 52.39808], [5.83882, 52.39896], [5.83827, 52.39901], [5.83676, 52.40132], [5.84113, 52.4018], [5.84145, 52.40225], [5.84026, 52.40461], [5.84161, 52.40492], [5.84144, 52.40525], [5.8441, 52.40573], [5.84857, 52.40199], [5.85216, 52.40412], [5.85452, 52.4012], [5.85494, 52.40132], [5.85534, 52.40062], [5.856, 52.40074], [5.85564, 52.40096], [5.85619, 52.4013], [5.85494, 52.40132], [5.85437, 52.40195], [5.85635, 52.40268], [5.85751, 52.40165], [5.85907, 52.4022], [5.85514, 52.40583], [5.85586, 52.40609], [5.85549, 52.40655], [5.85614, 52.40684], [5.85591, 52.40722], [5.8549, 52.40702], [5.85271, 52.40891], [5.85563, 52.40974], [5.85673, 52.40834], [5.85564, 52.40796], [5.8562, 52.40729], [5.85711, 52.4079], [5.8568, 52.40829], [5.85934, 52.40903], [5.85999, 52.40776], [5.86444, 52.40872], [5.86467, 52.40801], [5.86629, 52.4083], [5.86634, 52.41014], [5.86822, 52.41048], [5.86857, 52.4103], [5.87675, 52.41445], [5.87745, 52.41391], [5.87666, 52.41339], [5.87731, 52.41282], [5.87623, 52.41239]], [[5.80702, 52.37601], [5.80704, 52.37629], [5.80662, 52.3763], [5.80648, 52.37612], [5.80702, 52.37601]], [[5.8082, 52.37616], [5.80782, 52.37596], [5.80819, 52.37595], [5.8082, 52.37616]], [[5.80957, 52.37676], [5.8109, 52.37682], [5.81071, 52.37701], [5.80957, 52.37676]], [[5.8104, 52.37731], [5.81074, 52.37757], [5.81021, 52.37775], [5.80995, 52.37744], [5.8104, 52.37731]], [[5.80237, 52.37799], [5.80213, 52.37808], [5.80227, 52.37795], [5.80237, 52.37799]], [[5.82023, 52.38663], [5.82077, 52.38709], [5.81993, 52.38745], [5.81939, 52.387], [5.82023, 52.38663]], [[5.8219, 52.38719], [5.82265, 52.3867], [5.82323, 52.38702], [5.82255, 52.38754], [5.8219, 52.38719]], [[5.81902, 52.38732], [5.81928, 52.38738], [5.81913, 52.38743], [5.81902, 52.38732]], [[5.82663, 52.38957], [5.82687, 52.38949], [5.82678, 52.3896], [5.82663, 52.38957]], [[5.82198, 52.39012], [5.82161, 52.38997], [5.82187, 52.38992], [5.82198, 52.39012]], [[5.8247, 52.3913], [5.82496, 52.39121], [5.82495, 52.39132], [5.8247, 52.3913]], [[5.82631, 52.3917], [5.82613, 52.3916], [5.82628, 52.39158], [5.82631, 52.3917]], [[5.83378, 52.39225], [5.83357, 52.39226], [5.83364, 52.39219], [5.83378, 52.39225]], [[5.83059, 52.39354], [5.831, 52.393], [5.8311, 52.39338], [5.83181, 52.39352], [5.83135, 52.39397], [5.83059, 52.39354]], [[5.83277, 52.39384], [5.83286, 52.39353], [5.83325, 52.39321], [5.83357, 52.39338], [5.83332, 52.39396], [5.83277, 52.39384]], [[5.8275, 52.3946], [5.82732, 52.39518], [5.82674, 52.39511], [5.82712, 52.39456], [5.8275, 52.3946]], [[5.8539, 52.3967], [5.85437, 52.3969], [5.85414, 52.39698], [5.8539, 52.3967]], [[5.84291, 52.40059], [5.84357, 52.40016], [5.84409, 52.40087], [5.8433, 52.40076], [5.84291, 52.40059]], [[5.85138, 52.4017], [5.85159, 52.40129], [5.85197, 52.40135], [5.85174, 52.40188], [5.85064, 52.40167], [5.85125, 52.40055], [5.85138, 52.4017]], [[5.8425, 52.40095], [5.84254, 52.40083], [5.84262, 52.40088], [5.8425, 52.40095]], [[5.84331, 52.40102], [5.84377, 52.40091], [5.84341, 52.4011], [5.84331, 52.40102]], [[5.85062, 52.40115], [5.85032, 52.40111], [5.85039, 52.40104], [5.85062, 52.40115]], [[5.84196, 52.40159], [5.84208, 52.40134], [5.84224, 52.40142], [5.84196, 52.40159]], [[5.85533, 52.40133], [5.85552, 52.40147], [5.85527, 52.40139], [5.85533, 52.40133]], [[5.84324, 52.40159], [5.84272, 52.40153], [5.8429, 52.40141], [5.84324, 52.40159]], [[5.84997, 52.40139], [5.84945, 52.40203], [5.84873, 52.40198], [5.84997, 52.40139]], [[5.84493, 52.40215], [5.84499, 52.40186], [5.84569, 52.40196], [5.84493, 52.40215]], [[5.85997, 52.40247], [5.86126, 52.40212], [5.86208, 52.40211], [5.86187, 52.40244], [5.85997, 52.40247]], [[5.858, 52.40786], [5.85699, 52.40755], [5.85723, 52.40705], [5.85793, 52.40683], [5.8582, 52.40767], [5.858, 52.40786]], [[5.85883, 52.40811], [5.85965, 52.40768], [5.85921, 52.40823], [5.85883, 52.40811]], [[5.86384, 52.40854], [5.86358, 52.4084], [5.86387, 52.40845], [5.86384, 52.40854]], [[5.86441, 52.40855], [5.86417, 52.40851], [5.86435, 52.40846], [5.86441, 52.40855]], [[5.87435, 52.41016], [5.8739, 52.40992], [5.87396, 52.40954], [5.87492, 52.40985], [5.87435, 52.41016]], [[5.8728, 52.41082], [5.87247, 52.41118], [5.87187, 52.41089], [5.87226, 52.4106], [5.8728, 52.41082]], [[5.87168, 52.41117], [5.87149, 52.41119], [5.87156, 52.41113], [5.87168, 52.41117]], [[5.87464, 52.41258], [5.87433, 52.41259], [5.87449, 52.41248], [5.87464, 52.41258]]], [[[5.87954, 52.06728], [5.87865, 52.06714], [5.87912, 52.06657], [5.8787, 52.06616], [5.87917, 52.06575], [5.87869, 52.0655], [5.87902, 52.0652], [5.87974, 52.06519], [5.87988, 52.06388], [5.87946, 52.06348], [5.8755, 52.06467], [5.87789, 52.06946], [5.87929, 52.06911], [5.87954, 52.06728]], [[5.87943, 52.06471], [5.87967, 52.06459], [5.87968, 52.06471], [5.87943, 52.06471]]]]}}, {"type": "Feature", "properties": {"name": "Eemmeer & Gooimeer Zuidoever", "site_nr": 77, "protection_code": "VR", "protection_label_nl": "Vogelrichtlijn", "status": "Natura 2000-besluit 2010", "distance_to_municipality_km": 3.5, "overlap_with_municipality_ha": 0.0, "area_total_ha": 1584, "geometry_clipped_to_map_area": true, "nitrogen_sensitive": null}, "geometry": {"type": "MultiPolygon", "coordinates": [[[[5.24164, 52.31575], [5.23901, 52.30926], [5.23294, 52.31006], [5.22926, 52.31002], [5.22567, 52.31038], [5.22045, 52.3102], [5.21171, 52.30914], [5.21168, 52.30939], [5.21009, 52.30944], [5.21014, 52.30897], [5.19758, 52.30758], [5.1976, 52.30728], [5.19691, 52.30711], [5.1931, 52.30654], [5.19234, 52.30829], [5.19174, 52.30756], [5.19069, 52.30743], [5.19102, 52.3063], [5.1889, 52.30584], [5.18946, 52.30333], [5.18389, 52.30236], [5.18438, 52.30086], [5.1876, 52.29885], [5.18462, 52.29742], [5.17628, 52.29714], [5.17239, 52.30098], [5.16927, 52.30286], [5.16393, 52.30491], [5.15917, 52.30593], [5.16871, 52.31091], [5.20975, 52.31727], [5.23028, 52.31685], [5.24164, 52.31575]]], [[[5.31599, 52.30415], [5.32847, 52.29745], [5.37056, 52.27265], [5.36331, 52.26848], [5.35687, 52.26986], [5.35617, 52.26949], [5.34904, 52.26895], [5.34571, 52.26967], [5.34499, 52.26949], [5.34097, 52.2707], [5.3395, 52.27013], [5.33661, 52.27144], [5.33556, 52.27158], [5.33208, 52.27358], [5.3323, 52.27401], [5.33108, 52.27422], [5.32971, 52.27344], [5.3284, 52.27374], [5.3277, 52.27245], [5.32549, 52.27307], [5.32475, 52.27302], [5.32398, 52.27257], [5.32379, 52.2717], [5.32083, 52.27136], [5.32041, 52.2706], [5.3116, 52.27261], [5.30881, 52.27605], [5.30637, 52.27686], [5.30443, 52.27816], [5.30184, 52.28056], [5.29864, 52.28453], [5.2974, 52.28463], [5.29469, 52.28846], [5.29444, 52.28987], [5.2949, 52.29095], [5.29656, 52.29234], [5.29565, 52.29508], [5.31251, 52.30155], [5.31434, 52.30246], [5.31347, 52.30288], [5.31599, 52.30415]]]]}}, {"type": "Feature", "properties": {"name": "Veluwe", "site_nr": 57, "protection_code": "VR", "protection_label_nl": "Vogelrichtlijn", "status": "Natura 2000-besluit juni 2014, wijzigingsbesluit 29 sep 2016", "distance_to_municipality_km": 19.5, "overlap_with_municipality_ha": 0.0, "area_total_ha": 58, "geometry_clipped_to_map_area": true, "nitrogen_sensitive": null}, "geometry": {"type": "MultiPolygon", "coordinates": [[[[5.7942, 52.37239], [5.79356, 52.37206], [5.79307, 52.37251], [5.79402, 52.37274], [5.7942, 52.37239]]], [[[5.76097, 52.3694], [5.76271, 52.36809], [5.76218, 52.36783], [5.76245, 52.36762], [5.76102, 52.36697], [5.76031, 52.36709], [5.7605, 52.36751], [5.76001, 52.3679], [5.75937, 52.36752], [5.75972, 52.36725], [5.75933, 52.36727], [5.75909, 52.36757], [5.76053, 52.36845], [5.75992, 52.36894], [5.76097, 52.3694]]], [[[5.79085, 52.37139], [5.79078, 52.37077], [5.78962, 52.3714], [5.78984, 52.37086], [5.79069, 52.37076], [5.79029, 52.3706], [5.79053, 52.37033], [5.79125, 52.37078], [5.79222, 52.37067], [5.79247, 52.37095], [5.79419, 52.37043], [5.79428, 52.36987], [5.79312, 52.36896], [5.79298, 52.36938], [5.79163, 52.36915], [5.79063, 52.36951], [5.79038, 52.36858], [5.78874, 52.36818], [5.78813, 52.36862], [5.78897, 52.36918], [5.7878, 52.36943], [5.78841, 52.36956], [5.78769, 52.37009], [5.78773, 52.37121], [5.78999, 52.37156], [5.79085, 52.37139]], [[5.78916, 52.36923], [5.7895, 52.36892], [5.79024, 52.36895], [5.79018, 52.3693], [5.78943, 52.36955], [5.78916, 52.36923]], [[5.78947, 52.36979], [5.78896, 52.36953], [5.78907, 52.36947], [5.78947, 52.36979]], [[5.78873, 52.3708], [5.78833, 52.36996], [5.78932, 52.36995], [5.7898, 52.36969], [5.78992, 52.36981], [5.79042, 52.36987], [5.79074, 52.37006], [5.7915, 52.36969], [5.792, 52.37016], [5.79149, 52.37048], [5.78986, 52.36987], [5.79016, 52.37043], [5.78887, 52.37045], [5.78873, 52.3708]]], [[[5.77414, 52.36213], [5.77016, 52.36216], [5.76946, 52.36276], [5.77028, 52.36469], [5.77186, 52.36513], [5.77419, 52.36512], [5.77508, 52.36476], [5.77553, 52.36279], [5.77414, 52.36213]]], [[[5.82064, 52.37534], [5.81831, 52.37248], [5.81778, 52.37266], [5.81615, 52.37187], [5.81474, 52.37219], [5.81412, 52.37358], [5.81489, 52.37489], [5.81621, 52.37564], [5.8166, 52.3763], [5.82064, 52.37534]], [[5.81945, 52.37509], [5.81764, 52.37497], [5.81736, 52.37399], [5.81676, 52.37376], [5.81541, 52.37413], [5.81464, 52.37387], [5.81429, 52.37332], [5.81499, 52.37296], [5.81488, 52.37249], [5.81537, 52.37232], [5.81725, 52.373], [5.81835, 52.37296], [5.81961, 52.3744], [5.81945, 52.37509]]], [[[5.80511, 52.37332], [5.8038, 52.37222], [5.80235, 52.37213], [5.80165, 52.37151], [5.80212, 52.37131], [5.80355, 52.37171], [5.80447, 52.37236], [5.80483, 52.3722], [5.80401, 52.3715], [5.8035, 52.37012], [5.79953, 52.36858], [5.79851, 52.36844], [5.79751, 52.36901], [5.79793, 52.36912], [5.79858, 52.36854], [5.79851, 52.36882], [5.79904, 52.36885], [5.7988, 52.36919], [5.79773, 52.36941], [5.79929, 52.36963], [5.79951, 52.36949], [5.79898, 52.36926], [5.7995, 52.36895], [5.80009, 52.36921], [5.79942, 52.36976], [5.7972, 52.36956], [5.79598, 52.37001], [5.79528, 52.36986], [5.79544, 52.36954], [5.79638, 52.36973], [5.7978, 52.36923], [5.79739, 52.36908], [5.79635, 52.3695], [5.79602, 52.36929], [5.79733, 52.36784], [5.798, 52.3678], [5.7977, 52.36693], [5.79481, 52.37023], [5.79461, 52.37075], [5.79525, 52.37093], [5.79438, 52.37231], [5.79547, 52.37219], [5.79573, 52.37266], [5.79521, 52.37299], [5.79779, 52.37353], [5.79809, 52.37315], [5.79869, 52.37327], [5.79935, 52.37245], [5.80188, 52.37228], [5.80203, 52.37339], [5.80123, 52.37424], [5.80683, 52.37541], [5.8068, 52.3744], [5.80726, 52.37383], [5.80511, 52.37332]], [[5.80021, 52.37076], [5.79956, 52.37059], [5.79943, 52.36977], [5.80058, 52.36998], [5.80021, 52.37076]], [[5.80196, 52.37065], [5.80074, 52.3708], [5.80089, 52.37033], [5.80164, 52.37011], [5.80196, 52.37065]], [[5.79835, 52.37104], [5.79732, 52.3708], [5.79803, 52.37021], [5.79882, 52.37039], [5.79835, 52.37104]], [[5.7998, 52.37183], [5.79861, 52.37139], [5.7991, 52.37069], [5.79982, 52.37131], [5.7998, 52.37183]], [[5.79571, 52.37091], [5.79584, 52.37127], [5.79548, 52.3711], [5.79571, 52.37091]], [[5.80058, 52.37109], [5.80139, 52.37111], [5.80125, 52.37127], [5.80058, 52.37109]], [[5.7985, 52.37247], [5.79901, 52.37253], [5.79889, 52.37295], [5.79603, 52.3722], [5.7962, 52.37182], [5.79656, 52.37194], [5.7973, 52.37149], [5.7985, 52.37247]], [[5.8024, 52.37232], [5.80299, 52.37234], [5.80335, 52.3725], [5.80216, 52.37265], [5.8024, 52.37232]]]]}}]}