{"type": "FeatureCollection", "source": {"publisher": "RIVM, AERIUS open data", "dataset": "AERIUS relevante habitatkartering", "description_nl": "De stikstofgevoelige habitattypen binnen een Natura 2000-gebied die ook daadwerkelijk relevant zijn bevonden voor AERIUS", "record": "https://www.nationaalgeoregister.nl/geonetwork/srv/api/records/4e214ddf-4384-42a3-89d9-4074541b640d", "layer": "base_geometries:relevant_habitats", "url": "https://connect.aerius.nl/opendata/wfs", "info": "https://www.aeriusproducten.nl/producten/aerius-monitor", "version": "As served on the fetch date. The service does not state a version; the catalogue record (see 'record') says which AERIUS release the layer belongs to.", "licence": "Public domain (Creative Commons Public Domain Mark 1.0), no restrictions, per the Nationaal Georegister record", "fetched_on": "2026-10-06"}, "notes": ["Habitat types are the ones AERIUS marks as relevant (nitrogen-sensitive) for a location.", "kdw_mol_per_ha is the critical deposition value (kritische depositiewaarde) as given by AERIUS, in mol N per ha per year.", "No comparison is made here between the KDW and the RIVM deposition map.", "mapped_ha is the area of the mapped polygons; coverage_weighted_ha multiplies the mapped area of a habitat type by the one coverage AERIUS gives for that type in the whole Natura 2000 area, so for a part of the area it is an approximation.", "Map area: the bounding box of Nijkerk plus 15 km. Areas are computed on the unsimplified data.", "Drawn shapes: all relevant habitat types of an area merged, parts under 1 ha left out, holes under 2 ha filled, simplified to 100 m. For display only.", "Codes: H = habitat type; ZGH = search area (indications, but no certainty, that the habitat type is present); Lg = nitrogen-sensitive habitat of Birds and Habitats Directive species (leefgebied).", "service_reply lists every Natura 2000 area the service returned for the bounding box; the query is by location, not by area name.", "What 'relevant' means, the KDW threshold and the code L4030: see docs/nitrogen-sources.md, 'AERIUS definitions: verification'."], "service_reply": [{"natura2000_area": "Rijntakken", "records_returned": 10, "records_in_map_area": 0, "mapped_ha_in_municipality": 0.0}, {"natura2000_area": "Veluwe", "records_returned": 31, "records_in_map_area": 31, "mapped_ha_in_municipality": 0.0}], "habitat_types": [{"natura2000_area": "Veluwe", "habitat_code": "H3130", "habitat_description": "Zwakgebufferde vennen", "kdw_mol_per_ha": 500, "mapped_ha_in_map_area": 5.9, "coverage_weighted_ha_in_map_area": 3.7, "mapped_ha_in_municipality": 0.0}, {"natura2000_area": "Veluwe", "habitat_code": "ZGH3130", "habitat_description": "Zwakgebufferde vennen", "kdw_mol_per_ha": 500, "mapped_ha_in_map_area": 1.9, "coverage_weighted_ha_in_map_area": 1.7, "mapped_ha_in_municipality": 0.0}, {"natura2000_area": "Veluwe", "habitat_code": "H2310", "habitat_description": "Stuifzandheiden met struikhei", "kdw_mol_per_ha": 714, "mapped_ha_in_map_area": 1122.7, "coverage_weighted_ha_in_map_area": 813.3, "mapped_ha_in_municipality": 0.0}, {"natura2000_area": "Veluwe", "habitat_code": "H2330", "habitat_description": "Zandverstuivingen", "kdw_mol_per_ha": 714, "mapped_ha_in_map_area": 1841.7, "coverage_weighted_ha_in_map_area": 1572.0, "mapped_ha_in_municipality": 0.0}, {"natura2000_area": "Veluwe", "habitat_code": "H3160", "habitat_description": "Zure vennen", "kdw_mol_per_ha": 714, "mapped_ha_in_map_area": 4.7, "coverage_weighted_ha_in_map_area": 4.0, "mapped_ha_in_municipality": 0.0}, {"natura2000_area": "Veluwe", "habitat_code": "H4030", "habitat_description": "Droge heiden", "kdw_mol_per_ha": 714, "mapped_ha_in_map_area": 4594.8, "coverage_weighted_ha_in_map_area": 4127.3, "mapped_ha_in_municipality": 0.0}, {"natura2000_area": "Veluwe", "habitat_code": "H6230dka", "habitat_description": "Heischrale graslanden, droog kalkarm", "kdw_mol_per_ha": 714, "mapped_ha_in_map_area": 429.6, "coverage_weighted_ha_in_map_area": 289.4, "mapped_ha_in_municipality": 0.0}, {"natura2000_area": "Veluwe", "habitat_code": "H6230vka", "habitat_description": "Heischrale graslanden, vochtig kalkarm", "kdw_mol_per_ha": 714, "mapped_ha_in_map_area": 1.5, "coverage_weighted_ha_in_map_area": 1.5, "mapped_ha_in_municipality": 0.0}, {"natura2000_area": "Veluwe", "habitat_code": "H7110B", "habitat_description": "Actieve hoogvenen (heideveentjes)", "kdw_mol_per_ha": 714, "mapped_ha_in_map_area": 3.6, "coverage_weighted_ha_in_map_area": 2.4, "mapped_ha_in_municipality": 0.0}, {"natura2000_area": "Veluwe", "habitat_code": "L4030", "habitat_description": "Droge heiden", "kdw_mol_per_ha": 714, "mapped_ha_in_map_area": 2129.8, "coverage_weighted_ha_in_map_area": 2129.8, "mapped_ha_in_municipality": 0.0}, {"natura2000_area": "Veluwe", "habitat_code": "ZGH2310", "habitat_description": "Stuifzandheiden met struikhei", "kdw_mol_per_ha": 714, "mapped_ha_in_map_area": 25.1, "coverage_weighted_ha_in_map_area": 25.1, "mapped_ha_in_municipality": 0.0}, {"natura2000_area": "Veluwe", "habitat_code": "ZGH2330", "habitat_description": "Zandverstuivingen", "kdw_mol_per_ha": 714, "mapped_ha_in_map_area": 175.6, "coverage_weighted_ha_in_map_area": 175.5, "mapped_ha_in_municipality": 0.0}, {"natura2000_area": "Veluwe", "habitat_code": "ZGH3160", "habitat_description": "Zure vennen", "kdw_mol_per_ha": 714, "mapped_ha_in_map_area": 0.2, "coverage_weighted_ha_in_map_area": 0.2, "mapped_ha_in_municipality": 0.0}, {"natura2000_area": "Veluwe", "habitat_code": "ZGH4030", "habitat_description": "Droge heiden", "kdw_mol_per_ha": 714, "mapped_ha_in_map_area": 50.1, "coverage_weighted_ha_in_map_area": 50.1, "mapped_ha_in_municipality": 0.0}, {"natura2000_area": "Veluwe", "habitat_code": "ZGH6230dka", "habitat_description": "Heischrale graslanden, droog kalkarm", "kdw_mol_per_ha": 714, "mapped_ha_in_map_area": 187.0, "coverage_weighted_ha_in_map_area": 106.3, "mapped_ha_in_municipality": 0.0}, {"natura2000_area": "Veluwe", "habitat_code": "H6410", "habitat_description": "Blauwgraslanden", "kdw_mol_per_ha": 786, "mapped_ha_in_map_area": 0.6, "coverage_weighted_ha_in_map_area": 0.6, "mapped_ha_in_municipality": 0.0}, {"natura2000_area": "Veluwe", "habitat_code": "Lg09", "habitat_description": "Droog struisgrasland", "kdw_mol_per_ha": 1000, "mapped_ha_in_map_area": 620.5, "coverage_weighted_ha_in_map_area": 620.5, "mapped_ha_in_municipality": 0.0}, {"natura2000_area": "Veluwe", "habitat_code": "H2320", "habitat_description": "Binnenlandse kraaiheibegroeiingen", "kdw_mol_per_ha": 1071, "mapped_ha_in_map_area": 18.7, "coverage_weighted_ha_in_map_area": 11.9, "mapped_ha_in_municipality": 0.0}, {"natura2000_area": "Veluwe", "habitat_code": "H4010A", "habitat_description": "Vochtige heiden (hogere zandgronden)", "kdw_mol_per_ha": 1071, "mapped_ha_in_map_area": 75.1, "coverage_weighted_ha_in_map_area": 44.8, "mapped_ha_in_municipality": 0.0}, {"natura2000_area": "Veluwe", "habitat_code": "H5130", "habitat_description": "Jeneverbesstruwelen", "kdw_mol_per_ha": 1071, "mapped_ha_in_map_area": 7.4, "coverage_weighted_ha_in_map_area": 5.1, "mapped_ha_in_municipality": 0.0}, {"natura2000_area": "Veluwe", "habitat_code": "H7150", "habitat_description": "Pioniervegetaties met snavelbiezen", "kdw_mol_per_ha": 1071, "mapped_ha_in_map_area": 17.8, "coverage_weighted_ha_in_map_area": 11.8, "mapped_ha_in_municipality": 0.0}, {"natura2000_area": "Veluwe", "habitat_code": "H9120", "habitat_description": "Beuken-eikenbossen met hulst", "kdw_mol_per_ha": 1071, "mapped_ha_in_map_area": 2611.7, "coverage_weighted_ha_in_map_area": 2592.0, "mapped_ha_in_municipality": 0.0}, {"natura2000_area": "Veluwe", "habitat_code": "H9190", "habitat_description": "Oude eikenbossen", "kdw_mol_per_ha": 1071, "mapped_ha_in_map_area": 560.1, "coverage_weighted_ha_in_map_area": 547.9, "mapped_ha_in_municipality": 0.0}, {"natura2000_area": "Veluwe", "habitat_code": "Lg13", "habitat_description": "Bos van arme zandgronden", "kdw_mol_per_ha": 1071, "mapped_ha_in_map_area": 16580.7, "coverage_weighted_ha_in_map_area": 16580.7, "mapped_ha_in_municipality": 0.0}, {"natura2000_area": "Veluwe", "habitat_code": "Lg14", "habitat_description": "Eiken- en beukenbos van lemige zandgronden", "kdw_mol_per_ha": 1071, "mapped_ha_in_map_area": 8959.0, "coverage_weighted_ha_in_map_area": 8959.0, "mapped_ha_in_municipality": 0.0}, {"natura2000_area": "Veluwe", "habitat_code": "ZGH9120", "habitat_description": "Beuken-eikenbossen met hulst", "kdw_mol_per_ha": 1071, "mapped_ha_in_map_area": 93.8, "coverage_weighted_ha_in_map_area": 93.8, "mapped_ha_in_municipality": 0.0}, {"natura2000_area": "Veluwe", "habitat_code": "ZGH9190", "habitat_description": "Oude eikenbossen", "kdw_mol_per_ha": 1071, "mapped_ha_in_map_area": 12.2, "coverage_weighted_ha_in_map_area": 12.2, "mapped_ha_in_municipality": 0.0}, {"natura2000_area": "Veluwe", "habitat_code": "H91D0", "habitat_description": "Hoogveenbossen", "kdw_mol_per_ha": 1786, "mapped_ha_in_map_area": 14.1, "coverage_weighted_ha_in_map_area": 14.1, "mapped_ha_in_municipality": 0.0}, {"natura2000_area": "Veluwe", "habitat_code": "H91E0C", "habitat_description": "Vochtige alluviale bossen (beekbegeleidende bossen)", "kdw_mol_per_ha": 1857, "mapped_ha_in_map_area": 7.9, "coverage_weighted_ha_in_map_area": 7.4, "mapped_ha_in_municipality": 0.0}, {"natura2000_area": "Veluwe", "habitat_code": "ZGH91E0C", "habitat_description": "Vochtige alluviale bossen (beekbegeleidende bossen)", "kdw_mol_per_ha": 1857, "mapped_ha_in_map_area": 2.2, "coverage_weighted_ha_in_map_area": 2.2, "mapped_ha_in_municipality": 0.0}, {"natura2000_area": "Veluwe", "habitat_code": "Lg01", "habitat_description": "Permanente bron & Langzaam stromende bovenloop", "kdw_mol_per_ha": 2399, "mapped_ha_in_map_area": 16.0, "coverage_weighted_ha_in_map_area": 16.0, "mapped_ha_in_municipality": 0.0}], "features": [{"type": "Feature", "properties": {"natura2000_area": "Veluwe", "habitat_types": 31, "lowest_kdw_mol_per_ha": 500, "mapped_ha_in_map_area": 39442.1, "mapped_ha_in_municipality": 0.0, "distance_to_municipality_km": 0.7}, "geometry": {"type": "MultiPolygon", "coordinates": [[[[5.63947, 52.08206], [5.63604, 52.08414], [5.64154, 52.08161], [5.64374, 52.08298], [5.63601, 52.08419], [5.63516, 52.0859], [5.64286, 52.08735], [5.64394, 52.08577], [5.64808, 52.08915], [5.64473, 52.08781], [5.64333, 52.09045], [5.64378, 52.08764], [5.62693, 52.08513], [5.62916, 52.08783], [5.63404, 52.08912], [5.63345, 52.09351], [5.639, 52.09398], [5.6382, 52.09598], [5.64119, 52.09652], [5.64381, 52.09375], [5.64907, 52.09475], [5.6471, 52.0971], [5.65112, 52.09557], [5.65895, 52.09685], [5.65549, 52.09671], [5.65681, 52.09971], [5.64526, 52.09829], [5.64705, 52.09713], [5.6432, 52.09918], [5.64386, 52.10049], [5.64323, 52.10172], [5.64539, 52.10174], [5.64116, 52.10335], [5.64342, 52.10339], [5.64185, 52.10648], [5.64595, 52.10476], [5.653, 52.10657], [5.6537, 52.10189], [5.66155, 52.10075], [5.66338, 52.09682], [5.66672, 52.09733], [5.66601, 52.09831], [5.66906, 52.09433], [5.67418, 52.09519], [5.66642, 52.10303], [5.66727, 52.10177], [5.66381, 52.1014], [5.66078, 52.10635], [5.6799, 52.11218], [5.6969, 52.10893], [5.6985, 52.10495], [5.69493, 52.09492], [5.69631, 52.09613], [5.69907, 52.09316], [5.69963, 52.09791], [5.702, 52.09813], [5.70082, 52.09683], [5.70148, 52.0966], [5.69554, 52.08454], [5.69358, 52.0789], [5.68953, 52.08108], [5.68678, 52.07706], [5.68434, 52.07794], [5.67839, 52.08384], [5.68628, 52.08396], [5.68592, 52.08728], [5.6839, 52.08849], [5.67948, 52.08758], [5.6793, 52.08936], [5.68615, 52.09081], [5.68754, 52.08962], [5.69001, 52.09072], [5.68766, 52.09263], [5.67743, 52.09166], [5.6785, 52.09018], [5.67612, 52.08966], [5.67809, 52.08729], [5.67239, 52.0861], [5.66792, 52.09148], [5.66302, 52.08911], [5.66571, 52.08758], [5.66384, 52.08697], [5.66632, 52.08372], [5.66503, 52.08298], [5.66334, 52.08535], [5.65706, 52.08399], [5.66044, 52.08125], [5.66231, 52.08182], [5.66132, 52.08074], [5.66645, 52.08192], [5.6613, 52.08033], [5.65879, 52.08086], [5.64721, 52.07554], [5.64505, 52.07922], [5.64839, 52.08062], [5.64601, 52.08234], [5.64095, 52.07989], [5.63893, 52.08056], [5.6377, 52.08164], [5.63947, 52.08206]], [[5.66654, 52.09294], [5.6653, 52.09658], [5.66322, 52.09626], [5.66654, 52.09294]], [[5.65569, 52.08839], [5.65683, 52.08713], [5.65935, 52.08527], [5.65983, 52.08528], [5.65569, 52.08839]], [[5.63905, 52.09266], [5.63819, 52.09166], [5.63924, 52.08978], [5.63903, 52.09124], [5.64096, 52.0906], [5.63905, 52.09266]], [[5.65788, 52.09493], [5.66092, 52.09012], [5.66378, 52.09158], [5.66107, 52.09548], [5.65788, 52.09493]], [[5.6735, 52.09114], [5.67473, 52.08959], [5.67826, 52.09027], [5.67699, 52.09169], [5.6735, 52.09114]], [[5.68358, 52.07979], [5.68089, 52.08224], [5.68506, 52.07801], [5.68573, 52.07911], [5.68358, 52.07979]], [[5.683, 52.08124], [5.68386, 52.08017], [5.68609, 52.07957], [5.68708, 52.08108], [5.683, 52.08124]], [[5.69536, 52.08956], [5.69039, 52.09064], [5.68596, 52.08874], [5.68609, 52.0874], [5.69338, 52.0863], [5.6924, 52.0852], [5.69509, 52.08468], [5.69536, 52.08956]], [[5.69322, 52.09706], [5.6916, 52.09448], [5.69334, 52.09407], [5.69322, 52.09706]]], [[[5.63466, 52.08382], [5.6306, 52.08371], [5.62709, 52.08507], [5.63181, 52.08555], [5.63298, 52.0842], [5.63293, 52.08485], [5.63396, 52.08531], [5.63466, 52.08382]]], [[[5.63592, 52.09576], [5.63168, 52.09598], [5.64058, 52.10115], [5.64194, 52.09997], [5.63621, 52.09729], [5.63779, 52.09392], [5.63592, 52.09576]]], [[[5.65023, 52.21268], [5.65102, 52.21055], [5.64883, 52.20958], [5.64909, 52.21002], [5.64916, 52.21053], [5.64882, 52.21172], [5.65023, 52.21268]]], [[[5.65652, 52.21553], [5.64911, 52.21223], [5.64852, 52.21121], [5.64903, 52.21003], [5.64781, 52.20913], [5.64565, 52.2107], [5.64644, 52.21411], [5.6323, 52.21429], [5.63281, 52.21581], [5.62778, 52.21602], [5.62839, 52.21802], [5.61853, 52.21856], [5.61893, 52.22089], [5.62095, 52.22056], [5.62185, 52.2219], [5.61887, 52.2222], [5.62351, 52.22246], [5.61758, 52.22285], [5.61645, 52.2247], [5.61657, 52.22595], [5.61768, 52.2245], [5.61787, 52.22613], [5.62363, 52.22707], [5.62408, 52.23211], [5.62201, 52.23178], [5.62045, 52.23605], [5.62725, 52.23747], [5.62604, 52.24338], [5.62053, 52.2419], [5.61714, 52.24384], [5.61684, 52.24473], [5.62361, 52.24368], [5.62451, 52.24572], [5.61591, 52.24656], [5.61464, 52.24896], [5.61708, 52.24971], [5.61823, 52.24799], [5.6192, 52.24934], [5.6169, 52.24979], [5.61865, 52.25183], [5.61886, 52.25033], [5.61925, 52.25151], [5.62115, 52.25], [5.62212, 52.24986], [5.62258, 52.25208], [5.61865, 52.25425], [5.65666, 52.23748], [5.65728, 52.23541], [5.65502, 52.23534], [5.65349, 52.23319], [5.65474, 52.23093], [5.65787, 52.2288], [5.66043, 52.22954], [5.66568, 52.2246], [5.67581, 52.22665], [5.67391, 52.22784], [5.67632, 52.22697], [5.6714, 52.22957], [5.68181, 52.22777], [5.68192, 52.22952], [5.67251, 52.2299], [5.67334, 52.23104], [5.6684, 52.23193], [5.67096, 52.23435], [5.66978, 52.23295], [5.67277, 52.23202], [5.67484, 52.23639], [5.68956, 52.23605], [5.69172, 52.23232], [5.69587, 52.23145], [5.69999, 52.23264], [5.6966, 52.23031], [5.69985, 52.22979], [5.70041, 52.22732], [5.70623, 52.22889], [5.70486, 52.22574], [5.70697, 52.22474], [5.70459, 52.2225], [5.70801, 52.22244], [5.7059, 52.2134], [5.65324, 52.19815], [5.65544, 52.20208], [5.65734, 52.20149], [5.65844, 52.2027], [5.65097, 52.2057], [5.65089, 52.207], [5.65896, 52.21176], [5.6573, 52.21316], [5.65353, 52.21158], [5.66312, 52.2158], [5.65346, 52.21163], [5.6516, 52.21329], [5.65652, 52.21553]], [[5.64603, 52.23882], [5.64337, 52.23921], [5.64261, 52.24003], [5.64335, 52.23872], [5.64603, 52.23882]], [[5.6391, 52.23929], [5.63708, 52.24006], [5.63829, 52.24128], [5.63351, 52.24236], [5.63231, 52.23942], [5.63505, 52.23835], [5.6391, 52.23929]], [[5.64201, 52.24142], [5.64415, 52.24046], [5.64313, 52.24136], [5.64517, 52.24093], [5.64514, 52.24196], [5.64271, 52.2425], [5.64201, 52.24142]], [[5.64836, 52.2386], [5.64757, 52.23569], [5.65154, 52.23827], [5.64836, 52.2386]], [[5.66089, 52.22408], [5.6584, 52.2258], [5.65961, 52.22364], [5.66089, 52.22408]], [[5.67338, 52.2174], [5.66972, 52.22268], [5.66481, 52.21901], [5.66846, 52.21873], [5.66675, 52.21773], [5.66958, 52.21615], [5.67338, 52.2174]], [[5.65484, 52.21792], [5.65762, 52.21731], [5.65774, 52.21924], [5.65484, 52.21792]], [[5.66455, 52.21893], [5.66559, 52.2218], [5.66392, 52.22174], [5.6614, 52.21932], [5.66455, 52.21893]], [[5.65359, 52.21976], [5.65533, 52.22191], [5.65332, 52.22216], [5.65186, 52.2203], [5.65359, 52.21976]], [[5.63435, 52.2324], [5.63549, 52.23068], [5.63607, 52.23227], [5.63435, 52.2324]], [[5.68717, 52.21775], [5.69054, 52.21808], [5.68834, 52.2228], [5.68262, 52.21953], [5.6878, 52.22102], [5.68717, 52.21775]], [[5.69115, 52.22938], [5.68912, 52.2295], [5.689, 52.22611], [5.69159, 52.22611], [5.69115, 52.22938]], [[5.70194, 52.21984], [5.70668, 52.22091], [5.70706, 52.22187], [5.70372, 52.22175], [5.7028, 52.22077], [5.70478, 52.22077], [5.70467, 52.22045], [5.70194, 52.21984]]], [[[5.61535, 52.22617], [5.61475, 52.22741], [5.61584, 52.22796], [5.61718, 52.22698], [5.61535, 52.22617]]], [[[5.61919, 52.25435], [5.62899, 52.25783], [5.62601, 52.25788], [5.62705, 52.26041], [5.61965, 52.25959], [5.61824, 52.26052], [5.6188, 52.26247], [5.62326, 52.26322], [5.62264, 52.2655], [5.61844, 52.26519], [5.61624, 52.26894], [5.61987, 52.26756], [5.62411, 52.2701], [5.61969, 52.27339], [5.62008, 52.27499], [5.61837, 52.2739], [5.62903, 52.29296], [5.63737, 52.29122], [5.63826, 52.28987], [5.6409, 52.29213], [5.65442, 52.2835], [5.64153, 52.29098], [5.6388, 52.28952], [5.64457, 52.28583], [5.64392, 52.28468], [5.65478, 52.28021], [5.65638, 52.28135], [5.65451, 52.28344], [5.673, 52.27131], [5.67978, 52.26819], [5.68066, 52.2649], [5.67769, 52.26476], [5.67767, 52.26647], [5.6778, 52.26491], [5.68046, 52.26507], [5.6785, 52.26534], [5.6804, 52.26561], [5.67985, 52.26776], [5.67757, 52.26727], [5.67751, 52.26878], [5.67598, 52.26846], [5.67729, 52.26654], [5.67367, 52.26704], [5.67828, 52.26249], [5.67814, 52.26469], [5.68301, 52.26494], [5.69121, 52.26584], [5.69717, 52.26726], [5.69913, 52.26727], [5.7024, 52.26313], [5.70525, 52.26432], [5.71199, 52.25121], [5.70756, 52.24833], [5.7072, 52.24957], [5.70322, 52.24881], [5.70252, 52.24582], [5.70871, 52.24248], [5.70828, 52.24117], [5.70887, 52.23951], [5.70303, 52.23955], [5.70267, 52.23738], [5.70065, 52.23798], [5.70143, 52.23961], [5.6984, 52.23961], [5.69871, 52.23855], [5.69331, 52.23989], [5.69111, 52.23902], [5.69123, 52.24021], [5.68817, 52.24048], [5.68665, 52.2381], [5.6869, 52.24043], [5.68364, 52.24062], [5.68302, 52.23663], [5.65714, 52.23765], [5.62652, 52.25265], [5.62562, 52.25184], [5.61919, 52.25435]], [[5.62355, 52.27587], [5.63098, 52.27619], [5.6279, 52.2777], [5.62355, 52.27587]]], [[[5.61667, 52.27377], [5.60453, 52.27603], [5.60481, 52.27728], [5.6051, 52.27634], [5.60939, 52.27716], [5.60483, 52.27736], [5.60598, 52.28102], [5.60235, 52.28015], [5.59772, 52.28176], [5.60501, 52.2898], [5.61543, 52.28711], [5.62501, 52.28651], [5.61667, 52.27377]], [[5.61145, 52.27827], [5.61346, 52.27969], [5.60933, 52.27989], [5.60924, 52.27923], [5.61145, 52.27827]], [[5.61656, 52.27856], [5.61081, 52.27701], [5.61281, 52.27619], [5.61665, 52.27609], [5.61332, 52.27684], [5.61684, 52.27721], [5.61656, 52.27856]]], [[[5.68201, 52.26727], [5.64383, 52.29046], [5.64587, 52.29128], [5.64398, 52.29658], [5.6373, 52.29766], [5.63704, 52.29857], [5.6426, 52.29813], [5.64141, 52.30123], [5.65304, 52.30134], [5.65342, 52.29958], [5.65046, 52.29871], [5.65456, 52.29518], [5.661, 52.2947], [5.66066, 52.29168], [5.66515, 52.29314], [5.66701, 52.30244], [5.66946, 52.30431], [5.675, 52.30435], [5.67964, 52.30352], [5.67836, 52.29907], [5.68388, 52.28824], [5.66418, 52.2922], [5.68384, 52.28819], [5.68622, 52.28631], [5.69655, 52.28204], [5.71067, 52.27976], [5.69643, 52.27711], [5.70055, 52.27251], [5.69624, 52.26834], [5.69939, 52.2675], [5.6957, 52.26727], [5.6826, 52.26504], [5.68201, 52.26727]], [[5.66266, 52.29203], [5.6544, 52.28833], [5.65731, 52.28649], [5.66059, 52.28568], [5.66426, 52.28712], [5.66266, 52.29203]], [[5.65084, 52.28982], [5.65089, 52.28769], [5.65345, 52.28919], [5.65084, 52.28982]], [[5.64811, 52.29197], [5.65414, 52.2907], [5.65476, 52.29267], [5.64801, 52.29343], [5.64811, 52.29197]]], [[[5.63773, 52.30165], [5.63695, 52.30572], [5.63325, 52.30858], [5.6349, 52.30908], [5.6377, 52.30897], [5.64675, 52.31047], [5.64914, 52.31302], [5.64685, 52.31428], [5.64921, 52.31583], [5.63918, 52.32296], [5.6465, 52.32733], [5.66243, 52.31781], [5.67162, 52.31445], [5.67052, 52.31343], [5.67209, 52.31418], [5.68183, 52.30764], [5.67937, 52.3038], [5.67481, 52.30451], [5.66373, 52.30434], [5.63773, 52.30165]], [[5.67109, 52.3111], [5.67417, 52.31115], [5.67367, 52.31186], [5.67109, 52.3111]]], [[[5.63475, 52.31044], [5.62928, 52.30884], [5.62846, 52.3103], [5.63034, 52.31084], [5.62792, 52.31145], [5.63621, 52.31191], [5.63561, 52.31314], [5.63385, 52.31265], [5.63683, 52.31581], [5.64447, 52.3102], [5.63537, 52.30922], [5.63475, 52.31044]]], [[[5.6471, 52.31178], [5.63091, 52.32139], [5.62886, 52.32082], [5.63022, 52.32389], [5.64899, 52.31298], [5.64676, 52.31055], [5.64431, 52.31044], [5.6471, 52.31178]]], [[[5.64666, 52.32764], [5.65156, 52.3307], [5.65363, 52.32784], [5.65601, 52.33125], [5.66027, 52.33047], [5.66104, 52.33125], [5.66019, 52.33057], [5.65599, 52.33139], [5.65421, 52.33096], [5.65571, 52.33551], [5.6539, 52.33163], [5.64995, 52.33216], [5.65232, 52.33454], [5.64852, 52.33844], [5.65453, 52.34033], [5.70784, 52.34253], [5.70412, 52.34294], [5.73372, 52.35123], [5.73357, 52.3506], [5.73399, 52.3503], [5.7363, 52.35207], [5.73678, 52.35071], [5.73639, 52.35209], [5.75301, 52.35758], [5.75351, 52.35655], [5.75328, 52.35766], [5.76097, 52.36008], [5.77118, 52.36144], [5.78565, 52.36118], [5.78659, 52.35464], [5.78839, 52.34902], [5.78909, 52.34117], [5.78673, 52.34111], [5.7843, 52.34166], [5.78348, 52.34151], [5.77356, 52.32994], [5.75956, 52.32172], [5.74718, 52.31725], [5.74452, 52.31577], [5.74286, 52.31462], [5.73641, 52.30823], [5.74253, 52.31299], [5.74885, 52.31008], [5.74805, 52.30626], [5.73333, 52.30536], [5.73421, 52.29771], [5.72972, 52.30484], [5.72619, 52.30381], [5.72724, 52.2981], [5.72347, 52.29656], [5.72724, 52.29344], [5.72784, 52.29361], [5.73208, 52.29294], [5.73142, 52.29378], [5.73512, 52.29416], [5.7356, 52.2922], [5.7278, 52.29336], [5.7365, 52.29161], [5.73988, 52.2922], [5.73943, 52.29099], [5.74349, 52.28908], [5.74444, 52.29003], [5.74465, 52.28819], [5.74697, 52.28974], [5.74978, 52.28763], [5.74695, 52.28972], [5.74473, 52.2882], [5.7481, 52.28689], [5.74649, 52.28667], [5.75324, 52.28328], [5.75535, 52.2849], [5.75859, 52.2827], [5.75681, 52.28222], [5.75944, 52.28019], [5.75829, 52.28102], [5.75939, 52.28013], [5.75147, 52.27358], [5.75608, 52.27091], [5.75967, 52.2718], [5.75997, 52.26995], [5.75961, 52.26863], [5.75551, 52.26963], [5.75138, 52.26704], [5.75139, 52.26518], [5.75055, 52.2664], [5.75236, 52.26336], [5.75008, 52.26561], [5.75222, 52.26296], [5.75139, 52.26118], [5.75273, 52.26265], [5.75279, 52.25896], [5.7544, 52.25779], [5.753, 52.25893], [5.75478, 52.2595], [5.75707, 52.25569], [5.75197, 52.25559], [5.75243, 52.25291], [5.75798, 52.25417], [5.75991, 52.25097], [5.76623, 52.25164], [5.76472, 52.25068], [5.76935, 52.24968], [5.77666, 52.2524], [5.77721, 52.25231], [5.77419, 52.24873], [5.77913, 52.24777], [5.78329, 52.24897], [5.78117, 52.24974], [5.78029, 52.25156], [5.78463, 52.25334], [5.7844, 52.25459], [5.79453, 52.25625], [5.79396, 52.25423], [5.79723, 52.25389], [5.79552, 52.25579], [5.82181, 52.24652], [5.83178, 52.23366], [5.82555, 52.24316], [5.82692, 52.24171], [5.83211, 52.23347], [5.83458, 52.22792], [5.8374, 52.22557], [5.82692, 52.22293], [5.78544, 52.22143], [5.78427, 52.22352], [5.77842, 52.2229], [5.77637, 52.22596], [5.78268, 52.22656], [5.7816, 52.22917], [5.77649, 52.2292], [5.77637, 52.22989], [5.77366, 52.2299], [5.77331, 52.23042], [5.78155, 52.23057], [5.78009, 52.23304], [5.78431, 52.23337], [5.78541, 52.23566], [5.77942, 52.23423], [5.77893, 52.23512], [5.78268, 52.23564], [5.78311, 52.23859], [5.78614, 52.23993], [5.79184, 52.24066], [5.78973, 52.24302], [5.7828, 52.24546], [5.77609, 52.24292], [5.77376, 52.24371], [5.77347, 52.24601], [5.7768, 52.24654], [5.77674, 52.24728], [5.77328, 52.24735], [5.77414, 52.24865], [5.76929, 52.24853], [5.77029, 52.2469], [5.7725, 52.2472], [5.76924, 52.24664], [5.76187, 52.24854], [5.76475, 52.25067], [5.76182, 52.24855], [5.76456, 52.2507], [5.76169, 52.24862], [5.76431, 52.25071], [5.76208, 52.24914], [5.75715, 52.24901], [5.75798, 52.25106], [5.75595, 52.25082], [5.75552, 52.25235], [5.75769, 52.25131], [5.75757, 52.25244], [5.75247, 52.2527], [5.75299, 52.24857], [5.75145, 52.25777], [5.74795, 52.25786], [5.74612, 52.2628], [5.75084, 52.26411], [5.74588, 52.26343], [5.7459, 52.26347], [5.74522, 52.26524], [5.74241, 52.26473], [5.73908, 52.26473], [5.74154, 52.26175], [5.73088, 52.27222], [5.7277, 52.27465], [5.73062, 52.27818], [5.73226, 52.27779], [5.73129, 52.28012], [5.73384, 52.27894], [5.73312, 52.28448], [5.73647, 52.28508], [5.7366, 52.2852], [5.7367, 52.28474], [5.73475, 52.28402], [5.73516, 52.2812], [5.73694, 52.28477], [5.73922, 52.28065], [5.74121, 52.28104], [5.73747, 52.28473], [5.73875, 52.28518], [5.73901, 52.28439], [5.74021, 52.28349], [5.74105, 52.28521], [5.74272, 52.28344], [5.74407, 52.28416], [5.74261, 52.28327], [5.74457, 52.28153], [5.74667, 52.28324], [5.743, 52.28467], [5.74931, 52.28246], [5.74538, 52.27794], [5.74709, 52.27995], [5.74237, 52.28111], [5.7419, 52.27834], [5.74496, 52.2774], [5.74355, 52.27574], [5.74518, 52.27596], [5.74955, 52.28235], [5.74933, 52.28254], [5.74799, 52.28302], [5.74104, 52.28544], [5.74044, 52.28614], [5.74587, 52.28707], [5.73894, 52.28601], [5.73835, 52.2872], [5.73742, 52.28507], [5.73709, 52.2857], [5.7364, 52.28513], [5.73215, 52.28495], [5.73202, 52.28431], [5.72988, 52.28407], [5.72951, 52.28274], [5.73135, 52.28271], [5.72423, 52.28205], [5.72653, 52.27922], [5.71975, 52.28654], [5.71937, 52.28342], [5.71703, 52.28511], [5.71598, 52.28313], [5.71679, 52.28519], [5.71452, 52.28589], [5.71051, 52.27994], [5.69688, 52.28212], [5.6865, 52.28635], [5.67916, 52.30054], [5.68241, 52.30749], [5.68313, 52.30742], [5.7022, 52.30133], [5.70448, 52.30076], [5.70683, 52.30089], [5.7128, 52.30246], [5.71419, 52.30248], [5.71213, 52.30162], [5.71397, 52.30082], [5.71525, 52.30205], [5.71442, 52.2993], [5.71565, 52.30215], [5.71826, 52.301], [5.71713, 52.29952], [5.71536, 52.29882], [5.71062, 52.30014], [5.71339, 52.29782], [5.71022, 52.29695], [5.71197, 52.29625], [5.71111, 52.29526], [5.71501, 52.29404], [5.71543, 52.29462], [5.71195, 52.29607], [5.71576, 52.29489], [5.71747, 52.29339], [5.71981, 52.2941], [5.71934, 52.29201], [5.72186, 52.29213], [5.71882, 52.29141], [5.72084, 52.29093], [5.72207, 52.29166], [5.72167, 52.29271], [5.72174, 52.2928], [5.72386, 52.29186], [5.72554, 52.29322], [5.72398, 52.29478], [5.72243, 52.29378], [5.72382, 52.2951], [5.72197, 52.29651], [5.7202, 52.29613], [5.72139, 52.29442], [5.72015, 52.29494], [5.72001, 52.29657], [5.72124, 52.29996], [5.72218, 52.29994], [5.72226, 52.3005], [5.72073, 52.30077], [5.71922, 52.29949], [5.72108, 52.29977], [5.71989, 52.29655], [5.72005, 52.2949], [5.71524, 52.29559], [5.7125, 52.29711], [5.71872, 52.29583], [5.71389, 52.29778], [5.71529, 52.29755], [5.71543, 52.29878], [5.72003, 52.30034], [5.72071, 52.30158], [5.72303, 52.30302], [5.72294, 52.29937], [5.72395, 52.30223], [5.72299, 52.30308], [5.72197, 52.30245], [5.72075, 52.30375], [5.72014, 52.30179], [5.71903, 52.30528], [5.71711, 52.3045], [5.71864, 52.30359], [5.71662, 52.30411], [5.7181, 52.3032], [5.71734, 52.30272], [5.71895, 52.30158], [5.71859, 52.30103], [5.71661, 52.30269], [5.71766, 52.30128], [5.71568, 52.30222], [5.71689, 52.30366], [5.70448, 52.30083], [5.70298, 52.30116], [5.68348, 52.3074], [5.6824, 52.3076], [5.67182, 52.31451], [5.66127, 52.31863], [5.66554, 52.32093], [5.66194, 52.32506], [5.65669, 52.32221], [5.65432, 52.32291], [5.64666, 52.32764]], [[5.70984, 52.30737], [5.71565, 52.30479], [5.71812, 52.30526], [5.70984, 52.30737]], [[5.7107, 52.30141], [5.70772, 52.29998], [5.70974, 52.2992], [5.7107, 52.30141]], [[5.70817, 52.29715], [5.70756, 52.29611], [5.71096, 52.29556], [5.71145, 52.29634], [5.70817, 52.29715]], [[5.71059, 52.29409], [5.71349, 52.29295], [5.7136, 52.28835], [5.71452, 52.29272], [5.71697, 52.29205], [5.71785, 52.29307], [5.71059, 52.29409]], [[5.71701, 52.28809], [5.7195, 52.28865], [5.71563, 52.2866], [5.71803, 52.28551], [5.72116, 52.2901], [5.72596, 52.29071], [5.7218, 52.29275], [5.72172, 52.29271], [5.72191, 52.29253], [5.72233, 52.29055], [5.71932, 52.29103], [5.71926, 52.28947], [5.71621, 52.29055], [5.71701, 52.28809]], [[5.69059, 52.30214], [5.68089, 52.30223], [5.68068, 52.29893], [5.68595, 52.29803], [5.69068, 52.29909], [5.69059, 52.30214]], [[5.71813, 52.29286], [5.71641, 52.29085], [5.71758, 52.29046], [5.71898, 52.29212], [5.71813, 52.29286]], [[5.72571, 52.30496], [5.72303, 52.30312], [5.72071, 52.30459], [5.72189, 52.30274], [5.72281, 52.30322], [5.72312, 52.30304], [5.72397, 52.30222], [5.72398, 52.3018], [5.72571, 52.30496]], [[5.72705, 52.29065], [5.72982, 52.28945], [5.73012, 52.28949], [5.72848, 52.29205], [5.72705, 52.29065]], [[5.72721, 52.29021], [5.73098, 52.28606], [5.7285, 52.28673], [5.72873, 52.28537], [5.72966, 52.28444], [5.73201, 52.28434], [5.73139, 52.28446], [5.73213, 52.28496], [5.72721, 52.29021]], [[5.72663, 52.28839], [5.72323, 52.28758], [5.72432, 52.28481], [5.72854, 52.28687], [5.72663, 52.28839]], [[5.72795, 52.28632], [5.72261, 52.28359], [5.72834, 52.28408], [5.72795, 52.28632]], [[5.72284, 52.28327], [5.72398, 52.28215], [5.72776, 52.28251], [5.72823, 52.28385], [5.72284, 52.28327]], [[5.73447, 52.28512], [5.73617, 52.28611], [5.73429, 52.28723], [5.73341, 52.28632], [5.73447, 52.28512]], [[5.73219, 52.27757], [5.72997, 52.27583], [5.73147, 52.27556], [5.73219, 52.27757]], [[5.74509, 52.27587], [5.74342, 52.27378], [5.74602, 52.27337], [5.74684, 52.27529], [5.74509, 52.27587]], [[5.74733, 52.26744], [5.74462, 52.27097], [5.74531, 52.27229], [5.74521, 52.27317], [5.74424, 52.2734], [5.74362, 52.27108], [5.74733, 52.26744]], [[5.74375, 52.27725], [5.74192, 52.2738], [5.74385, 52.27296], [5.74291, 52.27401], [5.74375, 52.27725]], [[5.74317, 52.2704], [5.73775, 52.26973], [5.74235, 52.26925], [5.737, 52.26669], [5.7376, 52.26588], [5.74009, 52.26754], [5.74213, 52.26687], [5.74196, 52.26782], [5.74376, 52.26807], [5.74221, 52.2677], [5.74363, 52.26522], [5.74237, 52.26505], [5.74515, 52.26522], [5.74317, 52.2704]], [[5.7427, 52.26676], [5.73974, 52.26647], [5.73798, 52.26554], [5.74266, 52.26559], [5.7427, 52.26676]], [[5.7401, 52.2766], [5.74208, 52.27765], [5.73876, 52.28074], [5.7383, 52.27886], [5.74108, 52.2775], [5.7401, 52.2766]], [[5.73729, 52.27965], [5.7373, 52.28173], [5.73622, 52.27956], [5.73895, 52.2777], [5.73729, 52.27965]], [[5.75226, 52.28283], [5.74467, 52.28612], [5.7433, 52.28499], [5.75226, 52.28283]], [[5.74238, 52.28824], [5.74059, 52.29018], [5.73812, 52.28812], [5.73842, 52.28742], [5.74238, 52.28824]], [[5.74198, 52.2878], [5.73992, 52.2871], [5.74038, 52.28624], [5.74256, 52.28673], [5.74198, 52.2878]], [[5.74901, 52.26158], [5.74628, 52.26259], [5.74816, 52.25794], [5.74994, 52.25814], [5.7492, 52.26127], [5.75145, 52.26246], [5.74876, 52.26322], [5.74901, 52.26158]], [[5.74603, 52.26355], [5.74816, 52.26507], [5.74554, 52.2648], [5.74603, 52.26355]], [[5.74897, 52.26891], [5.75107, 52.26955], [5.75064, 52.27025], [5.74829, 52.2702], [5.74897, 52.26891]], [[5.78762, 52.25362], [5.78412, 52.25191], [5.78797, 52.25232], [5.78762, 52.25362]], [[5.78252, 52.25198], [5.7807, 52.25151], [5.78143, 52.25015], [5.7833, 52.25059], [5.78252, 52.25198]], [[5.784, 52.2518], [5.78536, 52.25008], [5.78562, 52.25171], [5.784, 52.2518]], [[5.79156, 52.23393], [5.78888, 52.23293], [5.78944, 52.23192], [5.79159, 52.23217], [5.79156, 52.23393]], [[5.79173, 52.22779], [5.78619, 52.2275], [5.79239, 52.22668], [5.79173, 52.22779]]], [[[5.64545, 52.32794], [5.63882, 52.32868], [5.64076, 52.32965], [5.63991, 52.33131], [5.64545, 52.32794]]], [[[5.64755, 52.32872], [5.64634, 52.32781], [5.6414, 52.33073], [5.64298, 52.33142], [5.64067, 52.33299], [5.64755, 52.32872]]], [[[5.68615, 52.01614], [5.67531, 52.01607], [5.67284, 52.01578], [5.67262, 52.0191], [5.69837, 52.0199], [5.70137, 52.01823], [5.70559, 52.02093], [5.7112, 52.01992], [5.71358, 52.02002], [5.70172, 52.01507], [5.69485, 52.01341], [5.6915, 52.01307], [5.69007, 52.01312], [5.69478, 52.01343], [5.69742, 52.01446], [5.67679, 52.01267], [5.67295, 52.01469], [5.67814, 52.01387], [5.67756, 52.01538], [5.68419, 52.01587], [5.68577, 52.01415], [5.68615, 52.01614]], [[5.67551, 52.01805], [5.67324, 52.01746], [5.67596, 52.01677], [5.67551, 52.01805]]], [[[5.67745, 52.0543], [5.66271, 52.05508], [5.66442, 52.05606], [5.66343, 52.06012], [5.66185, 52.05638], [5.65473, 52.06281], [5.67459, 52.0679], [5.67436, 52.07024], [5.67792, 52.06881], [5.68324, 52.07065], [5.68836, 52.06536], [5.68451, 52.06236], [5.67745, 52.0543]]], [[[5.66435, 52.06535], [5.6596, 52.06944], [5.66185, 52.06883], [5.66049, 52.07124], [5.65841, 52.06913], [5.65745, 52.07019], [5.65482, 52.06934], [5.65099, 52.07688], [5.65301, 52.0776], [5.6537, 52.07653], [5.65395, 52.07793], [5.65543, 52.07615], [5.65441, 52.07809], [5.65761, 52.07914], [5.65848, 52.07776], [5.65824, 52.07934], [5.66232, 52.08056], [5.66394, 52.0787], [5.66258, 52.07726], [5.66641, 52.07654], [5.66003, 52.07332], [5.66138, 52.07164], [5.66865, 52.07417], [5.67143, 52.07123], [5.66249, 52.06816], [5.66462, 52.06614], [5.66634, 52.06839], [5.66801, 52.06628], [5.66435, 52.06535]], [[5.6559, 52.07335], [5.65794, 52.07138], [5.65721, 52.07387], [5.6559, 52.07335]]], [[[5.66403, 52.20096], [5.70283, 52.21211], [5.70618, 52.21242], [5.70591, 52.21132], [5.70644, 52.21299], [5.70562, 52.20613], [5.6987, 52.19747], [5.69877, 52.19441], [5.68352, 52.19374], [5.682, 52.19244], [5.66795, 52.19852], [5.66941, 52.2007], [5.66785, 52.20135], [5.66639, 52.19919], [5.66506, 52.19977], [5.66403, 52.20096]]], [[[5.66902, 52.2364], [5.66469, 52.23439], [5.66167, 52.23703], [5.66902, 52.2364]]], [[[5.65949, 52.23572], [5.6574, 52.23541], [5.6568, 52.23746], [5.65738, 52.23639], [5.65949, 52.23572]]], [[[5.65459, 52.28349], [5.67335, 52.2713], [5.67701, 52.2701], [5.68019, 52.26817], [5.68099, 52.26492], [5.67978, 52.26829], [5.67317, 52.27132], [5.65459, 52.28349]]], [[[5.66574, 52.29905], [5.66197, 52.30302], [5.66907, 52.30427], [5.66664, 52.30226], [5.66574, 52.29905]]], [[[5.67858, 52.05328], [5.69042, 52.06552], [5.69371, 52.06332], [5.71012, 52.06718], [5.70864, 52.06947], [5.70012, 52.07083], [5.70077, 52.07219], [5.72455, 52.0842], [5.73193, 52.09427], [5.7406, 52.09455], [5.7453, 52.09243], [5.7471, 52.09369], [5.74615, 52.09219], [5.748, 52.09163], [5.7517, 52.0945], [5.75984, 52.09246], [5.7664, 52.0952], [5.76589, 52.09196], [5.76405, 52.09231], [5.76239, 52.08909], [5.76497, 52.08833], [5.764, 52.08469], [5.77701, 52.08631], [5.77988, 52.0814], [5.78963, 52.07169], [5.80276, 52.05288], [5.78983, 52.0718], [5.77724, 52.0866], [5.78368, 52.08977], [5.78199, 52.09343], [5.78354, 52.0949], [5.77886, 52.09935], [5.77948, 52.10223], [5.78115, 52.10097], [5.78467, 52.1033], [5.79323, 52.10127], [5.81266, 52.09782], [5.81295, 52.09656], [5.81473, 52.09554], [5.8127, 52.09774], [5.81457, 52.09755], [5.81492, 52.09565], [5.81666, 52.09298], [5.81712, 52.09355], [5.81853, 52.09171], [5.83427, 52.08395], [5.83709, 52.07592], [5.83817, 52.0753], [5.83705, 52.06734], [5.83782, 52.0654], [5.8389, 52.0642], [5.83895, 52.06354], [5.83289, 52.06058], [5.83449, 52.05861], [5.83415, 52.05801], [5.82254, 52.05448], [5.83419, 52.05796], [5.83458, 52.0587], [5.83297, 52.06057], [5.84019, 52.06308], [5.84986, 52.05167], [5.84871, 52.05107], [5.85179, 52.04667], [5.84682, 52.04441], [5.84708, 52.04315], [5.85085, 52.04094], [5.85412, 52.03926], [5.8542, 52.03908], [5.85373, 52.03858], [5.85194, 52.03986], [5.83811, 52.04184], [5.85192, 52.03982], [5.85405, 52.03814], [5.86565, 52.03614], [5.86559, 52.03461], [5.86739, 52.03425], [5.86678, 52.03199], [5.85145, 52.03257], [5.85064, 52.03371], [5.85077, 52.0326], [5.83388, 52.03323], [5.8243, 52.03495], [5.81587, 52.03571], [5.80965, 52.0432], [5.81263, 52.0443], [5.811, 52.0469], [5.80941, 52.04878], [5.80655, 52.04824], [5.80916, 52.0442], [5.81084, 52.04436], [5.80938, 52.04369], [5.80298, 52.05293], [5.80911, 52.04377], [5.80578, 52.04767], [5.80191, 52.04633], [5.80318, 52.0434], [5.80554, 52.04224], [5.80837, 52.04323], [5.8102, 52.04195], [5.81397, 52.03659], [5.81571, 52.03559], [5.82435, 52.03481], [5.83286, 52.03323], [5.82803, 52.03315], [5.83128, 52.03058], [5.82927, 52.02815], [5.83053, 52.03056], [5.82745, 52.03238], [5.82672, 52.03171], [5.82507, 52.03127], [5.8248, 52.03142], [5.82772, 52.03302], [5.82482, 52.03172], [5.8251, 52.03431], [5.82054, 52.03455], [5.82502, 52.03124], [5.82188, 52.02847], [5.82531, 52.02694], [5.82883, 52.02819], [5.82922, 52.02807], [5.82831, 52.0269], [5.82421, 52.02677], [5.82089, 52.02756], [5.8186, 52.02719], [5.81822, 52.02535], [5.8104, 52.02424], [5.80394, 52.02991], [5.79682, 52.0301], [5.81011, 52.02423], [5.79971, 52.02394], [5.79184, 52.0291], [5.79051, 52.02979], [5.7883, 52.03061], [5.78153, 52.03211], [5.78136, 52.03247], [5.78085, 52.03226], [5.77256, 52.03402], [5.77006, 52.03439], [5.74851, 52.03627], [5.74277, 52.03662], [5.74315, 52.03884], [5.73955, 52.04312], [5.73612, 52.04284], [5.73594, 52.04511], [5.73191, 52.04436], [5.73285, 52.0399], [5.73017, 52.03893], [5.73704, 52.03879], [5.73675, 52.03789], [5.7282, 52.03794], [5.73069, 52.04187], [5.72989, 52.04257], [5.73014, 52.04413], [5.73126, 52.04246], [5.73181, 52.04443], [5.73635, 52.04624], [5.73243, 52.04814], [5.73739, 52.05361], [5.72698, 52.05357], [5.72658, 52.05248], [5.72028, 52.05119], [5.71783, 52.05044], [5.71701, 52.05039], [5.71392, 52.04919], [5.71877, 52.05068], [5.7209, 52.04947], [5.7204, 52.0512], [5.72333, 52.05181], [5.72286, 52.04975], [5.72128, 52.05019], [5.72372, 52.04846], [5.71633, 52.04946], [5.71379, 52.04853], [5.71526, 52.04736], [5.72314, 52.04394], [5.72416, 52.04553], [5.72432, 52.04445], [5.72638, 52.04464], [5.73006, 52.04417], [5.7281, 52.03795], [5.69504, 52.04127], [5.69238, 52.04195], [5.69351, 52.04226], [5.69377, 52.04332], [5.69224, 52.04199], [5.68941, 52.04281], [5.68271, 52.0471], [5.68348, 52.05129], [5.67858, 52.05328]], [[5.80353, 52.03989], [5.80083, 52.03717], [5.80373, 52.03319], [5.80449, 52.03272], [5.81508, 52.03422], [5.81005, 52.04178], [5.80353, 52.03989]], [[5.73338, 52.07709], [5.73101, 52.07433], [5.73718, 52.07114], [5.74737, 52.07484], [5.73998, 52.07978], [5.73338, 52.07709]], [[5.73452, 52.05747], [5.73456, 52.05583], [5.73733, 52.05582], [5.73754, 52.05766], [5.73452, 52.05747]], [[5.72468, 52.04446], [5.72922, 52.04279], [5.72936, 52.04382], [5.72468, 52.04446]], [[5.75891, 52.06381], [5.75621, 52.06302], [5.75276, 52.066], [5.74491, 52.06305], [5.7496, 52.05871], [5.75451, 52.06067], [5.74942, 52.06316], [5.75459, 52.06073], [5.7575, 52.06161], [5.7624, 52.05858], [5.76528, 52.05989], [5.76313, 52.06197], [5.76176, 52.0615], [5.76063, 52.0615], [5.76022, 52.06201], [5.75951, 52.06192], [5.75891, 52.06381]], [[5.76303, 52.06296], [5.76079, 52.06365], [5.76014, 52.0621], [5.76194, 52.06166], [5.76303, 52.06296]], [[5.72931, 52.08838], [5.7357, 52.08547], [5.73837, 52.09063], [5.73519, 52.09216], [5.73128, 52.09153], [5.72931, 52.08838]], [[5.77547, 52.04405], [5.77495, 52.04696], [5.77045, 52.04558], [5.77098, 52.04154], [5.77599, 52.04225], [5.77413, 52.04494], [5.77502, 52.04402], [5.77547, 52.04405]], [[5.75994, 52.03691], [5.75493, 52.03604], [5.76015, 52.03566], [5.75994, 52.03691]], [[5.77815, 52.04619], [5.78205, 52.04483], [5.78241, 52.04561], [5.77815, 52.04619]], [[5.8443, 52.05649], [5.84104, 52.05894], [5.84331, 52.05616], [5.8443, 52.05649]], [[5.84863, 52.04051], [5.84986, 52.04138], [5.84762, 52.04264], [5.84635, 52.04166], [5.84863, 52.04051]]], [[[5.67935, 52.05482], [5.68523, 52.06185], [5.68944, 52.06518], [5.67935, 52.05482]]], [[[5.68452, 52.06224], [5.68931, 52.06554], [5.68558, 52.06276], [5.67911, 52.05549], [5.67871, 52.0556], [5.68452, 52.06224]]], [[[5.67969, 52.05565], [5.68512, 52.06217], [5.68965, 52.06566], [5.68549, 52.06226], [5.67969, 52.05565]]], [[[5.68608, 52.00845], [5.6859, 52.0122], [5.70058, 52.01391], [5.71454, 52.01985], [5.71715, 52.01895], [5.71674, 52.01107], [5.72291, 52.01055], [5.72483, 52.01647], [5.72693, 52.01732], [5.73242, 52.0163], [5.72702, 52.01702], [5.73046, 52.0152], [5.72879, 52.01379], [5.73224, 52.01287], [5.73774, 52.01207], [5.73901, 52.01326], [5.73752, 52.01523], [5.73265, 52.01626], [5.76406, 52.01024], [5.76143, 52.00794], [5.72359, 52.00805], [5.72333, 52.00933], [5.71552, 52.01097], [5.70677, 52.0085], [5.71225, 52.0107], [5.71068, 52.01266], [5.69908, 52.01024], [5.69966, 52.00856], [5.70234, 52.00921], [5.7027, 52.00811], [5.68608, 52.00845]], [[5.7326, 52.0101], [5.73588, 52.01127], [5.72961, 52.01254], [5.7326, 52.0101]]], [[[5.71144, 52.01997], [5.68305, 52.02594], [5.68025, 52.03404], [5.68191, 52.03437], [5.68015, 52.03447], [5.69625, 52.03655], [5.69748, 52.04073], [5.73475, 52.03701], [5.73486, 52.03627], [5.74592, 52.02181], [5.72223, 52.02321], [5.72281, 52.02233], [5.71144, 52.01997]]], [[[5.69924, 52.09173], [5.69569, 52.08425], [5.6941, 52.07974], [5.69562, 52.08453], [5.69924, 52.09173]]], [[[5.69553, 52.23927], [5.69777, 52.23875], [5.69684, 52.23596], [5.69396, 52.23607], [5.69553, 52.23927]]], [[[5.69857, 52.07149], [5.70164, 52.07494], [5.69417, 52.0797], [5.69807, 52.0826], [5.6962, 52.08387], [5.69501, 52.08185], [5.70237, 52.09786], [5.7132, 52.10132], [5.72589, 52.10263], [5.72407, 52.09824], [5.72804, 52.0992], [5.72538, 52.09468], [5.72148, 52.09276], [5.72721, 52.09025], [5.72515, 52.08795], [5.71833, 52.08224], [5.71129, 52.07886], [5.69857, 52.07149]], [[5.70696, 52.08899], [5.70471, 52.08638], [5.70675, 52.08583], [5.70969, 52.08788], [5.71478, 52.08745], [5.71379, 52.08869], [5.70696, 52.08899]], [[5.70232, 52.0757], [5.70323, 52.07705], [5.69967, 52.0792], [5.69831, 52.07813], [5.70232, 52.0757]], [[5.70054, 52.08197], [5.70277, 52.08426], [5.70468, 52.08401], [5.70496, 52.08554], [5.69863, 52.08532], [5.69717, 52.08366], [5.69925, 52.08292], [5.70075, 52.08445], [5.70054, 52.08197]], [[5.71558, 52.08981], [5.71767, 52.08733], [5.72101, 52.08867], [5.71558, 52.08981]]], [[[5.70766, 52.17071], [5.71384, 52.17445], [5.71181, 52.17574], [5.70628, 52.17545], [5.70597, 52.18591], [5.71083, 52.18693], [5.71085, 52.1875], [5.70574, 52.18639], [5.70581, 52.18758], [5.70497, 52.18765], [5.70556, 52.18633], [5.70302, 52.19001], [5.74548, 52.19363], [5.703, 52.19044], [5.7043, 52.19138], [5.75186, 52.19562], [5.75211, 52.19463], [5.75194, 52.19563], [5.77838, 52.19841], [5.77895, 52.19699], [5.77642, 52.19672], [5.77897, 52.19695], [5.78055, 52.19305], [5.7753, 52.19202], [5.77626, 52.19043], [5.78113, 52.19159], [5.78087, 52.18908], [5.77471, 52.18975], [5.77484, 52.18786], [5.77114, 52.18684], [5.76982, 52.18791], [5.76661, 52.187], [5.76584, 52.187], [5.76687, 52.18598], [5.76103, 52.186], [5.76288, 52.18149], [5.76533, 52.18075], [5.75384, 52.17849], [5.75374, 52.1775], [5.74728, 52.17504], [5.74594, 52.17428], [5.74472, 52.17295], [5.73797, 52.17032], [5.73626, 52.16924], [5.73301, 52.16965], [5.72799, 52.16765], [5.72475, 52.16673], [5.72282, 52.16564], [5.7161, 52.15866], [5.707, 52.1652], [5.70998, 52.16755], [5.70883, 52.16861], [5.71036, 52.16773], [5.71389, 52.17019], [5.70872, 52.16863], [5.7099, 52.16754], [5.70697, 52.16525], [5.70766, 52.17071]], [[5.76019, 52.19474], [5.74604, 52.19385], [5.74595, 52.19367], [5.76019, 52.19474]], [[5.76796, 52.18747], [5.76735, 52.19022], [5.76638, 52.19002], [5.76796, 52.18747]]], [[[5.69927, 52.19447], [5.69889, 52.19723], [5.69951, 52.19758], [5.69988, 52.19457], [5.69927, 52.19447]]], [[[5.70684, 52.20779], [5.70346, 52.19986], [5.70082, 52.19804], [5.70568, 52.20596], [5.70691, 52.21116], [5.70684, 52.20779]]], [[[5.70627, 52.34402], [5.70495, 52.34383], [5.70466, 52.34485], [5.7045, 52.3442], [5.70398, 52.34641], [5.70993, 52.34796], [5.70848, 52.35002], [5.71008, 52.34809], [5.71136, 52.34853], [5.70862, 52.35161], [5.70952, 52.35198], [5.70861, 52.35271], [5.70647, 52.35306], [5.70549, 52.35388], [5.70685, 52.35314], [5.70627, 52.35446], [5.70874, 52.35514], [5.70916, 52.35387], [5.71088, 52.35425], [5.71151, 52.35611], [5.71378, 52.3538], [5.70977, 52.35113], [5.71232, 52.34821], [5.71231, 52.34637], [5.70598, 52.3446], [5.70441, 52.34645], [5.70627, 52.34402]]], [[[5.70575, 52.34955], [5.70197, 52.35352], [5.70506, 52.35415], [5.70736, 52.35184], [5.7086, 52.35189], [5.70824, 52.35], [5.70575, 52.34955]]], [[[5.71225, 52.00818], [5.70809, 52.0088], [5.71544, 52.01089], [5.71939, 52.0099], [5.71891, 52.00882], [5.71953, 52.00986], [5.7224, 52.0092], [5.72183, 52.00806], [5.71364, 52.00808], [5.71226, 52.00955], [5.71225, 52.00818]]], [[[5.70993, 52.07784], [5.70305, 52.07389], [5.71141, 52.07886], [5.71845, 52.08223], [5.72251, 52.08512], [5.71857, 52.0822], [5.70993, 52.07784]]], [[[5.72373, 52.08468], [5.70341, 52.07391], [5.71137, 52.07851], [5.71863, 52.08208], [5.72281, 52.08496], [5.72373, 52.08468]]], [[[5.70955, 52.21505], [5.70654, 52.21359], [5.7089, 52.22525], [5.71347, 52.2224], [5.71126, 52.22452], [5.71377, 52.22667], [5.72003, 52.22559], [5.72241, 52.22098], [5.71831, 52.22086], [5.71944, 52.21926], [5.72365, 52.21925], [5.72292, 52.21809], [5.70975, 52.21438], [5.70955, 52.21505]], [[5.71351, 52.21651], [5.71979, 52.21734], [5.72058, 52.21901], [5.71334, 52.21835], [5.71351, 52.21651]], [[5.7179, 52.22345], [5.71844, 52.22227], [5.72111, 52.22256], [5.7209, 52.22374], [5.7179, 52.22345]]], [[[5.70869, 52.24155], [5.71097, 52.23967], [5.71018, 52.23915], [5.70869, 52.24155]]], [[[5.71751, 52.24148], [5.71035, 52.24874], [5.70846, 52.24873], [5.71486, 52.25179], [5.71331, 52.25388], [5.71135, 52.25289], [5.71063, 52.25451], [5.71176, 52.25382], [5.71401, 52.25608], [5.71296, 52.25794], [5.71936, 52.27211], [5.72734, 52.27449], [5.74329, 52.25953], [5.74782, 52.24759], [5.75097, 52.24606], [5.72566, 52.23783], [5.72072, 52.24266], [5.71751, 52.24148]]], [[[5.71333, 52.34572], [5.7082, 52.34418], [5.70604, 52.34372], [5.70499, 52.34369], [5.70613, 52.34381], [5.71186, 52.34585], [5.71238, 52.3463], [5.71245, 52.3469], [5.71333, 52.34572]]], [[[5.71558, 52.34919], [5.7136, 52.34862], [5.71667, 52.34672], [5.71508, 52.34623], [5.71222, 52.34854], [5.71558, 52.34919]]], [[[5.71238, 52.34873], [5.71012, 52.35077], [5.71075, 52.35123], [5.71238, 52.34873]]], [[[5.7157, 52.35126], [5.71295, 52.34886], [5.71117, 52.35145], [5.71329, 52.35264], [5.7157, 52.35126]]], [[[5.71876, 52.01881], [5.71486, 52.01987], [5.72573, 52.022], [5.7462, 52.02121], [5.75226, 52.0132], [5.74653, 52.02114], [5.77094, 52.02159], [5.76903, 52.01518], [5.78268, 52.01068], [5.78644, 52.01416], [5.78263, 52.0105], [5.76896, 52.01488], [5.76984, 52.0105], [5.78219, 52.01007], [5.77882, 52.00797], [5.76421, 52.01028], [5.77449, 52.00896], [5.76456, 52.01089], [5.76488, 52.01383], [5.76539, 52.01487], [5.76828, 52.01542], [5.7668, 52.01671], [5.76378, 52.01592], [5.76445, 52.0109], [5.75228, 52.01314], [5.75205, 52.01292], [5.76432, 52.01068], [5.76395, 52.0103], [5.75243, 52.01281], [5.71876, 52.01881]], [[5.72957, 52.02021], [5.72454, 52.02034], [5.72915, 52.0179], [5.72957, 52.02021]]], [[[5.71644, 52.19891], [5.72098, 52.20406], [5.71455, 52.20959], [5.71768, 52.21175], [5.71616, 52.21592], [5.72304, 52.21789], [5.72365, 52.21547], [5.73105, 52.21529], [5.7289, 52.21384], [5.73217, 52.21359], [5.72956, 52.21242], [5.73178, 52.20745], [5.7346, 52.20656], [5.74074, 52.20848], [5.73963, 52.21037], [5.73634, 52.20995], [5.7345, 52.21124], [5.73365, 52.21258], [5.73569, 52.21326], [5.73321, 52.21775], [5.72739, 52.21904], [5.73896, 52.21953], [5.73757, 52.21888], [5.74103, 52.21669], [5.74012, 52.21558], [5.75043, 52.21261], [5.7572, 52.21431], [5.75898, 52.20869], [5.76276, 52.20939], [5.76296, 52.21111], [5.76942, 52.21228], [5.77017, 52.21989], [5.77918, 52.21901], [5.77962, 52.20858], [5.78124, 52.21215], [5.78007, 52.21782], [5.79193, 52.21702], [5.7957, 52.21505], [5.79456, 52.22156], [5.82886, 52.2229], [5.86229, 52.23214], [5.87891, 52.22277], [5.87094, 52.22136], [5.86736, 52.2233], [5.86531, 52.22255], [5.86489, 52.21579], [5.86678, 52.21451], [5.87285, 52.21702], [5.87343, 52.21397], [5.8713, 52.21269], [5.86958, 52.21018], [5.86742, 52.20927], [5.86615, 52.20916], [5.86519, 52.20874], [5.86344, 52.20874], [5.86226, 52.20841], [5.85973, 52.20671], [5.85734, 52.20321], [5.85493, 52.20249], [5.84406, 52.20177], [5.84284, 52.20155], [5.82954, 52.20963], [5.83108, 52.21065], [5.83044, 52.21113], [5.82071, 52.21028], [5.82257, 52.20953], [5.81995, 52.20733], [5.83785, 52.20107], [5.83154, 52.19872], [5.82885, 52.20029], [5.83192, 52.20065], [5.82873, 52.20034], [5.81867, 52.20379], [5.81064, 52.20447], [5.81022, 52.20554], [5.81054, 52.20448], [5.79383, 52.20167], [5.77872, 52.20057], [5.77926, 52.2083], [5.77811, 52.2061], [5.76614, 52.20605], [5.76615, 52.20494], [5.76717, 52.20294], [5.76953, 52.20095], [5.77397, 52.20027], [5.77612, 52.20053], [5.7744, 52.20212], [5.77745, 52.2033], [5.77822, 52.20577], [5.77746, 52.20051], [5.77211, 52.19903], [5.76097, 52.19852], [5.75159, 52.19663], [5.71001, 52.19283], [5.70849, 52.19279], [5.72245, 52.19398], [5.7054, 52.19267], [5.70308, 52.19354], [5.70902, 52.1937], [5.71709, 52.19634], [5.71644, 52.19891]], [[5.71843, 52.21473], [5.72185, 52.21619], [5.71831, 52.21537], [5.71843, 52.21473]], [[5.79522, 52.20789], [5.80215, 52.20701], [5.80411, 52.20768], [5.7991, 52.20826], [5.79522, 52.20789]]], [[[5.7174, 52.2371], [5.71507, 52.23525], [5.71622, 52.23758], [5.71355, 52.23817], [5.715, 52.23897], [5.7174, 52.2371]]], [[[5.72411, 52.08479], [5.72468, 52.08694], [5.72493, 52.08688], [5.72411, 52.08479]]], [[[5.72946, 52.15137], [5.71661, 52.15849], [5.7231, 52.16576], [5.73291, 52.16953], [5.7363, 52.16915], [5.74487, 52.1729], [5.74675, 52.17227], [5.74832, 52.17251], [5.75125, 52.17164], [5.75231, 52.17162], [5.75272, 52.17173], [5.75412, 52.17266], [5.75618, 52.17238], [5.75775, 52.16957], [5.75638, 52.1724], [5.75408, 52.1727], [5.75214, 52.17168], [5.74816, 52.1726], [5.74669, 52.17233], [5.74601, 52.17421], [5.7474, 52.17501], [5.75315, 52.17716], [5.75419, 52.17771], [5.75629, 52.17332], [5.75485, 52.17825], [5.76536, 52.18011], [5.76452, 52.17877], [5.76768, 52.17766], [5.77049, 52.18075], [5.77403, 52.1811], [5.77493, 52.17967], [5.77878, 52.18051], [5.7844, 52.18277], [5.78632, 52.18495], [5.78847, 52.18523], [5.79071, 52.1862], [5.79203, 52.18735], [5.7919, 52.18615], [5.79529, 52.18684], [5.79237, 52.18774], [5.79315, 52.18844], [5.79324, 52.18959], [5.79396, 52.1899], [5.79674, 52.19016], [5.7977, 52.19049], [5.80187, 52.19315], [5.79841, 52.19227], [5.79894, 52.19443], [5.79388, 52.19313], [5.79412, 52.19173], [5.79213, 52.19139], [5.79098, 52.19079], [5.78115, 52.18899], [5.78208, 52.19294], [5.77943, 52.197], [5.79025, 52.19734], [5.79453, 52.20021], [5.79429, 52.20075], [5.80546, 52.20291], [5.81493, 52.20343], [5.82377, 52.20177], [5.82754, 52.20025], [5.82264, 52.20041], [5.82763, 52.20018], [5.83087, 52.19816], [5.82581, 52.19727], [5.82982, 52.19778], [5.83025, 52.19663], [5.83109, 52.19802], [5.83412, 52.19408], [5.84433, 52.19014], [5.84526, 52.18387], [5.84423, 52.18365], [5.84133, 52.18263], [5.82957, 52.175], [5.82546, 52.17595], [5.82573, 52.17434], [5.81828, 52.17365], [5.81827, 52.17315], [5.81592, 52.17446], [5.81427, 52.18283], [5.81174, 52.18625], [5.81001, 52.18645], [5.81413, 52.18283], [5.81575, 52.17477], [5.81608, 52.17413], [5.81674, 52.17356], [5.81796, 52.17311], [5.82026, 52.17332], [5.82111, 52.17268], [5.82706, 52.17445], [5.82703, 52.17342], [5.83312, 52.17681], [5.83349, 52.17665], [5.8335, 52.17541], [5.83415, 52.17436], [5.83534, 52.17368], [5.84076, 52.17165], [5.84416, 52.16524], [5.84279, 52.17], [5.84185, 52.16982], [5.84072, 52.17177], [5.83859, 52.17275], [5.83922, 52.17315], [5.84162, 52.17302], [5.83531, 52.17377], [5.83403, 52.17462], [5.8342, 52.1763], [5.83307, 52.17695], [5.83831, 52.1806], [5.84066, 52.18], [5.83842, 52.18067], [5.84449, 52.18364], [5.84519, 52.18244], [5.8459, 52.18369], [5.85036, 52.18248], [5.85617, 52.17921], [5.85744, 52.17881], [5.85551, 52.1783], [5.88213, 52.18385], [5.88488, 52.17874], [5.8886, 52.17836], [5.8903, 52.15524], [5.88522, 52.14954], [5.88579, 52.13786], [5.88031, 52.13235], [5.87893, 52.12791], [5.87694, 52.12809], [5.8778, 52.12671], [5.87381, 52.12415], [5.86792, 52.12487], [5.86392, 52.12883], [5.86713, 52.1251], [5.86413, 52.12562], [5.85608, 52.12634], [5.85492, 52.12797], [5.85864, 52.1282], [5.85415, 52.12873], [5.84766, 52.14109], [5.85291, 52.14367], [5.85103, 52.14823], [5.84921, 52.15033], [5.84565, 52.15108], [5.84655, 52.15401], [5.84284, 52.15154], [5.8403, 52.15302], [5.84103, 52.15132], [5.84293, 52.1515], [5.84576, 52.15257], [5.84541, 52.15142], [5.84564, 52.15091], [5.84964, 52.14956], [5.84568, 52.14882], [5.84976, 52.14951], [5.85273, 52.1437], [5.8476, 52.14118], [5.84584, 52.14457], [5.84049, 52.14369], [5.83863, 52.14152], [5.84657, 52.14283], [5.85, 52.13653], [5.84851, 52.13629], [5.84843, 52.13355], [5.85075, 52.13346], [5.85147, 52.13357], [5.85175, 52.13315], [5.8449, 52.13248], [5.84533, 52.12979], [5.83577, 52.12617], [5.83153, 52.12514], [5.8319, 52.12614], [5.83067, 52.12496], [5.82281, 52.12354], [5.81972, 52.12242], [5.8156, 52.12222], [5.81499, 52.12505], [5.81411, 52.12177], [5.79943, 52.12278], [5.79402, 52.12192], [5.79355, 52.12274], [5.79342, 52.1219], [5.78582, 52.12082], [5.78171, 52.11969], [5.7769, 52.11766], [5.7737, 52.11729], [5.76862, 52.12305], [5.77612, 52.11965], [5.77756, 52.12053], [5.77598, 52.11988], [5.77152, 52.12269], [5.77282, 52.12346], [5.76855, 52.12316], [5.76447, 52.12843], [5.77072, 52.13125], [5.76799, 52.13093], [5.76802, 52.13332], [5.77259, 52.1332], [5.76801, 52.13339], [5.76684, 52.13593], [5.76944, 52.13761], [5.76875, 52.13913], [5.77363, 52.13952], [5.77357, 52.14028], [5.76876, 52.1392], [5.77059, 52.14096], [5.75394, 52.14264], [5.75987, 52.14645], [5.76234, 52.15], [5.76105, 52.15125], [5.7674, 52.15134], [5.77085, 52.15338], [5.77203, 52.15285], [5.77472, 52.15258], [5.77567, 52.15204], [5.77472, 52.15265], [5.7722, 52.15288], [5.77099, 52.15339], [5.77322, 52.15478], [5.79389, 52.15646], [5.80821, 52.15547], [5.7942, 52.15652], [5.77306, 52.15486], [5.76761, 52.15148], [5.7622, 52.15181], [5.76124, 52.15159], [5.75902, 52.14901], [5.75776, 52.14523], [5.75126, 52.14129], [5.74961, 52.14424], [5.74576, 52.14581], [5.74565, 52.14896], [5.74111, 52.14861], [5.73988, 52.15242], [5.74101, 52.14858], [5.73647, 52.14771], [5.73314, 52.15083], [5.73029, 52.15097], [5.73127, 52.15184], [5.72946, 52.15137]], [[5.82572, 52.16771], [5.82238, 52.16392], [5.82731, 52.16632], [5.82572, 52.16771]], [[5.82841, 52.16437], [5.82711, 52.16598], [5.8259, 52.16521], [5.82841, 52.16437]], [[5.8186, 52.16253], [5.81575, 52.16436], [5.81378, 52.164], [5.81634, 52.16167], [5.8186, 52.16253]], [[5.81836, 52.15911], [5.82302, 52.16125], [5.81918, 52.16106], [5.82127, 52.16281], [5.81838, 52.16145], [5.81836, 52.15911]], [[5.8327, 52.15425], [5.84015, 52.15727], [5.8424, 52.15587], [5.83973, 52.15764], [5.8327, 52.15425]], [[5.77971, 52.15117], [5.77754, 52.15241], [5.78066, 52.15142], [5.78058, 52.15293], [5.77618, 52.15432], [5.7715, 52.15365], [5.77971, 52.15117]], [[5.83658, 52.18871], [5.83253, 52.18778], [5.83452, 52.18646], [5.83215, 52.18771], [5.82853, 52.18726], [5.82655, 52.18334], [5.83405, 52.18184], [5.83733, 52.18477], [5.8347, 52.18635], [5.83659, 52.18538], [5.83936, 52.1867], [5.83658, 52.18871]], [[5.79337, 52.18834], [5.79609, 52.1866], [5.79918, 52.18955], [5.79428, 52.18991], [5.79337, 52.18834]], [[5.847, 52.18034], [5.84507, 52.17813], [5.84931, 52.17342], [5.85159, 52.17423], [5.85023, 52.17715], [5.84731, 52.17809], [5.84916, 52.18027], [5.847, 52.18034]], [[5.86475, 52.12556], [5.86039, 52.12771], [5.85624, 52.12633], [5.86099, 52.12592], [5.86475, 52.12556]]], [[[5.72497, 52.22011], [5.72405, 52.219], [5.72301, 52.22038], [5.72497, 52.22011]]], [[[5.72803, 52.21929], [5.72846, 52.22041], [5.73, 52.21938], [5.72803, 52.21929]]], [[[5.72783, 52.2212], [5.72449, 52.22352], [5.72444, 52.22442], [5.72567, 52.22321], [5.73064, 52.22448], [5.73076, 52.22144], [5.73385, 52.22087], [5.734, 52.21961], [5.7382, 52.21975], [5.73009, 52.21943], [5.73297, 52.22075], [5.73073, 52.22123], [5.7295, 52.22289], [5.72771, 52.22295], [5.72993, 52.22171], [5.72708, 52.22212], [5.72952, 52.22129], [5.72783, 52.2212]]], [[[5.73071, 52.27914], [5.72959, 52.28083], [5.7314, 52.28102], [5.73071, 52.27914]]], [[[5.73147, 52.23189], [5.72653, 52.23787], [5.73176, 52.23958], [5.73486, 52.2372], [5.73534, 52.2372], [5.73586, 52.235], [5.7382, 52.23159], [5.73147, 52.23189]], [[5.73238, 52.23599], [5.73185, 52.23736], [5.72983, 52.23831], [5.72888, 52.2373], [5.73238, 52.23599]]], [[[5.74601, 52.02183], [5.73582, 52.03535], [5.7423, 52.03636], [5.77156, 52.03384], [5.78663, 52.03025], [5.78934, 52.02986], [5.80021, 52.02295], [5.77097, 52.02212], [5.77133, 52.02386], [5.77085, 52.02211], [5.74601, 52.02183]], [[5.7458, 52.03037], [5.74562, 52.03197], [5.74289, 52.03195], [5.74262, 52.02984], [5.7458, 52.03037]], [[5.77274, 52.02525], [5.77173, 52.02405], [5.77413, 52.02481], [5.77632, 52.02335], [5.77569, 52.02442], [5.77274, 52.02525]]], [[[5.74038, 52.22448], [5.7364, 52.2297], [5.73823, 52.23138], [5.73655, 52.23162], [5.73837, 52.23151], [5.74319, 52.23209], [5.74788, 52.2302], [5.74855, 52.23267], [5.75014, 52.22979], [5.74883, 52.2214], [5.75299, 52.22113], [5.75089, 52.22316], [5.7531, 52.22325], [5.75365, 52.22033], [5.745, 52.22001], [5.74489, 52.22149], [5.74238, 52.2219], [5.74312, 52.22372], [5.74038, 52.22448]]], [[[5.74865, 52.23277], [5.73829, 52.23158], [5.73533, 52.23738], [5.73203, 52.23966], [5.73599, 52.2408], [5.74606, 52.24008], [5.74643, 52.23987], [5.74627, 52.24012], [5.73607, 52.24085], [5.7509, 52.24564], [5.75137, 52.23963], [5.74687, 52.23837], [5.74955, 52.23525], [5.74865, 52.23277]], [[5.74513, 52.24004], [5.74331, 52.23855], [5.74514, 52.2384], [5.74513, 52.24004]]], [[[5.73883, 52.3535], [5.73865, 52.35657], [5.74196, 52.35805], [5.74684, 52.35889], [5.7507, 52.35771], [5.75211, 52.3583], [5.75268, 52.35811], [5.73883, 52.3535]]], [[[5.74073, 52.07739], [5.74191, 52.07648], [5.73946, 52.07717], [5.74073, 52.07739]]], [[[5.74541, 52.25733], [5.74881, 52.24781], [5.74854, 52.24777], [5.74726, 52.24962], [5.74541, 52.25733]]], [[[5.74158, 52.2617], [5.74432, 52.25933], [5.74535, 52.25741], [5.74158, 52.2617]]], [[[5.74169, 52.29223], [5.74867, 52.29194], [5.75145, 52.28801], [5.74986, 52.29011], [5.74169, 52.29223]]], [[[5.75092, 52.31058], [5.74242, 52.31329], [5.74423, 52.31549], [5.75458, 52.31953], [5.75761, 52.31829], [5.75462, 52.31955], [5.75941, 52.32155], [5.76286, 52.32336], [5.77364, 52.32989], [5.7765, 52.32963], [5.77478, 52.33073], [5.78345, 52.34135], [5.78434, 52.34156], [5.78594, 52.3411], [5.78907, 52.34098], [5.7901, 52.33132], [5.78828, 52.33145], [5.79013, 52.3309], [5.79086, 52.31851], [5.78582, 52.30426], [5.78532, 52.30267], [5.78513, 52.30141], [5.77569, 52.30037], [5.77435, 52.3013], [5.77371, 52.29894], [5.7655, 52.30096], [5.76676, 52.30367], [5.76303, 52.3042], [5.76364, 52.30548], [5.7488, 52.30796], [5.74909, 52.31005], [5.75367, 52.30992], [5.75485, 52.31007], [5.75624, 52.31084], [5.75664, 52.31073], [5.75309, 52.31257], [5.75559, 52.31233], [5.75399, 52.31272], [5.75552, 52.313], [5.75545, 52.31446], [5.75747, 52.31376], [5.75598, 52.31626], [5.75114, 52.31376], [5.75468, 52.31434], [5.75406, 52.31281], [5.7503, 52.31376], [5.75092, 52.31058]], [[5.78249, 52.31234], [5.77874, 52.31248], [5.77763, 52.31117], [5.78245, 52.31101], [5.78249, 52.31234]], [[5.78834, 52.32949], [5.78642, 52.3282], [5.78836, 52.32827], [5.78834, 52.32949]]], [[[5.74129, 52.36192], [5.75651, 52.36768], [5.75779, 52.36641], [5.75972, 52.36725], [5.76429, 52.36364], [5.78131, 52.37009], [5.78348, 52.36235], [5.77016, 52.36216], [5.76814, 52.3639], [5.76481, 52.36353], [5.76415, 52.36144], [5.75201, 52.35832], [5.75075, 52.35774], [5.74129, 52.36192]]], [[[5.75721, 52.21552], [5.74957, 52.21364], [5.74859, 52.21697], [5.75731, 52.21803], [5.75721, 52.21552]]], [[[5.7503, 52.22982], [5.75028, 52.23159], [5.75221, 52.22953], [5.7503, 52.22982]]], [[[5.75054, 52.23298], [5.74966, 52.23514], [5.75179, 52.23525], [5.75054, 52.23298]]], [[[5.75675, 52.23993], [5.75303, 52.24365], [5.75199, 52.24809], [5.7505, 52.24785], [5.75329, 52.24853], [5.75337, 52.24901], [5.75604, 52.25019], [5.75549, 52.2514], [5.75533, 52.25236], [5.75583, 52.25078], [5.75662, 52.24949], [5.75353, 52.2487], [5.75708, 52.24884], [5.75278, 52.24786], [5.75319, 52.24576], [5.75563, 52.24678], [5.75652, 52.24402], [5.75317, 52.2456], [5.75315, 52.24534], [5.75711, 52.24226], [5.76096, 52.24181], [5.75675, 52.23993]]], [[[5.75295, 52.2625], [5.75473, 52.25958], [5.7529, 52.25902], [5.75295, 52.2625]]], [[[5.75531, 52.28807], [5.75141, 52.2879], [5.75509, 52.2884], [5.75531, 52.28807]]], [[[5.75159, 52.288], [5.75254, 52.29066], [5.75013, 52.29019], [5.75081, 52.28907], [5.7473, 52.29404], [5.74713, 52.29846], [5.75407, 52.29736], [5.75328, 52.29264], [5.75486, 52.28973], [5.75497, 52.28857], [5.75159, 52.288]]], [[[5.75526, 52.28862], [5.7544, 52.29731], [5.76417, 52.29497], [5.76425, 52.29185], [5.77421, 52.29176], [5.75526, 52.28862]]], [[[5.74996, 52.30017], [5.75409, 52.29754], [5.74704, 52.29853], [5.74996, 52.30017]]], [[[5.75346, 52.30999], [5.75233, 52.3127], [5.7562, 52.31094], [5.75346, 52.30999]]], [[[5.7427, 52.03641], [5.76918, 52.03424], [5.77103, 52.03405], [5.7427, 52.03641]]], [[[5.76968, 52.03426], [5.74281, 52.03649], [5.74281, 52.03657], [5.74987, 52.0361], [5.76968, 52.03426]]], [[[5.76874, 52.14067], [5.75444, 52.14095], [5.75327, 52.14215], [5.75613, 52.14147], [5.76043, 52.14173], [5.76874, 52.14067]]], [[[5.75838, 52.1466], [5.76181, 52.15034], [5.75956, 52.14639], [5.75838, 52.1466]]], [[[5.76498, 52.21894], [5.76113, 52.21651], [5.76216, 52.21815], [5.76003, 52.21806], [5.75897, 52.21596], [5.75744, 52.2187], [5.76498, 52.21894]]], [[[5.75731, 52.22381], [5.75801, 52.22049], [5.75389, 52.22034], [5.7528, 52.22711], [5.75466, 52.22682], [5.75253, 52.22938], [5.76281, 52.22378], [5.75731, 52.22381]]], [[[5.76113, 52.24484], [5.76286, 52.24553], [5.76147, 52.24757], [5.76481, 52.24684], [5.76181, 52.24849], [5.76904, 52.24659], [5.76271, 52.24412], [5.76113, 52.24484]]], [[[5.75867, 52.27901], [5.76047, 52.27899], [5.76089, 52.2781], [5.75867, 52.27901]]], [[[5.76183, 52.28261], [5.75529, 52.28853], [5.77752, 52.29161], [5.77467, 52.28747], [5.77686, 52.28385], [5.77105, 52.28318], [5.76991, 52.28494], [5.76596, 52.28487], [5.76183, 52.28261]]], [[[5.76237, 52.36803], [5.76102, 52.36697], [5.76002, 52.36789], [5.76237, 52.36803]]], [[[5.76097, 52.3694], [5.7626, 52.36803], [5.76159, 52.36813], [5.75997, 52.36797], [5.75909, 52.36757], [5.76097, 52.3694]]], [[[5.76611, 52.25178], [5.76106, 52.25297], [5.76066, 52.25434], [5.76504, 52.25466], [5.76611, 52.25178]]], [[[5.76596, 52.27716], [5.76244, 52.27759], [5.76517, 52.27848], [5.76596, 52.27716]]], [[[5.76901, 52.10906], [5.76693, 52.11351], [5.77026, 52.11434], [5.77229, 52.11557], [5.77505, 52.11584], [5.78832, 52.12059], [5.79343, 52.1216], [5.79552, 52.12065], [5.77923, 52.11136], [5.77855, 52.11066], [5.77721, 52.10846], [5.76901, 52.10906]], [[5.77151, 52.1091], [5.77417, 52.1097], [5.77467, 52.11014], [5.77081, 52.11023], [5.77151, 52.1091]]], [[[5.76818, 52.1233], [5.77087, 52.1185], [5.77161, 52.11883], [5.77288, 52.1175], [5.77365, 52.11722], [5.77462, 52.11712], [5.77696, 52.11757], [5.78599, 52.12076], [5.79338, 52.12175], [5.7882, 52.12064], [5.77502, 52.11589], [5.77233, 52.11563], [5.76691, 52.11356], [5.76233, 52.12043], [5.76818, 52.1233]]], [[[5.76626, 52.206], [5.77808, 52.20597], [5.77733, 52.20332], [5.77415, 52.20232], [5.77444, 52.20043], [5.76763, 52.20262], [5.76626, 52.206]]], [[[5.76743, 52.27782], [5.77016, 52.27575], [5.76611, 52.27715], [5.76743, 52.27782]]], [[[5.7714, 52.28196], [5.77116, 52.28312], [5.77592, 52.28366], [5.7714, 52.28196]]], [[[5.77401, 52.01235], [5.77102, 52.01153], [5.77081, 52.01307], [5.77401, 52.01235]]], [[[5.77155, 52.0171], [5.77361, 52.01765], [5.77406, 52.01599], [5.77155, 52.0171]]], [[[5.77535, 52.2254], [5.77014, 52.22602], [5.76977, 52.22887], [5.77354, 52.22965], [5.77535, 52.2254]]], [[[5.77604, 52.27048], [5.77295, 52.27733], [5.78053, 52.28148], [5.78603, 52.28062], [5.78634, 52.28171], [5.78498, 52.27176], [5.78527, 52.27039], [5.77604, 52.27048]]], [[[5.77788, 52.01914], [5.77492, 52.01962], [5.77403, 52.02082], [5.77925, 52.0206], [5.77788, 52.01914]]], [[[5.77831, 52.02178], [5.7757, 52.02157], [5.77142, 52.02139], [5.77831, 52.02178]]], [[[5.78506, 52.0312], [5.77173, 52.03402], [5.77176, 52.03412], [5.78506, 52.0312]]], [[[5.77966, 52.20903], [5.78062, 52.21272], [5.78069, 52.21443], [5.78116, 52.21212], [5.77966, 52.20903]]], [[[5.77468, 52.2284], [5.77788, 52.22686], [5.77565, 52.22794], [5.77633, 52.22602], [5.77468, 52.2284]]], [[[5.78203, 52.2841], [5.77922, 52.28242], [5.77765, 52.28393], [5.78203, 52.2841]]], [[[5.78296, 52.01705], [5.77847, 52.01804], [5.78007, 52.01976], [5.78361, 52.01849], [5.77984, 52.01989], [5.78099, 52.02085], [5.78502, 52.01797], [5.78296, 52.01705]]], [[[5.7821, 52.02168], [5.78366, 52.02173], [5.78125, 52.02098], [5.77938, 52.02175], [5.78427, 52.02196], [5.79071, 52.02182], [5.78996, 52.02095], [5.79121, 52.02074], [5.79113, 52.02181], [5.79812, 52.02202], [5.80275, 52.02127], [5.80655, 52.0186], [5.80086, 52.01376], [5.7909, 52.01805], [5.79255, 52.02031], [5.78439, 52.02191], [5.7821, 52.02168]], [[5.80452, 52.019], [5.79763, 52.01699], [5.80232, 52.01527], [5.80452, 52.019]]], [[[5.78415, 52.07744], [5.77991, 52.08154], [5.77737, 52.08597], [5.78415, 52.07744]]], [[[5.78461, 52.26579], [5.78166, 52.26649], [5.78485, 52.26744], [5.78461, 52.26579]]], [[[5.78186, 52.2833], [5.78701, 52.28401], [5.78672, 52.28223], [5.78186, 52.2833]]], [[[5.78082, 52.28433], [5.78345, 52.28749], [5.78403, 52.286], [5.78082, 52.28433]]], [[[5.78735, 52.01505], [5.78528, 52.01558], [5.78365, 52.0143], [5.78261, 52.01658], [5.78734, 52.01568], [5.78601, 52.01662], [5.78773, 52.01727], [5.78735, 52.01505]]], [[[5.7844, 52.10375], [5.78338, 52.10719], [5.77738, 52.10846], [5.77877, 52.11074], [5.79615, 52.1208], [5.81566, 52.12127], [5.82297, 52.12221], [5.8316, 52.12423], [5.83209, 52.12401], [5.8303, 52.12306], [5.83031, 52.12123], [5.82942, 52.12081], [5.82918, 52.11991], [5.82749, 52.11935], [5.82632, 52.11795], [5.8154, 52.11816], [5.81286, 52.11778], [5.81051, 52.1166], [5.80467, 52.113], [5.80446, 52.10929], [5.79232, 52.10594], [5.7923, 52.10568], [5.79259, 52.10547], [5.79464, 52.10427], [5.7938, 52.10316], [5.79131, 52.10301], [5.7907, 52.10239], [5.78736, 52.10324], [5.78624, 52.10308], [5.78631, 52.10444], [5.7844, 52.10375]]], [[[5.78642, 52.18532], [5.78298, 52.18521], [5.78248, 52.18755], [5.7863, 52.18807], [5.78642, 52.18532]]], [[[5.77956, 52.19707], [5.78468, 52.19914], [5.7942, 52.20074], [5.79011, 52.19741], [5.77956, 52.19707]]], [[[5.78541, 52.27073], [5.78677, 52.28194], [5.78692, 52.28194], [5.78541, 52.27073]]], [[[5.785, 52.26647], [5.78749, 52.28402], [5.80479, 52.27898], [5.8009, 52.28291], [5.79489, 52.28797], [5.80094, 52.28913], [5.80145, 52.2975], [5.80609, 52.30059], [5.81192, 52.31118], [5.82001, 52.31947], [5.82152, 52.32239], [5.82316, 52.32214], [5.82588, 52.32776], [5.83553, 52.32721], [5.83776, 52.33037], [5.83857, 52.33008], [5.84158, 52.32856], [5.83882, 52.32991], [5.83723, 52.32802], [5.84166, 52.32839], [5.85304, 52.32193], [5.8688, 52.31764], [5.8701, 52.31772], [5.87276, 52.31828], [5.87705, 52.31706], [5.89213, 52.31677], [5.89205, 52.30945], [5.87958, 52.31001], [5.86331, 52.30656], [5.87693, 52.30937], [5.89205, 52.30936], [5.89014, 52.30118], [5.89196, 52.30139], [5.89169, 52.27756], [5.86814, 52.27604], [5.87628, 52.27654], [5.87686, 52.27173], [5.87925, 52.2729], [5.87698, 52.27292], [5.87633, 52.27655], [5.89169, 52.27749], [5.89118, 52.23248], [5.88995, 52.23289], [5.88887, 52.23303], [5.87812, 52.23363], [5.86451, 52.23267], [5.85895, 52.23167], [5.83793, 52.22574], [5.8349, 52.22802], [5.83221, 52.2335], [5.82787, 52.24051], [5.82626, 52.24262], [5.82249, 52.24625], [5.81801, 52.24859], [5.79482, 52.25628], [5.79531, 52.25786], [5.7926, 52.25864], [5.79443, 52.25928], [5.79336, 52.26107], [5.79079, 52.26089], [5.785, 52.26647]], [[5.85882, 52.29701], [5.86023, 52.29876], [5.85808, 52.29855], [5.85882, 52.29701]], [[5.87682, 52.28644], [5.87632, 52.27695], [5.87656, 52.27682], [5.87682, 52.28644]], [[5.86998, 52.26464], [5.87052, 52.26309], [5.8731, 52.26352], [5.87268, 52.2649], [5.86998, 52.26464]], [[5.83986, 52.23563], [5.84076, 52.2341], [5.83795, 52.23368], [5.84095, 52.23377], [5.84253, 52.23122], [5.84697, 52.23279], [5.84568, 52.23472], [5.84169, 52.23363], [5.83986, 52.23563]], [[5.79475, 52.26153], [5.7912, 52.26172], [5.79105, 52.26098], [5.79475, 52.26153]], [[5.79516, 52.26163], [5.79691, 52.26353], [5.79442, 52.26277], [5.79516, 52.26163]], [[5.81422, 52.28089], [5.80938, 52.28138], [5.80955, 52.27992], [5.81422, 52.28089]], [[5.81536, 52.30202], [5.81293, 52.30112], [5.81412, 52.29971], [5.81539, 52.29987], [5.81536, 52.30202]], [[5.80424, 52.27971], [5.80616, 52.27773], [5.81004, 52.27703], [5.81039, 52.2786], [5.80424, 52.27971]], [[5.8842, 52.26767], [5.88609, 52.26891], [5.88373, 52.26868], [5.8842, 52.26767]], [[5.87616, 52.26759], [5.87616, 52.26643], [5.87922, 52.26677], [5.879, 52.26773], [5.87616, 52.26759]], [[5.83388, 52.27539], [5.83452, 52.27386], [5.83551, 52.27517], [5.83388, 52.27539]], [[5.87278, 52.31346], [5.87326, 52.3125], [5.87625, 52.31275], [5.87611, 52.31379], [5.87278, 52.31346]], [[5.88835, 52.31234], [5.89127, 52.31187], [5.89199, 52.31303], [5.89011, 52.31343], [5.88835, 52.31234]]], [[[5.78416, 52.28606], [5.78774, 52.28798], [5.78727, 52.28557], [5.78416, 52.28606]]], [[[5.78546, 52.30125], [5.78549, 52.30258], [5.78971, 52.31394], [5.79092, 52.31731], [5.79113, 52.31819], [5.79136, 52.32087], [5.79055, 52.33077], [5.7957, 52.32946], [5.79617, 52.33005], [5.7913, 52.33072], [5.79039, 52.34095], [5.80019, 52.33783], [5.81764, 52.33411], [5.81718, 52.32827], [5.81959, 52.32616], [5.81433, 52.32021], [5.81441, 52.31894], [5.81448, 52.32035], [5.81946, 52.32569], [5.81891, 52.32387], [5.81738, 52.32326], [5.8154, 52.31976], [5.81793, 52.31791], [5.81178, 52.31117], [5.80417, 52.29941], [5.80175, 52.29788], [5.80101, 52.30004], [5.79802, 52.30087], [5.79566, 52.3011], [5.79431, 52.30099], [5.79379, 52.30055], [5.79122, 52.30053], [5.79011, 52.30282], [5.78573, 52.30275], [5.78546, 52.30125]]], [[[5.79131, 52.32087], [5.79087, 52.31732], [5.78539, 52.30254], [5.79081, 52.31757], [5.79118, 52.32075], [5.79091, 52.32522], [5.79131, 52.32087]]], [[[5.78907, 52.34336], [5.78852, 52.34915], [5.78662, 52.3551], [5.78693, 52.35567], [5.7869, 52.35435], [5.78868, 52.34882], [5.78907, 52.34336]]], [[[5.78923, 52.34463], [5.78874, 52.34905], [5.78642, 52.35817], [5.79171, 52.35912], [5.79558, 52.36219], [5.79578, 52.36093], [5.79638, 52.36106], [5.7975, 52.35963], [5.79798, 52.35954], [5.80139, 52.36023], [5.80214, 52.36009], [5.80271, 52.35952], [5.8055, 52.35833], [5.81274, 52.35854], [5.82333, 52.36186], [5.82327, 52.36213], [5.82391, 52.36236], [5.82415, 52.36278], [5.82406, 52.36476], [5.82174, 52.3672], [5.82276, 52.36764], [5.82274, 52.36844], [5.82561, 52.36969], [5.82766, 52.37121], [5.82821, 52.37201], [5.8282, 52.37292], [5.84702, 52.36635], [5.84597, 52.36494], [5.87008, 52.33952], [5.84626, 52.36474], [5.84711, 52.36631], [5.86921, 52.3578], [5.86824, 52.35655], [5.87036, 52.35528], [5.87232, 52.35699], [5.87588, 52.35694], [5.88302, 52.35727], [5.8926, 52.35813], [5.89256, 52.35477], [5.88988, 52.35393], [5.89255, 52.35372], [5.89213, 52.31695], [5.87282, 52.31845], [5.8688, 52.31783], [5.85859, 52.32154], [5.85338, 52.32193], [5.84412, 52.32803], [5.84208, 52.32839], [5.83837, 52.33022], [5.83781, 52.3304], [5.83671, 52.33061], [5.83843, 52.33439], [5.83202, 52.33287], [5.83845, 52.33575], [5.83307, 52.33348], [5.83528, 52.33488], [5.83537, 52.33843], [5.83139, 52.3372], [5.83044, 52.33916], [5.82304, 52.3378], [5.82245, 52.33283], [5.81882, 52.33395], [5.81921, 52.33518], [5.81335, 52.33522], [5.81544, 52.33785], [5.81563, 52.3393], [5.82066, 52.34116], [5.82003, 52.34181], [5.82428, 52.34295], [5.82286, 52.34491], [5.83322, 52.34711], [5.83204, 52.34931], [5.82926, 52.34934], [5.82625, 52.35199], [5.82284, 52.34869], [5.8241, 52.348], [5.81746, 52.34426], [5.8205, 52.34118], [5.81561, 52.33936], [5.81352, 52.33557], [5.81094, 52.3375], [5.80903, 52.33753], [5.81325, 52.33525], [5.7993, 52.33822], [5.79247, 52.34086], [5.78962, 52.3411], [5.79032, 52.34259], [5.79249, 52.34114], [5.79391, 52.34325], [5.79233, 52.34256], [5.79013, 52.34323], [5.78928, 52.34257], [5.78919, 52.34333], [5.79253, 52.34328], [5.78923, 52.34463]], [[5.8108, 52.34604], [5.81057, 52.3446], [5.81202, 52.3451], [5.8143, 52.34689], [5.81369, 52.34888], [5.80783, 52.34714], [5.8108, 52.34604]], [[5.80755, 52.34913], [5.80581, 52.35083], [5.80427, 52.34771], [5.80755, 52.34913]], [[5.80299, 52.34845], [5.80194, 52.34602], [5.80442, 52.34683], [5.80299, 52.34845]], [[5.79933, 52.35163], [5.79625, 52.35212], [5.79791, 52.34802], [5.79933, 52.35163]], [[5.78971, 52.35429], [5.79323, 52.35715], [5.79038, 52.3582], [5.78692, 52.35635], [5.78971, 52.35429]], [[5.88455, 52.3493], [5.88515, 52.35123], [5.88251, 52.35139], [5.88174, 52.34918], [5.88455, 52.3493]]], [[[5.79491, 52.36384], [5.78577, 52.36277], [5.7834, 52.369], [5.78587, 52.36992], [5.79273, 52.36465], [5.79442, 52.36429], [5.79491, 52.36384]]], [[[5.78529, 52.0196], [5.78843, 52.01882], [5.78506, 52.01861], [5.78529, 52.0196]]], [[[5.7874, 52.03061], [5.79014, 52.02969], [5.79172, 52.02886], [5.79808, 52.02443], [5.79134, 52.02895], [5.78951, 52.02985], [5.78758, 52.03022], [5.7874, 52.03061]]], [[[5.79003, 52.02983], [5.78532, 52.03125], [5.78851, 52.03049], [5.79087, 52.02954], [5.79177, 52.02906], [5.79842, 52.02462], [5.79177, 52.02896], [5.79003, 52.02983]]], [[[5.79377, 52.10313], [5.79206, 52.1016], [5.78764, 52.10277], [5.79074, 52.10234], [5.79377, 52.10313]]], [[[5.79023, 52.18919], [5.78232, 52.18869], [5.78099, 52.18894], [5.7896, 52.19001], [5.79411, 52.19166], [5.79533, 52.1901], [5.794, 52.18997], [5.79068, 52.18903], [5.79117, 52.18768], [5.79312, 52.18941], [5.79099, 52.18657], [5.79023, 52.18919]]], [[[5.79097, 52.33315], [5.79119, 52.33075], [5.79029, 52.33346], [5.79097, 52.33315]]], [[[5.78732, 52.36136], [5.79521, 52.36334], [5.79574, 52.36224], [5.79414, 52.36272], [5.79166, 52.35915], [5.78639, 52.35825], [5.78732, 52.36136]]], [[[5.79085, 52.37139], [5.78962, 52.3714], [5.79053, 52.37033], [5.79247, 52.37095], [5.79428, 52.36987], [5.78874, 52.36818], [5.78773, 52.37121], [5.7898, 52.36969], [5.792, 52.37016], [5.78986, 52.36987], [5.78933, 52.37148], [5.79085, 52.37139]]], [[[5.79392, 52.10313], [5.80168, 52.10351], [5.80363, 52.10095], [5.80466, 52.1002], [5.80594, 52.09974], [5.80921, 52.09946], [5.81334, 52.09841], [5.8132, 52.09824], [5.79315, 52.10146], [5.79392, 52.10313]]], [[[5.80185, 52.10369], [5.79392, 52.10317], [5.79474, 52.10424], [5.79237, 52.10584], [5.80435, 52.10919], [5.80185, 52.10369]]], [[[5.79427, 52.2835], [5.79663, 52.2864], [5.80395, 52.27971], [5.7965, 52.28177], [5.79427, 52.2835]]], [[[5.79878, 52.30037], [5.79411, 52.30075], [5.79733, 52.30092], [5.80098, 52.29999], [5.80168, 52.29787], [5.79878, 52.30037]]], [[[5.80044, 52.36171], [5.80216, 52.36022], [5.79911, 52.36086], [5.79787, 52.35957], [5.79596, 52.36198], [5.80044, 52.36171]]], [[[5.79529, 52.36336], [5.81235, 52.36816], [5.81949, 52.37205], [5.81665, 52.37005], [5.81543, 52.36655], [5.80819, 52.36541], [5.80525, 52.36366], [5.8155, 52.36654], [5.82043, 52.37177], [5.82354, 52.36942], [5.82261, 52.36831], [5.82271, 52.36766], [5.82178, 52.36733], [5.82169, 52.36713], [5.82392, 52.36241], [5.8127, 52.35863], [5.8054, 52.35837], [5.80261, 52.35963], [5.80206, 52.36063], [5.80056, 52.36171], [5.80516, 52.36362], [5.80047, 52.36175], [5.79589, 52.36209], [5.79529, 52.36336]]], [[[5.80989, 52.36794], [5.79496, 52.36394], [5.79459, 52.3643], [5.79514, 52.36415], [5.79778, 52.36472], [5.80514, 52.36679], [5.80691, 52.36765], [5.80758, 52.36756], [5.80935, 52.36823], [5.81176, 52.36947], [5.81296, 52.36987], [5.81378, 52.36986], [5.81414, 52.36996], [5.8145, 52.37013], [5.81456, 52.37141], [5.81847, 52.37241], [5.8134, 52.36944], [5.81099, 52.36894], [5.80989, 52.36794]]], [[[5.79337, 52.36562], [5.7973, 52.36699], [5.79856, 52.36554], [5.79468, 52.36484], [5.79515, 52.36465], [5.80572, 52.36721], [5.81083, 52.37079], [5.81314, 52.37022], [5.81268, 52.37191], [5.81394, 52.37133], [5.81228, 52.37432], [5.80458, 52.37231], [5.80483, 52.37324], [5.80691, 52.37372], [5.80783, 52.37452], [5.80957, 52.37425], [5.81092, 52.37484], [5.81423, 52.37386], [5.81413, 52.36999], [5.81296, 52.3699], [5.81173, 52.36949], [5.80932, 52.36825], [5.80686, 52.36766], [5.8051, 52.36681], [5.79521, 52.36418], [5.79337, 52.36562]]], [[[5.80355, 52.37171], [5.80345, 52.37014], [5.8004, 52.36915], [5.79596, 52.37001], [5.79856, 52.37229], [5.80057, 52.37092], [5.79942, 52.37056], [5.79943, 52.36977], [5.80355, 52.37171]]], [[[5.79481, 52.37081], [5.79438, 52.37231], [5.79482, 52.37242], [5.79571, 52.37091], [5.79675, 52.37093], [5.79481, 52.37081]]], [[[5.7952, 52.37288], [5.79779, 52.37353], [5.79889, 52.37295], [5.79603, 52.3722], [5.79681, 52.37098], [5.7952, 52.37288]]], [[[5.80366, 52.10101], [5.80181, 52.10352], [5.80448, 52.10922], [5.82372, 52.11443], [5.82653, 52.11629], [5.82781, 52.11452], [5.83171, 52.11336], [5.83408, 52.11227], [5.83418, 52.11138], [5.83173, 52.10972], [5.83067, 52.10838], [5.8332, 52.1068], [5.83419, 52.10457], [5.83237, 52.10198], [5.82733, 52.10125], [5.82338, 52.09987], [5.8209, 52.0983], [5.81871, 52.09806], [5.80366, 52.10101]]], [[[5.80233, 52.37223], [5.80048, 52.37115], [5.79949, 52.37239], [5.80233, 52.37223]]], [[[5.80379, 52.37238], [5.80123, 52.37424], [5.80681, 52.37558], [5.7983, 52.37384], [5.79605, 52.37677], [5.79874, 52.37722], [5.79754, 52.37871], [5.81429, 52.37733], [5.8075, 52.37556], [5.81455, 52.37695], [5.81665, 52.37608], [5.81432, 52.37393], [5.81095, 52.37494], [5.80779, 52.37455], [5.80494, 52.37336], [5.80379, 52.37238]]], [[[5.81041, 52.00777], [5.80264, 52.0078], [5.80405, 52.00894], [5.80601, 52.00789], [5.80981, 52.01232], [5.80166, 52.0141], [5.80719, 52.01863], [5.80976, 52.01742], [5.80873, 52.01583], [5.81541, 52.01555], [5.81041, 52.00777]]], [[[5.80717, 52.02262], [5.80729, 52.01935], [5.80277, 52.0223], [5.81187, 52.02357], [5.81067, 52.02222], [5.81077, 52.02323], [5.80717, 52.02262]]], [[[5.80486, 52.11222], [5.8129, 52.11773], [5.8174, 52.1181], [5.82403, 52.11752], [5.82585, 52.11679], [5.82712, 52.11684], [5.82357, 52.11446], [5.80457, 52.10932], [5.80486, 52.11222]]], [[[5.79941, 52.12271], [5.81398, 52.12169], [5.81966, 52.12232], [5.83337, 52.12543], [5.83769, 52.12664], [5.85186, 52.13211], [5.85386, 52.12892], [5.85595, 52.12648], [5.84795, 52.12702], [5.84495, 52.12696], [5.81571, 52.12148], [5.79865, 52.12131], [5.79677, 52.12111], [5.79565, 52.12069], [5.79345, 52.12174], [5.79941, 52.12271]]], [[[5.80957, 52.37878], [5.81245, 52.37988], [5.81524, 52.37845], [5.81321, 52.37899], [5.80957, 52.37878]]], [[[5.81698, 52.02231], [5.81559, 52.01606], [5.81195, 52.01723], [5.81329, 52.0191], [5.81098, 52.01943], [5.81079, 52.01751], [5.80794, 52.01894], [5.81199, 52.02359], [5.81698, 52.02231]]], [[[5.81798, 52.09748], [5.8128, 52.09787], [5.81354, 52.09839], [5.8186, 52.098], [5.8208, 52.09822], [5.81798, 52.09748]]], [[[5.81885, 52.37845], [5.82, 52.37923], [5.82034, 52.38045], [5.81577, 52.38565], [5.81876, 52.38407], [5.82056, 52.38497], [5.81841, 52.38531], [5.8173, 52.3906], [5.81895, 52.38877], [5.82112, 52.39119], [5.83099, 52.38434], [5.82444, 52.37934], [5.81457, 52.37743], [5.81298, 52.37844], [5.81687, 52.37793], [5.81885, 52.37845]]], [[[5.81849, 52.3817], [5.81513, 52.38365], [5.81541, 52.38515], [5.81849, 52.3817]]], [[[5.8134, 52.00841], [5.81302, 52.00954], [5.81611, 52.01535], [5.81927, 52.01153], [5.81618, 52.01172], [5.8134, 52.00841]]], [[[5.81556, 52.00922], [5.81428, 52.00822], [5.8152, 52.00962], [5.81603, 52.00929], [5.81762, 52.00893], [5.81753, 52.00774], [5.81428, 52.00776], [5.8171, 52.00793], [5.81556, 52.00922]]], [[[5.81633, 52.01061], [5.81606, 52.00938], [5.81878, 52.00919], [5.81923, 52.01089], [5.81924, 52.00883], [5.81734, 52.00904], [5.81617, 52.00932], [5.81519, 52.00969], [5.81633, 52.01061]]], [[[5.81786, 52.09268], [5.81615, 52.09507], [5.81914, 52.09493], [5.81777, 52.09743], [5.82201, 52.09658], [5.82076, 52.09804], [5.82801, 52.09736], [5.82876, 52.09739], [5.82869, 52.09779], [5.83014, 52.09763], [5.832, 52.09805], [5.83615, 52.09966], [5.83816, 52.10191], [5.84035, 52.1019], [5.84013, 52.10435], [5.84303, 52.10506], [5.84604, 52.10859], [5.84999, 52.10643], [5.84687, 52.10925], [5.87288, 52.11828], [5.87093, 52.11736], [5.8739, 52.11558], [5.87123, 52.11501], [5.87187, 52.11405], [5.87472, 52.11521], [5.87531, 52.11205], [5.87854, 52.10534], [5.87711, 52.10484], [5.87899, 52.10438], [5.87881, 52.09508], [5.87949, 52.08384], [5.8813, 52.07268], [5.88311, 52.06782], [5.88412, 52.06681], [5.88121, 52.06513], [5.88016, 52.06973], [5.87792, 52.07029], [5.87848, 52.07365], [5.87569, 52.07432], [5.87196, 52.06598], [5.87028, 52.06497], [5.86295, 52.06477], [5.86117, 52.06375], [5.86535, 52.06426], [5.8649, 52.05663], [5.86105, 52.05474], [5.86346, 52.05254], [5.86036, 52.05056], [5.85718, 52.05181], [5.85826, 52.04918], [5.85505, 52.04766], [5.85645, 52.04542], [5.85285, 52.04321], [5.85534, 52.0422], [5.85731, 52.04517], [5.86651, 52.04037], [5.86713, 52.0402], [5.86858, 52.04009], [5.87046, 52.03195], [5.86979, 52.03391], [5.86746, 52.03388], [5.86747, 52.03523], [5.86581, 52.03626], [5.8626, 52.03717], [5.85407, 52.03836], [5.85576, 52.03971], [5.85458, 52.03968], [5.85513, 52.04097], [5.85138, 52.04324], [5.85216, 52.04481], [5.85199, 52.04665], [5.84893, 52.05097], [5.85008, 52.05157], [5.84227, 52.06131], [5.8377, 52.06587], [5.83829, 52.0753], [5.8354, 52.0827], [5.83487, 52.08344], [5.8339, 52.08435], [5.83099, 52.0863], [5.81786, 52.09268]], [[5.85933, 52.03797], [5.86032, 52.03923], [5.85812, 52.04027], [5.85651, 52.03821], [5.85933, 52.03797]], [[5.85775, 52.04139], [5.85749, 52.04072], [5.85931, 52.03992], [5.86028, 52.04086], [5.85775, 52.04139]]], [[[5.81767, 52.09743], [5.81553, 52.09594], [5.81477, 52.09749], [5.81767, 52.09743]]], [[[5.81832, 52.32196], [5.81744, 52.32328], [5.8189, 52.3238], [5.81913, 52.3242], [5.81832, 52.32196]]], [[[5.82299, 52.33242], [5.8194, 52.33198], [5.81804, 52.33376], [5.81758, 52.33123], [5.81775, 52.33405], [5.82299, 52.33242]]], [[[5.82032, 52.34454], [5.81791, 52.34428], [5.81887, 52.34302], [5.81774, 52.34439], [5.82032, 52.34454]]], [[[5.82088, 52.34483], [5.8217, 52.34646], [5.82314, 52.34636], [5.82088, 52.34483]]], [[[5.82414, 52.37894], [5.82086, 52.37568], [5.81532, 52.37697], [5.82414, 52.37894]]], [[[5.81735, 52.37869], [5.81878, 52.37973], [5.81852, 52.38167], [5.81999, 52.37952], [5.81735, 52.37869]]], [[[5.82087, 52.00852], [5.82232, 52.01095], [5.82248, 52.00858], [5.81927, 52.00774], [5.81937, 52.01037], [5.82087, 52.00852]]], [[[5.82338, 52.01246], [5.81932, 52.01295], [5.8234, 52.01278], [5.82485, 52.01105], [5.82338, 52.01246]]], [[[5.82042, 52.01409], [5.83032, 52.01112], [5.82836, 52.0077], [5.82987, 52.01062], [5.8234, 52.01287], [5.81855, 52.01306], [5.82042, 52.01409]]], [[[5.81685, 52.01655], [5.82021, 52.02242], [5.82437, 52.02524], [5.82743, 52.02594], [5.82341, 52.02399], [5.82519, 52.02313], [5.82346, 52.02106], [5.82107, 52.02234], [5.81965, 52.02134], [5.8214, 52.01853], [5.81899, 52.01527], [5.81685, 52.01655]]], [[[5.8221, 52.01864], [5.82985, 52.01625], [5.82778, 52.01315], [5.82959, 52.01236], [5.83222, 52.01533], [5.83944, 52.01236], [5.83717, 52.00959], [5.83935, 52.01237], [5.83397, 52.01457], [5.83165, 52.01198], [5.83297, 52.01072], [5.83101, 52.01137], [5.83358, 52.01458], [5.83256, 52.01511], [5.8303, 52.01157], [5.82294, 52.01382], [5.82423, 52.0155], [5.82111, 52.01641], [5.81954, 52.01492], [5.8221, 52.01864]]], [[[5.82139, 52.09825], [5.82581, 52.09802], [5.82687, 52.09808], [5.82872, 52.09751], [5.82139, 52.09825]]], [[[5.82356, 52.36953], [5.82041, 52.37184], [5.82355, 52.37377], [5.82332, 52.37158], [5.82429, 52.37371], [5.82534, 52.37331], [5.82481, 52.37225], [5.82644, 52.37061], [5.82356, 52.36953]]], [[[5.82564, 52.37186], [5.82739, 52.37171], [5.82671, 52.37068], [5.8264, 52.37074], [5.82564, 52.37186]]], [[[5.82782, 52.37153], [5.8253, 52.3734], [5.82432, 52.37373], [5.82361, 52.3738], [5.81953, 52.37207], [5.82337, 52.37436], [5.82795, 52.37281], [5.82782, 52.37153]]], [[[5.8213, 52.39156], [5.82394, 52.39276], [5.82394, 52.39657], [5.8275, 52.3946], [5.82852, 52.39793], [5.82935, 52.39547], [5.83193, 52.39634], [5.83431, 52.39537], [5.833, 52.39766], [5.83869, 52.39808], [5.83676, 52.40132], [5.84125, 52.40181], [5.8442, 52.40564], [5.84857, 52.40199], [5.85216, 52.40412], [5.85556, 52.40064], [5.85437, 52.40195], [5.85907, 52.4022], [5.85514, 52.40583], [5.86708, 52.40836], [5.86931, 52.4096], [5.8686, 52.41031], [5.87675, 52.41445], [5.87781, 52.41106], [5.88054, 52.41214], [5.88186, 52.41102], [5.87775, 52.40887], [5.88203, 52.40614], [5.8775, 52.40339], [5.83805, 52.38681], [5.83322, 52.39024], [5.82796, 52.38675], [5.83076, 52.38462], [5.8213, 52.39156]], [[5.82712, 52.39424], [5.82436, 52.39467], [5.82484, 52.3933], [5.82712, 52.39424]], [[5.87505, 52.40985], [5.87124, 52.41074], [5.87512, 52.40974], [5.87505, 52.40985]], [[5.84502, 52.40115], [5.84781, 52.40155], [5.84711, 52.40312], [5.8447, 52.40236], [5.84502, 52.40115]]], [[[5.82838, 52.10129], [5.8263, 52.09808], [5.82099, 52.09828], [5.82838, 52.10129]]], [[[5.82843, 52.11494], [5.83071, 52.11557], [5.83099, 52.11966], [5.83323, 52.11926], [5.8339, 52.12169], [5.8304, 52.12119], [5.83167, 52.12193], [5.83169, 52.12223], [5.83229, 52.12226], [5.83287, 52.12282], [5.83446, 52.12154], [5.8363, 52.12073], [5.83719, 52.12086], [5.83931, 52.11904], [5.84528, 52.11614], [5.8418, 52.11322], [5.84109, 52.11219], [5.84132, 52.10499], [5.83453, 52.10309], [5.83429, 52.10449], [5.83329, 52.10676], [5.83073, 52.10835], [5.83424, 52.11134], [5.83424, 52.11217], [5.83393, 52.11248], [5.83182, 52.11339], [5.82787, 52.11455], [5.82717, 52.11715], [5.82843, 52.11494]]], [[[5.82705, 52.11722], [5.82348, 52.1176], [5.82432, 52.11783], [5.8258, 52.11778], [5.82653, 52.11798], [5.82756, 52.11931], [5.82913, 52.1198], [5.83031, 52.1212], [5.82705, 52.11722]]], [[[5.84232, 52.36854], [5.82857, 52.3734], [5.83132, 52.37288], [5.84232, 52.36854]]], [[[5.82319, 52.3749], [5.82698, 52.38071], [5.83186, 52.3837], [5.83351, 52.3816], [5.83895, 52.37782], [5.84135, 52.37443], [5.84583, 52.36969], [5.84724, 52.36693], [5.83484, 52.37174], [5.83088, 52.37309], [5.82843, 52.3736], [5.82994, 52.37443], [5.82319, 52.3749]]], [[[5.82845, 52.01053], [5.82816, 52.00771], [5.82777, 52.00771], [5.82845, 52.01053]]], [[[5.84216, 52.00765], [5.82781, 52.01194], [5.827, 52.01229], [5.84216, 52.00765]]], [[[5.83084, 52.01599], [5.82207, 52.01895], [5.82569, 52.0183], [5.82599, 52.01885], [5.82308, 52.02014], [5.8233, 52.02037], [5.8265, 52.01889], [5.8289, 52.01971], [5.82416, 52.02143], [5.82933, 52.02395], [5.82845, 52.02543], [5.82693, 52.02486], [5.82779, 52.02591], [5.83387, 52.02677], [5.83705, 52.02279], [5.84974, 52.01658], [5.84672, 52.00944], [5.83084, 52.01599]], [[5.84103, 52.01602], [5.83554, 52.01707], [5.83447, 52.0156], [5.84156, 52.0145], [5.84103, 52.01602]], [[5.8318, 52.02134], [5.83153, 52.02507], [5.82917, 52.02207], [5.8318, 52.02134]], [[5.8302, 52.01946], [5.82766, 52.01781], [5.83041, 52.01667], [5.83315, 52.01839], [5.8302, 52.01946]], [[5.83412, 52.02253], [5.832, 52.0192], [5.8343, 52.01882], [5.83632, 52.02188], [5.83412, 52.02253]], [[5.84318, 52.01425], [5.83967, 52.01367], [5.84034, 52.01251], [5.84318, 52.01425]]], [[[5.83224, 52.02751], [5.82867, 52.02696], [5.83443, 52.03306], [5.86642, 52.03188], [5.8564, 52.03213], [5.85625, 52.02931], [5.86696, 52.03061], [5.86787, 52.02766], [5.86669, 52.03181], [5.86966, 52.03174], [5.87108, 52.02882], [5.86921, 52.02917], [5.86936, 52.02789], [5.87115, 52.02854], [5.87164, 52.0265], [5.85957, 52.02856], [5.84522, 52.0288], [5.84665, 52.02955], [5.83717, 52.02811], [5.83419, 52.03076], [5.83224, 52.02751]], [[5.84541, 52.03059], [5.84661, 52.03236], [5.84394, 52.03249], [5.84332, 52.03092], [5.84541, 52.03059]]], [[[5.83164, 52.12223], [5.83164, 52.12195], [5.8304, 52.12125], [5.83118, 52.12264], [5.83282, 52.12285], [5.83164, 52.12223]]], [[[5.83065, 52.1844], [5.83345, 52.18344], [5.83251, 52.18231], [5.82952, 52.18299], [5.83027, 52.18482], [5.82761, 52.1847], [5.82832, 52.1865], [5.83372, 52.18439], [5.83065, 52.1844]]], [[[5.83163, 52.00769], [5.83146, 52.01077], [5.8418, 52.00765], [5.83163, 52.00769]]], [[[5.82964, 52.0981], [5.82863, 52.1013], [5.83244, 52.10193], [5.84081, 52.10475], [5.84011, 52.1044], [5.8361, 52.09972], [5.82964, 52.0981]]], [[[5.83714, 52.1209], [5.83435, 52.12243], [5.83311, 52.1228], [5.83504, 52.12233], [5.83714, 52.1209]]], [[[5.8441, 52.19163], [5.84244, 52.19449], [5.84126, 52.19476], [5.84044, 52.19421], [5.8413, 52.19321], [5.83227, 52.19885], [5.83764, 52.19996], [5.84157, 52.19844], [5.8441, 52.19163]]], [[[5.83599, 52.38226], [5.85383, 52.39001], [5.88756, 52.40648], [5.83997, 52.38421], [5.83443, 52.38217], [5.83181, 52.3839], [5.85743, 52.39271], [5.88848, 52.40866], [5.88459, 52.40663], [5.88913, 52.40791], [5.89273, 52.40062], [5.88483, 52.39711], [5.88186, 52.39799], [5.8804, 52.39699], [5.88195, 52.39568], [5.87711, 52.39366], [5.87726, 52.39335], [5.85535, 52.38269], [5.84281, 52.37622], [5.89275, 52.40054], [5.89276, 52.3718], [5.8758, 52.35803], [5.89276, 52.37172], [5.89261, 52.35856], [5.87241, 52.35714], [5.872, 52.35926], [5.86961, 52.35802], [5.87074, 52.35731], [5.8487, 52.36616], [5.84729, 52.36693], [5.84588, 52.3697], [5.83908, 52.3778], [5.83623, 52.3798], [5.83599, 52.38226]], [[5.88068, 52.38023], [5.88052, 52.37881], [5.88207, 52.37884], [5.88267, 52.3799], [5.88068, 52.38023]]], [[[5.84347, 52.10575], [5.84115, 52.10486], [5.84148, 52.10504], [5.84161, 52.10522], [5.84153, 52.10964], [5.8421, 52.11055], [5.84165, 52.1115], [5.84301, 52.11229], [5.84694, 52.10943], [5.84593, 52.10863], [5.84347, 52.10575]]], [[[5.83729, 52.12087], [5.84565, 52.11614], [5.83936, 52.11907], [5.83729, 52.12087]]], [[[5.84216, 52.19921], [5.8465, 52.19857], [5.84435, 52.2003], [5.83987, 52.19984], [5.84422, 52.20039], [5.84105, 52.20116], [5.8529, 52.20193], [5.85601, 52.20257], [5.85761, 52.20323], [5.86244, 52.20821], [5.8711, 52.20932], [5.86968, 52.21002], [5.87074, 52.21088], [5.87145, 52.21251], [5.87367, 52.21386], [5.87297, 52.21696], [5.87449, 52.21528], [5.87815, 52.21671], [5.87825, 52.21889], [5.89104, 52.22024], [5.89066, 52.18664], [5.88874, 52.18883], [5.89043, 52.1904], [5.88864, 52.1919], [5.87223, 52.19557], [5.88854, 52.19185], [5.88807, 52.19015], [5.88938, 52.18675], [5.88705, 52.1858], [5.84867, 52.19023], [5.84425, 52.19169], [5.84216, 52.19921]], [[5.8773, 52.19607], [5.8745, 52.19742], [5.87316, 52.19562], [5.88022, 52.19414], [5.88042, 52.19604], [5.87863, 52.19707], [5.8773, 52.19607]]], [[[5.8376, 52.00939], [5.83951, 52.01233], [5.84669, 52.00936], [5.8459, 52.00768], [5.84093, 52.01025], [5.83949, 52.00877], [5.8376, 52.00939]]], [[[5.84876, 52.02632], [5.85495, 52.02334], [5.87108, 52.026], [5.86874, 52.02541], [5.87122, 52.02168], [5.86142, 52.02088], [5.86065, 52.01903], [5.8619, 52.017], [5.86914, 52.01197], [5.86898, 52.01007], [5.86617, 52.00926], [5.86849, 52.01057], [5.86728, 52.01139], [5.86363, 52.00871], [5.84985, 52.00762], [5.8494, 52.00934], [5.84596, 52.00764], [5.84986, 52.0166], [5.84012, 52.02164], [5.84173, 52.02302], [5.83664, 52.0235], [5.84459, 52.02836], [5.85495, 52.02834], [5.84876, 52.02632]], [[5.85745, 52.02082], [5.8562, 52.01991], [5.8577, 52.01844], [5.86021, 52.01934], [5.85745, 52.02082]], [[5.84728, 52.00883], [5.84955, 52.00954], [5.84857, 52.0107], [5.8473, 52.00997], [5.84728, 52.00883]], [[5.84897, 52.01861], [5.85017, 52.01677], [5.85121, 52.01714], [5.84897, 52.01861]], [[5.85039, 52.01885], [5.85374, 52.02129], [5.85247, 52.02263], [5.84629, 52.02024], [5.85039, 52.01885]], [[5.86242, 52.01385], [5.8634, 52.01162], [5.8648, 52.01155], [5.86445, 52.01332], [5.86242, 52.01385]]], [[[5.84442, 52.11159], [5.84657, 52.11001], [5.8479, 52.10965], [5.84716, 52.10943], [5.84312, 52.11239], [5.85149, 52.1188], [5.86946, 52.11721], [5.84794, 52.10966], [5.84442, 52.11159]]], [[[5.84635, 52.11656], [5.84442, 52.1136], [5.84305, 52.11245], [5.84199, 52.11325], [5.84635, 52.11656]]], [[[5.85275, 52.202], [5.84398, 52.20172], [5.85508, 52.20246], [5.85275, 52.202]]], [[[5.84777, 52.04276], [5.84695, 52.04438], [5.85135, 52.04563], [5.85162, 52.0441], [5.84791, 52.04281], [5.85113, 52.04367], [5.85131, 52.04313], [5.85189, 52.04266], [5.85496, 52.04094], [5.85475, 52.04035], [5.84777, 52.04276]]], [[[5.84871, 52.13366], [5.84998, 52.13482], [5.85068, 52.13354], [5.84871, 52.13366]]], [[[5.86933, 52.11734], [5.85144, 52.11883], [5.84761, 52.11592], [5.84641, 52.1166], [5.85576, 52.12375], [5.85932, 52.12436], [5.86044, 52.12359], [5.86344, 52.12287], [5.86933, 52.11734]]], [[[5.86757, 52.12485], [5.87288, 52.1184], [5.86956, 52.11725], [5.86765, 52.11906], [5.87034, 52.11772], [5.87163, 52.11907], [5.86978, 52.12017], [5.8676, 52.1191], [5.86359, 52.1229], [5.86075, 52.12355], [5.8596, 52.12436], [5.85901, 52.12437], [5.85565, 52.12377], [5.84632, 52.11665], [5.83687, 52.12113], [5.8361, 52.12301], [5.83455, 52.12254], [5.83214, 52.12369], [5.83409, 52.12311], [5.83509, 52.1246], [5.8331, 52.12454], [5.84532, 52.12688], [5.86052, 52.12584], [5.86757, 52.12485]]], [[[5.85149, 52.13377], [5.8495, 52.13612], [5.84991, 52.13634], [5.85149, 52.13377]]], [[[5.85484, 52.18651], [5.85803, 52.1871], [5.88611, 52.1851], [5.8575, 52.17895], [5.85048, 52.18262], [5.84545, 52.18392], [5.84454, 52.19015], [5.85484, 52.18651]], [[5.8457, 52.18577], [5.84869, 52.18665], [5.84544, 52.18669], [5.8457, 52.18577]]], [[[5.85453, 52.40743], [5.85279, 52.40893], [5.85563, 52.40974], [5.85673, 52.40834], [5.85453, 52.40743]]], [[[5.86571, 52.03616], [5.86189, 52.03715], [5.85636, 52.03794], [5.86254, 52.03713], [5.86565, 52.03627], [5.86739, 52.03428], [5.86571, 52.03616]]], [[[5.86509, 52.20863], [5.86271, 52.2084], [5.86011, 52.20687], [5.85915, 52.20537], [5.85792, 52.20397], [5.85988, 52.20674], [5.86235, 52.20838], [5.86523, 52.20869], [5.86752, 52.20923], [5.8694, 52.21002], [5.87067, 52.21097], [5.86972, 52.21012], [5.86782, 52.20919], [5.86509, 52.20863]]], [[[5.86395, 52.01572], [5.86153, 52.01986], [5.8648, 52.01867], [5.86635, 52.02119], [5.87306, 52.02117], [5.87477, 52.01721], [5.87155, 52.01686], [5.87251, 52.01132], [5.86908, 52.0101], [5.86921, 52.01206], [5.86395, 52.01572]], [[5.86365, 52.01659], [5.86544, 52.01493], [5.86774, 52.01625], [5.86365, 52.01659]]], [[[5.8632, 52.02504], [5.86317, 52.0276], [5.87122, 52.02605], [5.86133, 52.02464], [5.8632, 52.02504]]], [[[5.86894, 52.31775], [5.87282, 52.3184], [5.89213, 52.31684], [5.87276, 52.31833], [5.86899, 52.31766], [5.86487, 52.31917], [5.86894, 52.31775]]], [[[5.86629, 52.4083], [5.86822, 52.41048], [5.86916, 52.40962], [5.86629, 52.4083]]], [[[5.87599, 52.0397], [5.87353, 52.03829], [5.87439, 52.03241], [5.87055, 52.03197], [5.86885, 52.03938], [5.87294, 52.04012], [5.86938, 52.04012], [5.87086, 52.0419], [5.87492, 52.04091], [5.88242, 52.04218], [5.88409, 52.04322], [5.8752, 52.04227], [5.88598, 52.04523], [5.88385, 52.04199], [5.88093, 52.04144], [5.88237, 52.03623], [5.87829, 52.03589], [5.87936, 52.03785], [5.87599, 52.0397]]], [[[5.86689, 52.04031], [5.86852, 52.04166], [5.87063, 52.04166], [5.86892, 52.03967], [5.86858, 52.04018], [5.86689, 52.04031]]], [[[5.87345, 52.12173], [5.87471, 52.12356], [5.87721, 52.12319], [5.87907, 52.12388], [5.87911, 52.12256], [5.87485, 52.12282], [5.87503, 52.12162], [5.8791, 52.12245], [5.87708, 52.1199], [5.87345, 52.12173]]], [[[5.86821, 52.12458], [5.87479, 52.12407], [5.8729, 52.12191], [5.86821, 52.12458]]], [[[5.87676, 52.12357], [5.87515, 52.12412], [5.87703, 52.12494], [5.87676, 52.12357]]], [[[5.87902, 52.2228], [5.86294, 52.2322], [5.89117, 52.23227], [5.89104, 52.22043], [5.88067, 52.21945], [5.88381, 52.22273], [5.88153, 52.22452], [5.87902, 52.2228]]], [[[5.88156, 52.23264], [5.86292, 52.23224], [5.86645, 52.2327], [5.88156, 52.23264]]], [[[5.87689, 52.01379], [5.87208, 52.02586], [5.88636, 52.02191], [5.87689, 52.01379]]], [[[5.88634, 52.02239], [5.87247, 52.02634], [5.8717, 52.02735], [5.87435, 52.0277], [5.87229, 52.02782], [5.87416, 52.02858], [5.87426, 52.02929], [5.8713, 52.02905], [5.87106, 52.03165], [5.88795, 52.03434], [5.88869, 52.02773], [5.88634, 52.02239]]], [[[5.87112, 52.03178], [5.88732, 52.03437], [5.88792, 52.03439], [5.87112, 52.03178]]], [[[5.87981, 52.06363], [5.8755, 52.06467], [5.87789, 52.06946], [5.87929, 52.06911], [5.87981, 52.06363]]], [[[5.88381, 52.10333], [5.87913, 52.10343], [5.87899, 52.1047], [5.87758, 52.10733], [5.87992, 52.10668], [5.88082, 52.10825], [5.87751, 52.10894], [5.8821, 52.11154], [5.87756, 52.1118], [5.87577, 52.11353], [5.87533, 52.11252], [5.87518, 52.11402], [5.88143, 52.11568], [5.88429, 52.11863], [5.88989, 52.1184], [5.88987, 52.11708], [5.88507, 52.11653], [5.88986, 52.11555], [5.8897, 52.10199], [5.88223, 52.10631], [5.88381, 52.10333]], [[5.88554, 52.11168], [5.88491, 52.11643], [5.8831, 52.11602], [5.88353, 52.11177], [5.88554, 52.11168]]], [[[5.88303, 52.12526], [5.88067, 52.12442], [5.88165, 52.12495], [5.88158, 52.1269], [5.88303, 52.12526]]], [[[5.88139, 52.12626], [5.87772, 52.12555], [5.88025, 52.1279], [5.88139, 52.12626]]], [[[5.88319, 52.1273], [5.88501, 52.12714], [5.88522, 52.12603], [5.88369, 52.12482], [5.88493, 52.12612], [5.88319, 52.1273]]], [[[5.88244, 52.12761], [5.88179, 52.12941], [5.88386, 52.13127], [5.88721, 52.12765], [5.88353, 52.12912], [5.88244, 52.12761]]], [[[5.87778, 52.12647], [5.87938, 52.12838], [5.88026, 52.13196], [5.88176, 52.13354], [5.8838, 52.13134], [5.87778, 52.12647]]], [[[5.87988, 52.23287], [5.87875, 52.23348], [5.8819, 52.23297], [5.8896, 52.23289], [5.87988, 52.23287]]], [[[5.8926, 52.35832], [5.87706, 52.35704], [5.87706, 52.35708], [5.8926, 52.35832]]], [[[5.89064, 52.35822], [5.87706, 52.35714], [5.8908, 52.35838], [5.89064, 52.35822]]], [[[5.88653, 52.03895], [5.88783, 52.03457], [5.88316, 52.03379], [5.88195, 52.03848], [5.88653, 52.03895]]], [[[5.88884, 52.03826], [5.88688, 52.03823], [5.88569, 52.04198], [5.88903, 52.04236], [5.88884, 52.03826]]], [[[5.88456, 52.0398], [5.88191, 52.03857], [5.8811, 52.04145], [5.88551, 52.04207], [5.88652, 52.03902], [5.88456, 52.0398]]], [[[5.88905, 52.04349], [5.88696, 52.04484], [5.88911, 52.049], [5.88905, 52.04349]]], [[[5.88932, 52.06835], [5.88353, 52.06744], [5.88142, 52.07265], [5.87951, 52.08567], [5.87984, 52.08434], [5.88223, 52.08431], [5.88706, 52.08619], [5.88697, 52.08889], [5.88956, 52.08888], [5.88932, 52.06835]]], [[[5.8878, 52.09617], [5.87921, 52.09451], [5.87934, 52.08897], [5.8789, 52.09519], [5.87913, 52.10336], [5.87926, 52.09647], [5.88895, 52.0964], [5.88891, 52.10036], [5.8896, 52.09286], [5.8878, 52.09617]]], [[[5.88586, 52.12068], [5.884, 52.12342], [5.88689, 52.12428], [5.88346, 52.12453], [5.88729, 52.12757], [5.88973, 52.12309], [5.88586, 52.12068]]], [[[5.88996, 52.125], [5.88829, 52.12678], [5.88983, 52.12778], [5.88822, 52.12686], [5.88399, 52.1314], [5.888, 52.13272], [5.88603, 52.13332], [5.8901, 52.13714], [5.88905, 52.13591], [5.89008, 52.13536], [5.88996, 52.125]]], [[[5.88882, 52.13606], [5.88386, 52.13141], [5.88229, 52.13412], [5.88569, 52.13734], [5.88597, 52.13814], [5.88616, 52.14026], [5.88845, 52.13862], [5.88633, 52.13757], [5.88826, 52.13822], [5.88744, 52.1371], [5.88918, 52.13809], [5.8901, 52.13724], [5.88887, 52.1361], [5.888, 52.1368], [5.88575, 52.13736], [5.88882, 52.13606]]], [[[5.88656, 52.14008], [5.8854, 52.14951], [5.8903, 52.15484], [5.8901, 52.13757], [5.88656, 52.14008]]], [[[5.89024, 52.17234], [5.88863, 52.17865], [5.88494, 52.1788], [5.88229, 52.18388], [5.88543, 52.18436], [5.8847, 52.18086], [5.88714, 52.17986], [5.88551, 52.18434], [5.88828, 52.18466], [5.88633, 52.18507], [5.89063, 52.18461], [5.89024, 52.17234]]]]}}]}